source,raw_name,original_price,discount_price,url,crawled_date
GearVN,Card màn hình ZOTAC GAMING GeForce RTX 5070 SOLID OC (ZT-B50700J-10P),21990000,21490000,https://gearvn.com/collections/vga-rtx-50-series,08/05/2026 09:28:01
GearVN,Card màn hình MSI GeForce RTX 5070 Ti 16GB Shadow 3X OC,32990000,31990000,https://gearvn.com/collections/vga-rtx-50-series,08/05/2026 09:28:01
GearVN,Card màn hình MSI GeForce RTX 5060 Ti Shadow 2X OC Plus 8GB,13490000,12990000,https://gearvn.com/collections/vga-rtx-50-series,08/05/2026 09:28:01
GearVN,Card màn hình Gigabyte GeForce RTX 5060 Windforce Max OC 8GB,11990000,11490000,https://gearvn.com/collections/vga-rtx-50-series,08/05/2026 09:28:01
GearVN,Card màn hình Zotac GEFORCE RTX 5050 TWIN EDGE OC 8GB GDDR6,9490000,8990000,https://gearvn.com/collections/vga-rtx-50-series,08/05/2026 09:28:01
GearVN,Card màn hình MSI GeForce RTX 5070 Ti 16G VENTUS 3X PZ OC,33990000,32990000,https://gearvn.com/collections/vga-rtx-50-series,08/05/2026 09:28:01
GearVN,Card màn hình Zotac GeForce RTX 5060 Ti 16GB Twin Edge OC,16990000,15990000,https://gearvn.com/collections/vga-rtx-50-series,08/05/2026 09:28:01
GearVN,Card màn hình MSI GeForce RTX 5060 Ventus 2X OC 8GB,11990000,10990000,https://gearvn.com/collections/vga-rtx-50-series,08/05/2026 09:28:01
GearVN,Card màn hình MSI GeForce RTX 5060 Ventus 2X OC White 8GB,11990000,11490000,https://gearvn.com/collections/vga-rtx-50-series,08/05/2026 09:28:01
GearVN,Card màn hình Gigabyte GeForce RTX 5060 Eagle Ice OC 8GB,11690000,9990000,https://gearvn.com/collections/vga-rtx-50-series,08/05/2026 09:28:01
GearVN,Card màn hình Asus GeForce RTX 5060 Ti DUAL OC 16GB,21490000,19990000,https://gearvn.com/collections/vga-rtx-50-series,08/05/2026 09:28:01
GearVN,Card màn hình MSI GeForce RTX 5080 16G VENTUS 3X OC White,53990000,49990000,https://gearvn.com/collections/vga-rtx-50-series,08/05/2026 09:28:01
GearVN,Card màn hình MSI GeForce RTX 5080 16G VENTUS 3X OC PLUS,39990000,38990000,https://gearvn.com/collections/vga-rtx-50-series,08/05/2026 09:28:01
GearVN,Card màn hình GIGABYTE GeForce RTX 5070 WINDFORCE OC SFF 12G (GV-N5070WF3OC-12GD),25490000,22990000,https://gearvn.com/collections/vga-rtx-50-series,08/05/2026 09:28:01
GearVN,Card màn hình GIGABYTE GeForce RTX 5070 Ti EAGLE OC ICE SFF 16G (GV-N507TEAGLEOC ICE-16GD),32990000,31490000,https://gearvn.com/collections/vga-rtx-50-series,08/05/2026 09:28:01
GearVN,Card màn hình MSI GeForce RTX 5080 16G GAMING TRIO OC,54990000,49990000,https://gearvn.com/collections/vga-rtx-50-series,08/05/2026 09:28:01
GearVN,Card màn hình MSI GeForce RTX 5080 16G SUPRIM SOC,0,44690000,https://gearvn.com/collections/vga-rtx-50-series,08/05/2026 09:28:01
GearVN,Card màn hình ASUS TUF Gaming GeForce RTX 5080 16GB GDDR7 OC Edition (TUF-RTX5080-O16G-GAMING),49990000,46990000,https://gearvn.com/collections/vga-rtx-50-series,08/05/2026 09:28:01
GearVN,Card màn hình ASUS ROG Astral GeForce RTX 5080 16GB GDDR7 OC Edition (ROG-ASTRAL-RTX5080-O16G-GAMING),59990000,57990000,https://gearvn.com/collections/vga-rtx-50-series,08/05/2026 09:28:01
GearVN,Card màn hình ASUS TUF Gaming GeForce RTX 5090 32GB GDDR7 OC Edition (TUF-RTX5090-O32G-GAMING),129990000,124990000,https://gearvn.com/collections/vga-rtx-50-series,08/05/2026 09:28:01
GearVN,Card màn hình ASUS ROG Astral GeForce RTX 5090 32GB GDDR7 OC Edition (ROG-ASTRAL-RTX5090-O32G-GAMING),135000000,134990000,https://gearvn.com/collections/vga-rtx-50-series,08/05/2026 09:28:01
GearVN,Card màn hình MSI GeForce RTX 5090 LIGHTNING Z 32GB,209990000,199990000,https://gearvn.com/collections/vga-rtx-50-series,08/05/2026 09:28:01
GearVN,Card màn hình Zotac GEFORCE RTX 5060 Ti 8GB TWIN EDGE GDDR7,13490000,12490000,https://gearvn.com/collections/vga-rtx-50-series,08/05/2026 09:28:01
GearVN,Card màn hình Zotac GeForce RTX 5060 Ti 16GB Twin Edge,15990000,14990000,https://gearvn.com/collections/vga-rtx-50-series,08/05/2026 09:28:01
GearVN,Card màn hình ZOTAC GAMING GeForce RTX 5070 AMP White Edition (ZT-B50700FQ-10P),19990000,18990000,https://gearvn.com/collections/vga-rtx-50-series,08/05/2026 09:28:01
GearVN,Card màn hình MSI GeForce RTX 5070 Ti 16G VENTUS 3X OC,28490000,27990000,https://gearvn.com/collections/vga-rtx-50-series,08/05/2026 09:28:01
GearVN,Card màn hình ASUS ROG Matrix Platinum GeForce RTX 5090 32GB GDDR7 30th Anniversary Edition,0,188000000,https://gearvn.com/collections/vga-rtx-50-series,08/05/2026 09:28:01
GearVN,Card màn hình ASUS Prime GeForce RTX 5070 12GB GDDR7 OC White Edition,20990000,20490000,https://gearvn.com/collections/vga-rtx-50-series,08/05/2026 09:28:01
GearVN,Card màn hình MSI GeForce RTX 5060 Ti Shadow 2X OC Plus 16GB,14990000,14490000,https://gearvn.com/collections/vga-rtx-50-series,08/05/2026 09:28:01
GearVN,Card màn hình ASUS ROG Astral GeForce RTX 5090 32GB GDDR7 BTF Edition,104990000,103990000,https://gearvn.com/collections/vga-rtx-50-series,08/05/2026 09:28:01
GearVN,Card màn hình MSI GeForce RTX 5070 Ti 16G MLG EDITION,0,32990000,https://gearvn.com/collections/vga-rtx-50-series,08/05/2026 09:28:01
GearVN,Card màn hình ASUS ROG Astral GeForce RTX 5080 16GB GDDR7 Hatsune Miku Edition,0,54120000,https://gearvn.com/collections/vga-rtx-50-series,08/05/2026 09:28:01
GearVN,Card màn hình ASUS ROG Astral GeForce RTX 5080 16GB GDDR7 OC Edition (ROG-ASTRAL-RTX5080-O16G-GAMING) White Edition,54990000,53990000,https://gearvn.com/collections/vga-rtx-50-series,08/05/2026 09:28:01
GearVN,Card màn hình ASUS ROG Astral GeForce RTX 5090 32GB GDDR7 OC White Edition (ROG-ASTRAL-RTX5090-O32G-GAMING-WHITE),114990000,102990000,https://gearvn.com/collections/vga-rtx-50-series,08/05/2026 09:28:01
GearVN,Card màn hình Asus GeForce RTX 5060 DUAL OC 8GB,10990000,9790000,https://gearvn.com/collections/vga-rtx-50-series,08/05/2026 09:28:01
GearVN,Card màn hình ASUS GeForce RTX 5050 Dual 8GB,8290000,7890000,https://gearvn.com/collections/vga-rtx-50-series,08/05/2026 09:28:01
GearVN,Card màn hình ASUS GeForce RTX 5050 Prime 8GB,9590000,9390000,https://gearvn.com/collections/vga-rtx-50-series,08/05/2026 09:28:01
GearVN,Card màn hình MSI GeForce RTX 5070 Ti 16G GAMING TRIO OC,31990000,29490000,https://gearvn.com/collections/vga-rtx-50-series,08/05/2026 09:28:01
GearVN,Card màn hình ASUS GeForce RTX 5050 Prime OC 8GB,9890000,8690000,https://gearvn.com/collections/vga-rtx-50-series,08/05/2026 09:28:01
GearVN,Card màn hình ASUS GeForce RTX 5050 Dual OC 8GB,9290000,7490000,https://gearvn.com/collections/vga-rtx-50-series,08/05/2026 09:28:01
GearVN,Card màn hình Gigabyte GeForce RTX 5050 Windforce OC 8GB,8690000,8390000,https://gearvn.com/collections/vga-rtx-50-series,08/05/2026 09:28:01
GearVN,Card màn hình Gigabyte GeForce RTX 5050 Gaming OC 8GB,9490000,8890000,https://gearvn.com/collections/vga-rtx-50-series,08/05/2026 09:28:01
GearVN,Card màn hình MSI GeForce RTX 5050 Shadow 2X OC 8GB,7890000,7490000,https://gearvn.com/collections/vga-rtx-50-series,08/05/2026 09:28:01
GearVN,Card màn hình MSI GeForce RTX 5050 Ventus 2X OC 8GB,8590000,8390000,https://gearvn.com/collections/vga-rtx-50-series,08/05/2026 09:28:01
GearVN,Card màn hình MSI GeForce RTX 5050 Gaming OC 8GB,8990000,8790000,https://gearvn.com/collections/vga-rtx-50-series,08/05/2026 09:28:01
GearVN,Card màn hình MSI GeForce RTX 5060 Shadow 2X OC 8GB,10490000,9890000,https://gearvn.com/collections/vga-rtx-50-series,08/05/2026 09:28:01
GearVN,Card màn hình Zotac GeForce RTX 5060 Twin Edge OC 8GB,9990000,9690000,https://gearvn.com/collections/vga-rtx-50-series,08/05/2026 09:28:01
GearVN,Card màn hình ASUS Dual GeForce RTX 5070 12GB GDDR7 OC Edition,20490000,19990000,https://gearvn.com/collections/vga-rtx-50-series,08/05/2026 09:28:01
GearVN,Card màn hình MSI GeForce RTX 5070 Ti 16G GAMING TRIO OC White,33990000,32490000,https://gearvn.com/collections/vga-rtx-50-series,08/05/2026 09:28:01
GearVN,Card màn hình MSI GeForce RTX 5060 Gaming Trio OC 8GB,13490000,12990000,https://gearvn.com/collections/vga-rtx-50-series,08/05/2026 09:28:01
GearVN,Card màn hình MSI GeForce RTX 5060 Gaming Trio OC White 8GB,13990000,12990000,https://gearvn.com/collections/vga-rtx-50-series,08/05/2026 09:28:01
GearVN,Card màn hình MSI GeForce RTX 5060 Ti Ventus 2X Plus 8GB,14990000,12990000,https://gearvn.com/collections/vga-rtx-50-series,08/05/2026 09:28:01
GearVN,Card màn hình Gigabyte GeForce RTX 5060 Eagle OC 8GB,11390000,10890000,https://gearvn.com/collections/vga-rtx-50-series,08/05/2026 09:28:01
GearVN,Card màn hình Gigabyte GeForce RTX 5060 Windforce 8GB,0,9990000,https://gearvn.com/collections/vga-rtx-50-series,08/05/2026 09:28:01
GearVN,Card màn hình Gigabyte GeForce RTX 5060 Windforce OC 8GB,10990000,10490000,https://gearvn.com/collections/vga-rtx-50-series,08/05/2026 09:28:01
GearVN,Card màn hình Asus GeForce RTX 5060 Prime OC 8GB,11290000,10690000,https://gearvn.com/collections/vga-rtx-50-series,08/05/2026 09:28:01
GearVN,Card màn hình Asus GeForce RTX 5060 TUF Gaming OC 8GB,12490000,11890000,https://gearvn.com/collections/vga-rtx-50-series,08/05/2026 09:28:01
GearVN,Card màn hình Gigabyte GeForce RTX 5060 Ti Windforce OC 8GB,14990000,12990000,https://gearvn.com/collections/vga-rtx-50-series,08/05/2026 09:28:01
GearVN,Card màn hình MSI GeForce RTX 5070 12G SHADOW 3X OC,22990000,20990000,https://gearvn.com/collections/vga-rtx-50-series,08/05/2026 09:28:01
GearVN,Card màn hình MSI GeForce RTX 5060 Ti Ventus 3X OC 16GB,16790000,16390000,https://gearvn.com/collections/vga-rtx-50-series,08/05/2026 09:28:01
GearVN,Card màn hình MSI GeForce RTX 5060 Ti Ventus 2X Plus 16GB,15990000,14990000,https://gearvn.com/collections/vga-rtx-50-series,08/05/2026 09:28:01
GearVN,Card màn hình MSI GeForce RTX 5060 Ti Ventus 2X OC Plus 8GB,14390000,12990000,https://gearvn.com/collections/vga-rtx-50-series,08/05/2026 09:28:01
GearVN,Card màn hình MSI GeForce RTX 5060 Ti Vanguard SOC 16GB,19290000,18690000,https://gearvn.com/collections/vga-rtx-50-series,08/05/2026 09:28:01
GearVN,Card màn hình MSI GeForce RTX 5060 Ti Shadow 2X OC 8GB,13290000,12990000,https://gearvn.com/collections/vga-rtx-50-series,08/05/2026 09:28:01
GearVN,Card màn hình MSI GeForce RTX 5060 Ti Inspire 2X OC 16GB,16990000,16290000,https://gearvn.com/collections/vga-rtx-50-series,08/05/2026 09:28:01
GearVN,Card màn hình MSI GeForce RTX 5060 Ti Gaming Trio OC 16GB White,18290000,17690000,https://gearvn.com/collections/vga-rtx-50-series,08/05/2026 09:28:01
GearVN,Card màn hình MSI GeForce RTX 5060 Ti Gaming Trio OC 16GB,17890000,17390000,https://gearvn.com/collections/vga-rtx-50-series,08/05/2026 09:28:01
GearVN,Card màn hình MSI GeForce RTX 5060 Ti Gaming OC 8GB,15290000,14890000,https://gearvn.com/collections/vga-rtx-50-series,08/05/2026 09:28:01
GearVN,Card màn hình MSI GeForce RTX 5060 Ti Gaming OC 16GB,17590000,16890000,https://gearvn.com/collections/vga-rtx-50-series,08/05/2026 09:28:01
GearVN,Card màn hình Asus GeForce RTX 5060 Ti DUAL OC 8GB,14990000,14290000,https://gearvn.com/collections/vga-rtx-50-series,08/05/2026 09:28:01
GearVN,Card màn hình Asus GeForce RTX 5060 Ti Prime 8GB,15190000,14990000,https://gearvn.com/collections/vga-rtx-50-series,08/05/2026 09:28:01
GearVN,Card màn hình Asus GeForce RTX 5060 Ti Prime OC 8GB,15490000,15390000,https://gearvn.com/collections/vga-rtx-50-series,08/05/2026 09:28:01
GearVN,Card màn hình Asus GeForce RTX 5060 Ti TUF Gaming OC 8GB,0,16990000,https://gearvn.com/collections/vga-rtx-50-series,08/05/2026 09:28:01
GearVN,Card màn hình Asus GeForce RTX 5060 Ti Prime 16GB,0,18990000,https://gearvn.com/collections/vga-rtx-50-series,08/05/2026 09:28:01
GearVN,Card màn hình Asus GeForce RTX 5060 Ti Prime OC 16GB,0,19490000,https://gearvn.com/collections/vga-rtx-50-series,08/05/2026 09:28:01
GearVN,Card màn hình Asus GeForce RTX 5060 Ti TUF Gaming OC 16GB,20490000,20290000,https://gearvn.com/collections/vga-rtx-50-series,08/05/2026 09:28:01
GearVN,Card màn hình Gigabyte GeForce RTX 5060 Ti Gaming OC 16GB,22390000,18990000,https://gearvn.com/collections/vga-rtx-50-series,08/05/2026 09:28:01
GearVN,Card màn hình Gigabyte GeForce RTX 5060 Ti Eagle Ice OC 16GB,21990000,17490000,https://gearvn.com/collections/vga-rtx-50-series,08/05/2026 09:28:01
GearVN,Card màn hình Gigabyte GeForce RTX 5060 Ti Windforce 16GB,17990000,13990000,https://gearvn.com/collections/vga-rtx-50-series,08/05/2026 09:28:01
GearVN,Card màn hình Gigabyte GeForce RTX 5060 Ti Windforce OC 16GB,18990000,14690000,https://gearvn.com/collections/vga-rtx-50-series,08/05/2026 09:28:01
GearVN,Card màn hình Gigabyte GeForce RTX 5060 Ti Aorus Elite 16GB,22490000,20490000,https://gearvn.com/collections/vga-rtx-50-series,08/05/2026 09:28:01
GearVN,Card màn hình Gigabyte GeForce RTX 5060 Ti Eagle OC 16GB,20490000,16990000,https://gearvn.com/collections/vga-rtx-50-series,08/05/2026 09:28:01
GearVN,Card màn hình Gigabyte GeForce RTX 5060 Ti AERO OC 16GB,21990000,19690000,https://gearvn.com/collections/vga-rtx-50-series,08/05/2026 09:28:01
GearVN,Card màn hình MSI GeForce RTX 5080 16G VENTUS 3X OC,41990000,37490000,https://gearvn.com/collections/vga-rtx-50-series,08/05/2026 09:28:01
GearVN,Card màn hình MSI GeForce RTX 5080 16G SHADOW 3X OC,44990000,42690000,https://gearvn.com/collections/vga-rtx-50-series,08/05/2026 09:28:01
GearVN,Card màn hình Colorful iGame GeForce RTX 5070 Ti Ultra W OC 16GB-V,0,29990000,https://gearvn.com/collections/vga-rtx-50-series,08/05/2026 09:28:01
GearVN,Card màn hình GIGABYTE GeForce RTX 5090 WINDFORCE OC 32G (GV-N5090WF3OC-32GD),99990000,98990000,https://gearvn.com/collections/vga-rtx-50-series,08/05/2026 09:28:01
GearVN,Card màn hình MSI GeForce RTX 5090 32G VENTUS 3X OC,88990000,79990000,https://gearvn.com/collections/vga-rtx-50-series,08/05/2026 09:28:01
GearVN,Card màn hình ASUS Prime GeForce RTX 5070 12GB GDDR7 (PRIME-RTX5070-12G),21490000,19890000,https://gearvn.com/collections/vga-rtx-50-series,08/05/2026 09:28:01
GearVN,Card màn hình ASUS Prime GeForce RTX 5070 12GB GDDR7 OC Edition (PRIME-RTX5070-O12G),21690000,20490000,https://gearvn.com/collections/vga-rtx-50-series,08/05/2026 09:28:01
GearVN,Card màn hình ASUS TUF Gaming GeForce RTX 5070 12GB GDDR7 (TUF-RTX5070-12G-GAMING),25490000,22490000,https://gearvn.com/collections/vga-rtx-50-series,08/05/2026 09:28:01
GearVN,Card màn hình ASUS TUF Gaming GeForce RTX 5070 12GB GDDR7 OC Edition(TUF-RTX5070-O12G-GAMING),25990000,24990000,https://gearvn.com/collections/vga-rtx-50-series,08/05/2026 09:28:01
GearVN,Card màn hình ASUS ROG Strix GeForce RTX 5070 12GB GDDR7 (ROG-STRIX-RTX5070-12G-GAMING),29490000,25490000,https://gearvn.com/collections/vga-rtx-50-series,08/05/2026 09:28:01
GearVN,Card màn hình ASUS ROG Strix GeForce RTX 5070 12GB GDDR7 OC Edition (ROG-STRIX-RTX5070-O12G-GAMING),29990000,26490000,https://gearvn.com/collections/vga-rtx-50-series,08/05/2026 09:28:01
GearVN,Card màn hình ASUS ROG Strix GeForce RTX 5070 Ti 16GB GDDR7 (ROG-STRIX-RTX5070TI-16G-GAMING),0,39490000,https://gearvn.com/collections/vga-rtx-50-series,08/05/2026 09:28:01
GearVN,Card màn hình ASUS ROG Strix GeForce RTX 5070 Ti 16GB GDDR7 OC Edition (ROG-STRIX-RTX5070TI-O16G-GAMING),0,39990000,https://gearvn.com/collections/vga-rtx-50-series,08/05/2026 09:28:01
GearVN,Card màn hình GIGABYTE GeForce RTX 5070 AERO OC 12G (GV-N5070AERO OC-12GD),26990000,25990000,https://gearvn.com/collections/vga-rtx-50-series,08/05/2026 09:28:01
GearVN,Card màn hình GIGABYTE GeForce RTX 5070 EAGLE OC SFF 12G (GV-N5070EAGLE OC-12GD),25990000,24990000,https://gearvn.com/collections/vga-rtx-50-series,08/05/2026 09:28:01
GearVN,Card màn hình GIGABYTE GeForce RTX 5070 EAGLE OC ICE SFF 12G (GV-N5070EAGLEOC ICE-12GD),26490000,25490000,https://gearvn.com/collections/vga-rtx-50-series,08/05/2026 09:28:01
GearVN,Card màn hình GIGABYTE GeForce RTX 5070 GAMING OC 12G (GV-N5070GAMING OC-12GD),27490000,26990000,https://gearvn.com/collections/vga-rtx-50-series,08/05/2026 09:28:01
GearVN,Card màn hình GIGABYTE GeForce RTX 5070 Ti WINDFORCE OC SFF 16G (GV-N507TWF3OC-16GD),35990000,31990000,https://gearvn.com/collections/vga-rtx-50-series,08/05/2026 09:28:01
GearVN,Card màn hình GIGABYTE GeForce RTX 5070 Ti AERO OC 16G (GV-N507TAERO OC-16GD),35790000,33990000,https://gearvn.com/collections/vga-rtx-50-series,08/05/2026 09:28:01
GearVN,Card màn hình GIGABYTE GeForce RTX 5070 Ti EAGLE OC SFF 16G (GV-N507TEAGLE OC-16GD),33390000,30990000,https://gearvn.com/collections/vga-rtx-50-series,08/05/2026 09:28:01
GearVN,Card màn hình GIGABYTE GeForce RTX 5070 Ti GAMING OC 16G (GV-N507TGAMING OC-16GD),0,33990000,https://gearvn.com/collections/vga-rtx-50-series,08/05/2026 09:28:01
GearVN,Card màn hình GIGABYTE AORUS GeForce RTX 5070 Ti MASTER 16G (GV-N507TAORUS M-16GD),0,36490000,https://gearvn.com/collections/vga-rtx-50-series,08/05/2026 09:28:01
GearVN,Card màn hình GIGABYTE GeForce RTX 5080 WINDFORCE OC SFF 16G (GV-N5080WF3OC-16GD),45990000,43990000,https://gearvn.com/collections/vga-rtx-50-series,08/05/2026 09:28:01
GearVN,Card màn hình GIGABYTE GeForce RTX 5080 AERO OC SFF 16G (GV-N5080AERO OC-16GD),47990000,44990000,https://gearvn.com/collections/vga-rtx-50-series,08/05/2026 09:28:01
GearVN,Card màn hình GIGABYTE GeForce RTX 5080 GAMING OC 16G (GV-N5080GAMING OC-16GD),47490000,44990000,https://gearvn.com/collections/vga-rtx-50-series,08/05/2026 09:28:01
GearVN,Card màn hình GIGABYTE AORUS GeForce RTX 5080 MASTER 16G (GV-N5080AORUS M-16GD),0,49990000,https://gearvn.com/collections/vga-rtx-50-series,08/05/2026 09:28:01
GearVN,Card màn hình GIGABYTE AORUS GeForce RTX 5080 MASTER ICE 16G (GV-N5080AORUSM ICE-16GD),0,50990000,https://gearvn.com/collections/vga-rtx-50-series,08/05/2026 09:28:01
GearVN,Card màn hình GIGABYTE AORUS GeForce RTX 5080 XTREME WATERFORCE WB 16G (GV-N5080AORUSX WB-16GD),0,51990000,https://gearvn.com/collections/vga-rtx-50-series,08/05/2026 09:28:01
GearVN,Card màn hình GIGABYTE AORUS GeForce RTX 5080 XTREME WATERFORCE 16G (GV-N5080AORUSX W-16GD),54990000,51990000,https://gearvn.com/collections/vga-rtx-50-series,08/05/2026 09:28:01
GearVN,Card màn hình GIGABYTE GeForce RTX 5090 GAMING OC 32G (GV-N5090GAMING OC-32GD),105990000,102990000,https://gearvn.com/collections/vga-rtx-50-series,08/05/2026 09:28:01
GearVN,Card màn hình GIGABYTE AORUS GeForce RTX 5090 MASTER 32G (GV-N5090AORUS M-32GD),119000000,114990000,https://gearvn.com/collections/vga-rtx-50-series,08/05/2026 09:28:01
GearVN,Card màn hình GIGABYTE AORUS GeForce RTX 5090 MASTER ICE 32G (GV-N5090AORUSM ICE-32GD),110000000,99990000,https://gearvn.com/collections/vga-rtx-50-series,08/05/2026 09:28:01
GearVN,Card màn hình GIGABYTE AORUS GeForce RTX 5090 XTREME WATERFORCE WB 32G (GV-N5090AORUSX WB-32GD),120000000,109990000,https://gearvn.com/collections/vga-rtx-50-series,08/05/2026 09:28:01
GearVN,Card màn hình GIGABYTE AORUS GeForce RTX 5090 XTREME WATERFORCE 32G (GV-N5090AORUSX W-32GD),118990000,113990000,https://gearvn.com/collections/vga-rtx-50-series,08/05/2026 09:28:01
GearVN,Card màn hình MSI GeForce RTX 5070 12G VENTUS 2X OC WHITE,0,21690000,https://gearvn.com/collections/vga-rtx-50-series,08/05/2026 09:28:01
GearVN,Card màn hình MSI GeForce RTX 5070 12G VENTUS 2X OC,21490000,19490000,https://gearvn.com/collections/vga-rtx-50-series,08/05/2026 09:28:01
GearVN,Card màn hình MSI GeForce RTX 5070 12G VENTUS 3X OC,21990000,20690000,https://gearvn.com/collections/vga-rtx-50-series,08/05/2026 09:28:01
GearVN,Card màn hình MSI GeForce RTX 5070 12G INSPIRE 3X OC,21790000,20790000,https://gearvn.com/collections/vga-rtx-50-series,08/05/2026 09:28:01
GearVN,Card màn hình MSI GeForce RTX 5070 12G GAMING TRIO OC,0,22490000,https://gearvn.com/collections/vga-rtx-50-series,08/05/2026 09:28:01
GearVN,Card màn hình MSI GeForce RTX 5070 12G GAMING TRIO OC WHITE,0,23490000,https://gearvn.com/collections/vga-rtx-50-series,08/05/2026 09:28:01
GearVN,Card màn hình MSI GeForce RTX 5070 12G VANGUARD SOC,24990000,23890000,https://gearvn.com/collections/vga-rtx-50-series,08/05/2026 09:28:01
GearVN,Card màn hình MSI GeForce RTX 5070 Ti 16G VENTUS 3X OC Plus,0,28990000,https://gearvn.com/collections/vga-rtx-50-series,08/05/2026 09:28:01
GearVN,Card màn hình MSI GeForce RTX 5070 Ti 16G INSPIRE 3X OC PLUS,0,29990000,https://gearvn.com/collections/vga-rtx-50-series,08/05/2026 09:28:01
GearVN,Card màn hình MSI GeForce RTX 5070 Ti 16G GAMING TRIO OC PLUS,0,29490000,https://gearvn.com/collections/vga-rtx-50-series,08/05/2026 09:28:01
GearVN,Card màn hình MSI GeForce RTX 5070 Ti 16G VANGUARD SOC,32990000,31490000,https://gearvn.com/collections/vga-rtx-50-series,08/05/2026 09:28:01
GearVN,Card màn hình MSI GeForce RTX 5080 16G INSPIRE 3X OC,53990000,48990000,https://gearvn.com/collections/vga-rtx-50-series,08/05/2026 09:28:01
GearVN,Card màn hình MSI GeForce RTX 5080 16G GAMING TRIO OC WHITE,42990000,38990000,https://gearvn.com/collections/vga-rtx-50-series,08/05/2026 09:28:01
GearVN,Card màn hình MSI GeForce RTX 5080 16G VANGUARD SOC,43990000,42990000,https://gearvn.com/collections/vga-rtx-50-series,08/05/2026 09:28:01
GearVN,Card màn hình MSI GeForce RTX 5080 16G SUPRIM LIQUID SOC,45990000,45490000,https://gearvn.com/collections/vga-rtx-50-series,08/05/2026 09:28:01
GearVN,Card màn hình MSI GeForce RTX 5090 32G GAMING TRIO OC,119990000,114990000,https://gearvn.com/collections/vga-rtx-50-series,08/05/2026 09:28:01
GearVN,Card màn hình MSI GeForce RTX 5090 32G VANGUARD SOC,134990000,129990000,https://gearvn.com/collections/vga-rtx-50-series,08/05/2026 09:28:01
GearVN,Card màn hình MSI GeForce RTX 5090 32G SUPRIM SOC,134990000,132990000,https://gearvn.com/collections/vga-rtx-50-series,08/05/2026 09:28:01
GearVN,Card màn hình MSI GeForce RTX 5090 32G SUPRIM LIQUID SOC,104990000,98990000,https://gearvn.com/collections/vga-rtx-50-series,08/05/2026 09:28:01
GearVN,Card màn hình ASUS Prime GeForce RTX 5070 Ti 16GB GDDR7 (PRIME-RTX5070TI-16G),33990000,32990000,https://gearvn.com/collections/vga-rtx-50-series,08/05/2026 09:28:01
GearVN,Card màn hình ASUS Prime GeForce RTX 5070 Ti 16GB GDDR7 OC Edition (PRIME-RTX5070TI-O16G),33990000,32990000,https://gearvn.com/collections/vga-rtx-50-series,08/05/2026 09:28:01
GearVN,Card màn hình ASUS TUF Gaming GeForce RTX 5070 Ti 16GB GDDR7 (TUF-RTX5070TI-16G-GAMING),34490000,33990000,https://gearvn.com/collections/vga-rtx-50-series,08/05/2026 09:28:01
GearVN,Card màn hình ASUS TUF Gaming GeForce RTX 5070 Ti 16GB GDDR7 OC Edition (TUF-RTX5070TI-O16G-GAMING),33490000,31990000,https://gearvn.com/collections/vga-rtx-50-series,08/05/2026 09:28:01
GearVN,Card màn hình ASUS Prime GeForce RTX 5080 16GB GDDR7 (PRIME-RTX5080-16G),40990000,39990000,https://gearvn.com/collections/vga-rtx-50-series,08/05/2026 09:28:01
GearVN,Card màn hình ASUS Prime GeForce RTX 5080 16GB GDDR7 OC Edition (PRIME-RTX5080-O16G),41490000,38690000,https://gearvn.com/collections/vga-rtx-50-series,08/05/2026 09:28:01
GearVN,Card màn hình ASUS TUF Gaming GeForce RTX 5080 16GB GDDR7 (TUF-RTX5080-16G-GAMING),45490000,43990000,https://gearvn.com/collections/vga-rtx-50-series,08/05/2026 09:28:01
GearVN,Card màn hình ASUS ROG Astral GeForce RTX 5080 16GB GDDR7 (ROG-ASTRAL-RTX5080-16G-GAMING),48990000,47290000,https://gearvn.com/collections/vga-rtx-50-series,08/05/2026 09:28:01
GearVN,Card màn hình ASUS TUF Gaming GeForce RTX 5090 32GB GDDR7 (TUF-RTX5090-32G-GAMING),104990000,99990000,https://gearvn.com/collections/vga-rtx-50-series,08/05/2026 09:28:01
GearVN,Card màn hình ASUS ROG Astral GeForce RTX 5090 32GB GDDR7 (ROG-ASTRAL-RTX5090-32G-GAMING),135000000,108990000,https://gearvn.com/collections/vga-rtx-50-series,08/05/2026 09:28:01
GearVN,Card màn hình ASUS ROG Astral LC GeForce RTX 5090 32GB GDDR7 (ROG-ASTRAL-LC-RTX5090-32G-GAMING),135000000,115000000,https://gearvn.com/collections/vga-rtx-50-series,08/05/2026 09:28:01
GearVN,Card màn hình ASUS ROG Astral LC GeForce RTX 5090 32GB GDDR7 OC Edition (ROG-ASTRAL-LC-RTX5090-O32G-GAMING),139000000,104990000,https://gearvn.com/collections/vga-rtx-50-series,08/05/2026 09:28:01
GearVN,Card màn hình GIGABYTE GeForce RTX 3050 WINDFORCE OC V2 8G (GV-N3050WF2OCV2-8GD),8490000,8390000,https://gearvn.com/collections/vga-card-man-hinh,08/05/2026 09:28:01
GearVN,Card màn hình SPARKLE Intel Arc B580 TITAN OC 12GB GDDR6,10990000,9690000,https://gearvn.com/collections/vga-card-man-hinh,08/05/2026 09:28:01
GearVN,Card màn hình Gigabyte GeForce RTX 5060 Windforce Max OC 8GB,11990000,11490000,https://gearvn.com/collections/vga-card-man-hinh,08/05/2026 09:28:01
GearVN,Card màn hình Zotac GEFORCE RTX 5050 TWIN EDGE OC 8GB GDDR6,9490000,8990000,https://gearvn.com/collections/vga-card-man-hinh,08/05/2026 09:28:01
GearVN,Card màn hình Zotac GEFORCE RTX 3050 TWIN EDGE OC 6GB GDDR6,6890000,6390000,https://gearvn.com/collections/vga-card-man-hinh,08/05/2026 09:28:01
GearVN,Card màn hình MSI GeForce RTX 5060 Ventus 2X OC White 8GB,11990000,11490000,https://gearvn.com/collections/vga-card-man-hinh,08/05/2026 09:28:01
GearVN,Card màn hình MSI GeForce RTX 5060 Ventus 2X OC 8GB,11990000,10990000,https://gearvn.com/collections/vga-card-man-hinh,08/05/2026 09:28:01
GearVN,Card màn hình Zotac GeForce RTX 5060 Ti 16GB Twin Edge OC,16990000,15990000,https://gearvn.com/collections/vga-card-man-hinh,08/05/2026 09:28:01
GearVN,Card màn hình Gigabyte GeForce RTX 5060 Eagle Ice OC 8GB,11690000,9990000,https://gearvn.com/collections/vga-card-man-hinh,08/05/2026 09:28:01
GearVN,Card màn hình GIGABYTE GeForce RTX 4070 SUPER WINDFORCE OC 12G (GV-N407SWF3OC-12GD),20990000,19490000,https://gearvn.com/collections/vga-card-man-hinh,08/05/2026 09:28:01
GearVN,Card màn hình MSI GeForce RTX 5080 16G VENTUS 3X OC White,53990000,49990000,https://gearvn.com/collections/vga-card-man-hinh,08/05/2026 09:28:01
GearVN,Card màn hình GIGABYTE GeForce RTX 3060 WINDFORCE OC 12G V2 (GV-N3060WF2OC-12GD),8990000,8590000,https://gearvn.com/collections/vga-card-man-hinh,08/05/2026 09:28:01
GearVN,Card màn hình ASUS Dual Radeon RX 6500 XT V2 OC Edition 4GB GDDR6 (DUAL-RX6500XT-O4G-V2),4990000,3790000,https://gearvn.com/collections/vga-card-man-hinh,08/05/2026 09:28:01
GearVN,Card màn hình ASUS Dual GeForce RTX 4060 V2 OC Edition 8GB GDDR6 (DUAL-RTX4060-O8G-V2),8990000,8490000,https://gearvn.com/collections/vga-card-man-hinh,08/05/2026 09:28:01
GearVN,Card màn hình ASUS Dual Radeon RX 7600 V2 OC Edition 8GB GDDR6 (DUAL-RX7600-O8G-V2),7990000,7790000,https://gearvn.com/collections/vga-card-man-hinh,08/05/2026 09:28:01
GearVN,Card màn hình GIGABYTE AORUS GeForce RTX 4080 SUPER XTREME ICE 16G (GV-N408SAORUSX ICE-16GD),59990000,39990000,https://gearvn.com/collections/vga-card-man-hinh,08/05/2026 09:28:01
GearVN,Card màn hình ASUS Dual GeForce RTX 3050 6GB GDDR6 (DUAl-RTX3050-6G),5690000,4690000,https://gearvn.com/collections/vga-card-man-hinh,08/05/2026 09:28:01
GearVN,Card màn hình ASUS Dual GeForce RTX 3050 OC Edition 6GB (DUAl-RTX3050-O6G),5790000,4790000,https://gearvn.com/collections/vga-card-man-hinh,08/05/2026 09:28:01
GearVN,Card màn hình MSI GeForce RTX 3050 VENTUS 2X 6G OC,5990000,4990000,https://gearvn.com/collections/vga-card-man-hinh,08/05/2026 09:28:01
GearVN,Card màn hình ASUS Dual GeForce GTX 1650 OC Edition 4GB GDDR6 EVO (DUAL-GTX1650-O4GD6-P-EVO),4190000,3690000,https://gearvn.com/collections/vga-card-man-hinh,08/05/2026 09:28:01
GearVN,Card màn hình MSI GeForce RTX 4060 VENTUS 2X WHITE 8G OC,9390000,8990000,https://gearvn.com/collections/vga-card-man-hinh,08/05/2026 09:28:01
GearVN,Card màn hình MSI GeForce RTX 3050 VENTUS 2X XS 8G OC,6990000,5990000,https://gearvn.com/collections/vga-card-man-hinh,08/05/2026 09:28:01
GearVN,Card màn hình MSI GeForce RTX 4060 VENTUS 2X BLACK 8G OC,9590000,8490000,https://gearvn.com/collections/vga-card-man-hinh,08/05/2026 09:28:01
GearVN,Card màn hình MSI GeForce RTX 3060 Ventus 2X OC 12G,8990000,8290000,https://gearvn.com/collections/vga-card-man-hinh,08/05/2026 09:28:01
GearVN,Card màn hình ASUS Dual GeForce RTX 3060 OC Edition 12GB V2 (DUAL-RTX3060-O12G-V2),8690000,7890000,https://gearvn.com/collections/vga-card-man-hinh,08/05/2026 09:28:01
GearVN,MSI GeForce GTX 1650 SUPER GAMING X 4GB,0,8590000,https://gearvn.com/collections/vga-card-man-hinh,08/05/2026 09:28:01
GearVN,Card màn hình SPARKLE Intel Arc B580 TITAN Nox OC 12GB GDDR6,10990000,9690000,https://gearvn.com/collections/vga-card-man-hinh,08/05/2026 09:28:01
GearVN,Card màn hình Zotac GeForce RTX 5060 Ti 16GB Twin Edge,15990000,14990000,https://gearvn.com/collections/vga-card-man-hinh,08/05/2026 09:28:01
GearVN,Card màn hình Zotac GEFORCE RTX 5060 Ti 8GB TWIN EDGE GDDR7,13490000,12490000,https://gearvn.com/collections/vga-card-man-hinh,08/05/2026 09:28:01
GearVN,Card màn hình ZOTAC GAMING GeForce RTX 5070 AMP White Edition (ZT-B50700FQ-10P),19990000,18990000,https://gearvn.com/collections/vga-card-man-hinh,08/05/2026 09:28:01
GearVN,Card màn hình Gigabyte GeForce RTX 5060 Eagle OC 8GB,11390000,10890000,https://gearvn.com/collections/vga-card-man-hinh,08/05/2026 09:28:01
GearVN,Card màn hình MSI GeForce RTX 5060 Ti Ventus 2X Plus 8GB,14990000,12990000,https://gearvn.com/collections/vga-card-man-hinh,08/05/2026 09:28:01
GearVN,Card màn hình MSI GeForce RTX 5060 Gaming Trio OC White 8GB,13990000,12990000,https://gearvn.com/collections/vga-card-man-hinh,08/05/2026 09:28:01
GearVN,Card màn hình MSI GeForce RTX 5060 Gaming Trio OC 8GB,13490000,12990000,https://gearvn.com/collections/vga-card-man-hinh,08/05/2026 09:28:01
GearVN,Card màn hình ASUS ROG Astral GeForce RTX 5080 16GB GDDR7 OC Edition (ROG-ASTRAL-RTX5080-O16G-GAMING) White Edition,54990000,53990000,https://gearvn.com/collections/vga-card-man-hinh,08/05/2026 09:28:01
GearVN,Card màn hình ASUS Dual GeForce RTX 5070 12GB GDDR7 OC Edition,20490000,19990000,https://gearvn.com/collections/vga-card-man-hinh,08/05/2026 09:28:01
GearVN,Card màn hình Zotac GeForce RTX 5060 Twin Edge OC 8GB,9990000,9690000,https://gearvn.com/collections/vga-card-man-hinh,08/05/2026 09:28:01
GearVN,Card màn hình MSI GeForce RTX 5060 Shadow 2X OC 8GB,10490000,9890000,https://gearvn.com/collections/vga-card-man-hinh,08/05/2026 09:28:01
GearVN,Card màn hình MSI GeForce RTX 5050 Gaming OC 8GB,8990000,8790000,https://gearvn.com/collections/vga-card-man-hinh,08/05/2026 09:28:01
GearVN,Card màn hình MSI GeForce RTX 5050 Ventus 2X OC 8GB,8590000,8390000,https://gearvn.com/collections/vga-card-man-hinh,08/05/2026 09:28:01
GearVN,Card màn hình MSI GeForce RTX 5050 Shadow 2X OC 8GB,7890000,7490000,https://gearvn.com/collections/vga-card-man-hinh,08/05/2026 09:28:01
GearVN,Card màn hình ASUS GeForce RTX 5050 Dual 8GB,8290000,7890000,https://gearvn.com/collections/vga-card-man-hinh,08/05/2026 09:28:01
GearVN,Card màn hình ASUS GeForce RTX 5050 Dual OC 8GB,9290000,7490000,https://gearvn.com/collections/vga-card-man-hinh,08/05/2026 09:28:01
GearVN,Card màn hình ASUS GeForce RTX 5050 Prime OC 8GB,9890000,8690000,https://gearvn.com/collections/vga-card-man-hinh,08/05/2026 09:28:01
GearVN,Card màn hình ASUS GeForce RTX 5050 Prime 8GB,9590000,9390000,https://gearvn.com/collections/vga-card-man-hinh,08/05/2026 09:28:01
GearVN,Card màn hình ASUS ROG Astral GeForce RTX 5090 32GB GDDR7 OC White Edition (ROG-ASTRAL-RTX5090-O32G-GAMING-WHITE),114990000,102990000,https://gearvn.com/collections/vga-card-man-hinh,08/05/2026 09:28:01
GearVN,Card màn hình Gigabyte GeForce RTX 5050 Gaming OC 8GB,9490000,8890000,https://gearvn.com/collections/vga-card-man-hinh,08/05/2026 09:28:01
GearVN,Card màn hình Gigabyte GeForce RTX 5050 Windforce OC 8GB,8690000,8390000,https://gearvn.com/collections/vga-card-man-hinh,08/05/2026 09:28:01
GearVN,Card màn hình MSI GeForce RTX 5070 Ti 16G GAMING TRIO OC,31990000,29490000,https://gearvn.com/collections/vga-card-man-hinh,08/05/2026 09:28:01
GearVN,Card màn hình MSI GeForce RTX 5070 Ti 16G MLG EDITION,0,32990000,https://gearvn.com/collections/vga-card-man-hinh,08/05/2026 09:28:01
GearVN,Card màn hình ASUS ROG Astral GeForce RTX 5080 16GB GDDR7 Hatsune Miku Edition,0,54120000,https://gearvn.com/collections/vga-card-man-hinh,08/05/2026 09:28:01
GearVN,Card màn hình MSI GeForce RTX 5070 Ti 16G GAMING TRIO OC White,33990000,32490000,https://gearvn.com/collections/vga-card-man-hinh,08/05/2026 09:28:01
GearVN,Card màn hình Gigabyte GeForce RTX 5060 Windforce OC 8GB,10990000,10490000,https://gearvn.com/collections/vga-card-man-hinh,08/05/2026 09:28:01
GearVN,Card màn hình Gigabyte GeForce RTX 5060 Windforce 8GB,0,9990000,https://gearvn.com/collections/vga-card-man-hinh,08/05/2026 09:28:01
GearVN,Card màn hình GIGABYTE Radeon RX 9070 GAMING OC 16G (GV-R9070GAMING OC-16GD),22990000,19990000,https://gearvn.com/collections/vga-card-man-hinh,08/05/2026 09:28:01
GearVN,Card màn hình ASUS Prime Radeon RX 9070 XT OC Edition 16GB GDDR6 (PRIME-RX9070XT-O16G),24990000,23490000,https://gearvn.com/collections/vga-card-man-hinh,08/05/2026 09:28:01
GearVN,Card màn hình MSI GeForce RTX 3050 VENTUS 2X E 6G OC,5990000,4890000,https://gearvn.com/collections/vga-card-man-hinh,08/05/2026 09:28:01
GearVN,Card màn hình MSI GeForce RTX 5090 32G VENTUS 3X OC,88990000,79990000,https://gearvn.com/collections/vga-card-man-hinh,08/05/2026 09:28:01
GearVN,Card màn hình MSI GeForce RTX 4070 SUPER 12G GAMING SLIM WUKONG EDITION,0,20490000,https://gearvn.com/collections/vga-card-man-hinh,08/05/2026 09:28:01
GearVN,Card màn hình ASUS TUF Gaming GeForce RTX 4090 24GB GDDR6X OG OC Edition (TUF-RTX4090-O24G-OG-GAMING),66990000,62990000,https://gearvn.com/collections/vga-card-man-hinh,08/05/2026 09:28:01
GearVN,Card màn hình ASUS PRIME GeForce RTX 4060 Ti 8GB GDDR6 OC Edition (PRIME-RTX4060TI-O8G),0,12990000,https://gearvn.com/collections/vga-card-man-hinh,08/05/2026 09:28:01
GearVN,Card màn hình ASUS Dual GeForce RTX 4060 Ti EVO OC Edition 16GB GDDR6 (DUAL-RTX4060TI-O16G-EVO),15990000,14990000,https://gearvn.com/collections/vga-card-man-hinh,08/05/2026 09:28:01
GearVN,Card màn hình ASUS Dual Radeon RX 6600 V3 8GB GDDR6 (DUAL-RX6600-8G-V3),5990000,5490000,https://gearvn.com/collections/vga-card-man-hinh,08/05/2026 09:28:01
GearVN,Card màn hình MSI GeForce RTX 4060 Ti VENTUS 3X E 8G OC,14990000,13990000,https://gearvn.com/collections/vga-card-man-hinh,08/05/2026 09:28:01
GearVN,Card màn hình ASUS TUF Gaming GeForce RTX 4070 Ti SUPER BTF White OC Edition 16GB GDDR6X (TUF-RTX4070TIS-O16G-BTF-WHITE),31990000,29490000,https://gearvn.com/collections/vga-card-man-hinh,08/05/2026 09:28:01
GearVN,Card màn hình GIGABYTE GeForce RTX 3050 WINDFORCE OC 6G (GV-N3050WF2OCV2-6GD),7490000,6790000,https://gearvn.com/collections/vga-card-man-hinh,08/05/2026 09:28:01
GearVN,Card màn hình ASUS ProArt GeForce RTX 4070 Ti SUPER 16GB GDDR6X OC Edition (PROART-RTX4070TIS-O16G),29990000,29190000,https://gearvn.com/collections/vga-card-man-hinh,08/05/2026 09:28:01
GearVN,Card màn hình GIGABYTE GeForce RTX 3050 EAGLE OC 6G (GV-N3050EAGLE OC-6GD),5990000,5090000,https://gearvn.com/collections/vga-card-man-hinh,08/05/2026 09:28:01
GearVN,Card màn hình MSI GeForce RTX 4070 VENTUS 3X E 12G OC,18990000,17390000,https://gearvn.com/collections/vga-card-man-hinh,08/05/2026 09:28:01
GearVN,Card màn hình GIGABYTE GeForce RTX 4070 Ti GAMING OC V2 12GB (GV-N407TGAMING OCV2-12GD),0,27990000,https://gearvn.com/collections/vga-card-man-hinh,08/05/2026 09:28:01
GearVN,Card màn hình MSI GeForce RTX 4070 SUPER 12G VENTUS 2X OC,0,19490000,https://gearvn.com/collections/vga-card-man-hinh,08/05/2026 09:28:01
GearVN,Card màn hình GIGABYTE GeForce RTX 4070 SUPER EAGLE OC 12G (GV-N407SEAGLE OC-12GD),0,21490000,https://gearvn.com/collections/vga-card-man-hinh,08/05/2026 09:28:01
GearVN,Card màn hình GIGABYTE GeForce RTX 4090 WINDFORCE V2 24G (GV-N4090WF3V2-24GD),0,59990000,https://gearvn.com/collections/vga-card-man-hinh,08/05/2026 09:28:01
GearVN,Card màn hình MSI GeForce RTX 4070 GAMING X SLIM 12G,20990000,17990000,https://gearvn.com/collections/vga-card-man-hinh,08/05/2026 09:28:01
GearVN,Card màn hình MSI GeForce RTX 4070 Ti GAMING X SLIM 12G,27990000,24990000,https://gearvn.com/collections/vga-card-man-hinh,08/05/2026 09:28:01
GearVN,Card màn hình Colorful GeForce GTX 1660 SUPER NB 6G V2-V,5690000,5190000,https://gearvn.com/collections/vga-card-man-hinh,08/05/2026 09:28:01
GearVN,Card màn hình Colorful GeForce GTX 1650 EX 4GD6-V,4490000,3790000,https://gearvn.com/collections/vga-card-man-hinh,08/05/2026 09:28:01
GearVN,Card màn hình GIGABYTE GeForce RTX 4070 AERO OC V2 12GB (GV-N4070AERO OCV2-12GD),0,19290000,https://gearvn.com/collections/vga-card-man-hinh,08/05/2026 09:28:01
GearVN,Card màn hình Colorful GeForce RTX 4070 Ti NB EX-V 12GB 3 Fan,22190000,19990000,https://gearvn.com/collections/vga-card-man-hinh,08/05/2026 09:28:01
GearVN,Card màn hình GIGABYTE GeForce RTX 4060 WINDFORCE OC 8G,9490000,9290000,https://gearvn.com/collections/vga-card-man-hinh,08/05/2026 09:28:01
GearVN,Card màn hình ASUS Dual GeForce GTX 1650 4GB GDDR6 EVO (DUAL-GTX1650-4GD6-P-EVO),4990000,3690000,https://gearvn.com/collections/vga-card-man-hinh,08/05/2026 09:28:01
GearVN,Card màn hình GIGABYTE GeForce RTX 4060 Ti AERO OC 16G (GV-N406TAERO OC-16GD),0,15990000,https://gearvn.com/collections/vga-card-man-hinh,08/05/2026 09:28:01
GearVN,Card màn hình MSI GeForce GTX 1650 4GB D6 VENTUS XS OCV3,4190000,3790000,https://gearvn.com/collections/vga-card-man-hinh,08/05/2026 09:28:01
GearVN,Card màn hình ASUS TUF Gaming GeForce GTX 1650 V2 OC Edition 4GB GDDR6 (TUF-GTX1650-O4GD6-P-V2-GAMING),5990000,3890000,https://gearvn.com/collections/vga-card-man-hinh,08/05/2026 09:28:01
GearVN,Card màn hình ASUS ProArt GeForce RTX 4060 OC edition 8GB (PROART-RTX4060-O8G),11990000,10990000,https://gearvn.com/collections/vga-card-man-hinh,08/05/2026 09:28:01
GearVN,Card màn hình ASUS ROG Strix GeForce RTX 4090 24GB GDDR6X OC EVA-02 Edition,0,61990000,https://gearvn.com/collections/vga-card-man-hinh,08/05/2026 09:28:01
GearVN,Card màn hình MSI GeForce RTX 4070 GAMING X SLIM WHITE 12G,0,19390000,https://gearvn.com/collections/vga-card-man-hinh,08/05/2026 09:28:01
GearVN,Card màn hình ASUS ROG Matrix GeForce RTX 4090 Platinum 24GB GDDR6X,107000000,98990000,https://gearvn.com/collections/vga-card-man-hinh,08/05/2026 09:28:01
GearVN,Card màn hình ASUS ProArt GeForce RTX 4060 Ti OC edition 16GB (PROART-RTX4060TI-O16G),15990000,15490000,https://gearvn.com/collections/vga-card-man-hinh,08/05/2026 09:28:01
GearVN,Card màn hình GIGABYTE GeForce RTX 3050 WINDFORCE 8G (GV-N3050WF2-8GD),6490000,5790000,https://gearvn.com/collections/vga-card-man-hinh,08/05/2026 09:28:01
GearVN,Card màn hình ASUS ROG Strix LC GeForce RTX 4090 24GB GDDR6X OC Edition (ROG-STRIX-LC-RTX4090-O24G),60990000,59990000,https://gearvn.com/collections/vga-card-man-hinh,08/05/2026 09:28:01
GearVN,Card màn hình GIGABYTE GeForce RTX 4060 EAGLE OC 8G,9990000,9390000,https://gearvn.com/collections/vga-card-man-hinh,08/05/2026 09:28:01
GearVN,Card màn hình GIGABYTE GeForce RTX 4060 AERO OC 8G,11990000,10990000,https://gearvn.com/collections/vga-card-man-hinh,08/05/2026 09:28:01
GearVN,Card màn hình MSI GeForce GTX 1650 Ventus XS 4GB OC V1 D6,3990000,3790000,https://gearvn.com/collections/vga-card-man-hinh,08/05/2026 09:28:01
GearVN,Card màn hình INNO3D GeForce GTX 1660 Super Twin 2X 6GB DDR6 (N166S2-06D6),0,12990000,https://gearvn.com/collections/vga-card-man-hinh,08/05/2026 09:28:01
GearVN,Card màn hình GIGABYTE GeForce GTX 1660 Super Gaming 6G (GV-N166SGAMING-6GD),0,14490000,https://gearvn.com/collections/vga-card-man-hinh,08/05/2026 09:28:01
GearVN,Card màn hình ASUS TUF Gaming GeForce GTX 1660 Super 6GB GDDR6 (TUF-GTX1660S-6G-GAMING),0,5090000,https://gearvn.com/collections/vga-card-man-hinh,08/05/2026 09:28:01
GearVN,Card màn hình ASUS TUF Gaming GeForce GTX 1650 4GB D6 (TUF-GTX1650-4GD6-GAMING),7990000,4390000,https://gearvn.com/collections/vga-card-man-hinh,08/05/2026 09:28:01
GearVN,Card màn hình ASUS TUF Gaming X3 GeForce GTX 1660 Super 6GB (TUF-3-GTX1660S-6G-GAMING),0,5690000,https://gearvn.com/collections/vga-card-man-hinh,08/05/2026 09:28:01
GearVN,Card màn hình MSI GeForce RTX 3060 Ti Ventus 3X 8G OC (LHR),18490000,12200000,https://gearvn.com/collections/vga-card-man-hinh,08/05/2026 09:28:01
GearVN,Card màn hình MSI GeForce RTX 3060 Ti Ventus 3X 8G (LHR),17990000,13790000,https://gearvn.com/collections/vga-card-man-hinh,08/05/2026 09:28:01
GearVN,Card màn hình MSI GeForce RTX 3060 Ti Ventus 2X 8G OC (LHR),16990000,13490000,https://gearvn.com/collections/vga-card-man-hinh,08/05/2026 09:28:01
GearVN,Card màn hình MSI GeForce RTX 3060 Gaming X Trio 12G (LHR),0,100000000,https://gearvn.com/collections/vga-card-man-hinh,08/05/2026 09:28:01
GearVN,Card màn hình MSI GeForce GTX 1660 Super Ventus OC 6GB,0,13990000,https://gearvn.com/collections/vga-card-man-hinh,08/05/2026 09:28:01
GearVN,Card màn hình MSI GeForce GTX 1660 Super Gaming Z 6GB Plus,0,14990000,https://gearvn.com/collections/vga-card-man-hinh,08/05/2026 09:28:01
GearVN,Card màn hình GIGABYTE GeForce RTX 3060 Ti GAMING OC 8G (GV-N306TGAMING-OC-8GD),17990000,11990000,https://gearvn.com/collections/vga-card-man-hinh,08/05/2026 09:28:01
GearVN,Card màn hình GIGABYTE GeForce RTX 3060 Ti EAGLE OC 8G (GV-N306TEAGLE-OC-8GD),11490000,10690000,https://gearvn.com/collections/vga-card-man-hinh,08/05/2026 09:28:01
GearVN,Card màn hình GIGABYTE AORUS GeForce RTX 3060 Ti Master 8G (GV-N306TAORUS-M-8GD),19990000,15990000,https://gearvn.com/collections/vga-card-man-hinh,08/05/2026 09:28:01
GearVN,Card màn hình GIGABYTE GeForce RTX 3060 Ti GAMING OC PRO 8G (GV-N306TGAMINGOC-PRO-8GD),18990000,14990000,https://gearvn.com/collections/vga-card-man-hinh,08/05/2026 09:28:01
GearVN,Card màn hình ASUS ROG Strix GeForce RTX 3060 Ti Gaming OC Edition 8GB V2 (ROG-STRIX-RTX3060TI-O8G-V2-GAMING),17990000,12990000,https://gearvn.com/collections/vga-card-man-hinh,08/05/2026 09:28:01
GearVN,Card màn hình ASUS ROG Strix GeForce RTX 3060 Ti Gaming 8GB V2 (ROG-STRIX-RTX3060TI-8G-V2-GAMING),15490000,14990000,https://gearvn.com/collections/vga-card-man-hinh,08/05/2026 09:28:01
GearVN,Card màn hình ASUS KO GeForce RTX 3060 Ti OC Edition 8GB V2 (KO-RTX3060TI-O8G-V2-GAMING),0,13990000,https://gearvn.com/collections/vga-card-man-hinh,08/05/2026 09:28:01
GearVN,Card màn hình ASUS KO GeForce RTX 3060 Ti 8GB V2 (KO-RTX3060TI-8G-V2-GAMING),0,13690000,https://gearvn.com/collections/vga-card-man-hinh,08/05/2026 09:28:01
GearVN,Card màn hình ASUS Dual GeForce RTX 3060 Ti OC Edition 8GB V2 (DUAL-RTX3060TI-O8G-V2),15490000,10990000,https://gearvn.com/collections/vga-card-man-hinh,08/05/2026 09:28:01
GearVN,Card màn hình ASUS Dual GeForce RTX 3060 Ti 8GB V2 (DUAL-RTX3060TI-8G-V2),14990000,12990000,https://gearvn.com/collections/vga-card-man-hinh,08/05/2026 09:28:01
GearVN,Card màn hình GIGABYTE GeForce RTX 3060 GAMING OC 12G (LHR) (GV-N3060GAMING-OC-12GD),9990000,8090000,https://gearvn.com/collections/vga-card-man-hinh,08/05/2026 09:28:01
GearVN,Card màn hình GIGABYTE GeForce RTX 2060 D6 6G (GV-N2060D6-6GD),9990000,6290000,https://gearvn.com/collections/vga-card-man-hinh,08/05/2026 09:28:01
GearVN,Card màn hình ASUS TUF Gaming GeForce GTX 1650 OC 4GB D6 (TUF-GTX1650-O4GD6-GAMING),0,4490000,https://gearvn.com/collections/vga-card-man-hinh,08/05/2026 09:28:01
GearVN,Card màn hình ASUS Phoenix GeForce GTX 1660 6GB,10990000,10690000,https://gearvn.com/collections/vga-card-man-hinh,08/05/2026 09:28:01
GearVN,Card màn hình ASUS TUF Gaming X3 GeForce GTX 1660 Super ZAKU II EDITION 6GB,0,10690000,https://gearvn.com/collections/vga-card-man-hinh,08/05/2026 09:28:01
GearVN,Card màn hình MSI GeForce GTX 1650 D6 Ventus XS 4GB,6990000,3890000,https://gearvn.com/collections/vga-card-man-hinh,08/05/2026 09:28:01
GearVN,Card màn hình MSI GeForce GTX 1650 D6 Gaming X 4GB,8490000,7690000,https://gearvn.com/collections/vga-card-man-hinh,08/05/2026 09:28:01
GearVN,Card màn hình MSI GeForce GTX 1650 D6 Aero ITX 4G OC,0,6990000,https://gearvn.com/collections/vga-card-man-hinh,08/05/2026 09:28:01
GearVN,Card màn hình Leadtek WinFast GTX 1660 Super Hurricane 6G,14990000,7890000,https://gearvn.com/collections/vga-card-man-hinh,08/05/2026 09:28:01
GearVN,Card màn hình GIGABYTE GeForce GTX 1650 D6 WINDFORCE 4G (GV-N1656WF2-4GD),0,7390000,https://gearvn.com/collections/vga-card-man-hinh,08/05/2026 09:28:01
GearVN,Card màn hình GIGABYTE GeForce GTX 1660 Super Mini ITX OC 6G (GV-N166SIXOC-6GD),0,13290000,https://gearvn.com/collections/vga-card-man-hinh,08/05/2026 09:28:01
GearVN,Card màn hình MSI GeForce GTX 1650 D6 Ventus XS 4GB OC V2,7490000,6990000,https://gearvn.com/collections/vga-card-man-hinh,08/05/2026 09:28:01
GearVN,Card màn hình ASUS Phoenix GeForce GTX 1660 Super OC edition 6GB (PH-GTX1660S-O6G),0,13290000,https://gearvn.com/collections/vga-card-man-hinh,08/05/2026 09:28:01
GearVN,Card màn hình ASUS Phoenix GeForce GTX 1650 OC 4GB GDDR6 (PH-GTX1650-O4GD6),7690000,6990000,https://gearvn.com/collections/vga-card-man-hinh,08/05/2026 09:28:01
GearVN,Card màn hình ASUS Phoenix GeForce GTX 1650 OC 4GB GDDR5 (PH-GTX1650-O4G),0,6990000,https://gearvn.com/collections/vga-card-man-hinh,08/05/2026 09:28:01
GearVN,Card màn hình ASUS Dual GeForce RTX 2060 OC EVO 6GB GDDR6 (DUAL-RTX2060-O6G-EVO),9990000,6590000,https://gearvn.com/collections/vga-card-man-hinh,08/05/2026 09:28:01
GearVN,Card màn hình Leadtek WinFast GeForce GTX 1650 D6 4G,0,6990000,https://gearvn.com/collections/vga-card-man-hinh,08/05/2026 09:28:01
GearVN,Card màn hình INNO3D GeForce GTX 1650 Twin X2 OC,7490000,6990000,https://gearvn.com/collections/vga-card-man-hinh,08/05/2026 09:28:01
GearVN,Card màn hình GIGABYTE GeForce RTX 3060 Ti EAGLE 8G (GV-N306TEAGLE-8GD),15990000,10490000,https://gearvn.com/collections/vga-card-man-hinh,08/05/2026 09:28:01
GearVN,Card màn hình GIGABYTE GeForce GTX 1650 D6 OC Low Profile 4G (GV-N1656OC-4GL),7690000,6990000,https://gearvn.com/collections/vga-card-man-hinh,08/05/2026 09:28:01
GearVN,Card Màn Hình Gigabyte Aorus GeForce RTX 3080 Ti Master 12G (GV-N308TAORUS-M-12GD),46990000,29990000,https://gearvn.com/collections/vga-card-man-hinh,08/05/2026 09:28:01
GearVN,Card màn hình ASUS TUF Gaming GeForce RTX 3060 Ti OC Edition 8GB V2 (TUF-RTX3060TI-O8G-V2-GAMING),14990000,11990000,https://gearvn.com/collections/vga-card-man-hinh,08/05/2026 09:28:01
GearVN,Card Màn Hình Asus Rog Strix GeForce RTX 3080 Ti Gaming OC Edition 12GB (Rog-STRIX-RTX3080TI-O12G-GAMING),50990000,30990000,https://gearvn.com/collections/vga-card-man-hinh,08/05/2026 09:28:01
GearVN,Card Màn Hình Asus Rog Strix GeForce RTX 3080 Ti Gaming 12GB (Rog-STRIX-RTX3080TI-12G-GAMING),34990000,29990000,https://gearvn.com/collections/vga-card-man-hinh,08/05/2026 09:28:01
GearVN,Card màn hình ASUS Dual GeForce RTX 2060 EVO 6GB GDDR6 (DUAL-RTX2060-6G-EVO),9490000,6290000,https://gearvn.com/collections/vga-card-man-hinh,08/05/2026 09:28:01
GearVN,Card Màn Hình MSI GeForce GTX 1660 Ventus XS 6G OC,13290000,12490000,https://gearvn.com/collections/vga-card-man-hinh,08/05/2026 09:28:01
GearVN,Card màn hình MSI RTX 2060 Ventus 6G OC GDDR6,0,10490000,https://gearvn.com/collections/vga-card-man-hinh,08/05/2026 09:28:01
GearVN,Card màn hình MSI GeForce RTX 2060 Gaming Z 6G GDDR6,0,14990000,https://gearvn.com/collections/vga-card-man-hinh,08/05/2026 09:28:01
GearVN,Card màn hình GIGABYTE GeForce RTX 2060 OC 6G (GV-N2060OC-6GD),0,8350000,https://gearvn.com/collections/vga-card-man-hinh,08/05/2026 09:28:01
GearVN,Card màn hình GIGABYTE GeForce RTX 2060 GAMING OC 6G,0,10800000,https://gearvn.com/collections/vga-card-man-hinh,08/05/2026 09:28:01
GearVN,Card màn hình GIGABYTE Aorus RTX 2060 Xtreme 6G GDDR6,0,10990000,https://gearvn.com/collections/vga-card-man-hinh,08/05/2026 09:28:01
GearVN,Card màn hình EVGA GeForce RTX 2060 XC Ultra Gaming 6GB,0,11990000,https://gearvn.com/collections/vga-card-man-hinh,08/05/2026 09:28:01
GearVN,Card màn hình ASUS Dual GeForce RTX 2060 OC Edition 6GB GDDR6,0,12990000,https://gearvn.com/collections/vga-card-man-hinh,08/05/2026 09:28:01
GearVN,Card màn hình ASUS Dual GeForce RTX 2060 ADVANCED 6GB GDDR6,0,10100000,https://gearvn.com/collections/vga-card-man-hinh,08/05/2026 09:28:01
GearVN,Card màn hình Palit GeForce GTX 1650 GP 4GB D6,7690000,5990000,https://gearvn.com/collections/vga-card-man-hinh,08/05/2026 09:28:01
GearVN,Card màn hình MSI GeForce RTX 3060 Ti Ventus 2X 8G OCV1 (LHR),16990000,13190000,https://gearvn.com/collections/vga-card-man-hinh,08/05/2026 09:28:01
GearVN,Card màn hình MSI GeForce RTX 3060 Ti Gaming X 8G (LHR),18990000,11990000,https://gearvn.com/collections/vga-card-man-hinh,08/05/2026 09:28:01
GearVN,Card màn hình Manli GeForce GTX 1650 4GB GDDR6,7490000,4990000,https://gearvn.com/collections/vga-card-man-hinh,08/05/2026 09:28:01
GearVN,Card màn hình GIGABYTE Radeon RX 6600 EAGLE 8G (GV-R66EAGLE-8GD),6990000,5590000,https://gearvn.com/collections/vga-card-man-hinh,08/05/2026 09:28:01
GearVN,Card màn hình GIGABYTE GeForce GTX 1650 Mini ITX 4G (GV-N1650IX-4GD),0,6690000,https://gearvn.com/collections/vga-card-man-hinh,08/05/2026 09:28:01
GearVN,Card màn hình GIGABYTE GeForce GTX 1650 D6 4G 1 Fan (GV-N1656D6-4GD),7890000,7290000,https://gearvn.com/collections/vga-card-man-hinh,08/05/2026 09:28:01
GearVN,Card màn hình GIGABYTE AORUS GeForce RTX 3060 Ti Elite 8G (GV-N306TAORUS-E-8GD),19990000,14490000,https://gearvn.com/collections/vga-card-man-hinh,08/05/2026 09:28:01
GearVN,Card màn hình ASUS Phoenix GeForce GTX 1650 4GB GDDR6 (PH-GTX1650-4GD6),7490000,6890000,https://gearvn.com/collections/vga-card-man-hinh,08/05/2026 09:28:01
GearVN,Card màn hình ASUS Dual GeForce RTX 3060 Ti Mini OC Edition 8GB V2 (DUAL-RTX3060TI-O8G-MINI-V2),14990000,12990000,https://gearvn.com/collections/vga-card-man-hinh,08/05/2026 09:28:01
GearVN,Card màn hình ASUS Dual GeForce RTX 3060 Ti Mini 8GB V2 (DUAL-RTX3060TI-8G-MINI-V2),14490000,12490000,https://gearvn.com/collections/vga-card-man-hinh,08/05/2026 09:28:01
GearVN,Card màn hình Palit GeForce GTX 1650 StormX 4G GDDR5,7490000,6390000,https://gearvn.com/collections/vga-card-man-hinh,08/05/2026 09:28:01
GearVN,Card màn hình MSI GeForce GTX 1650 4GT Low Profile,7690000,7290000,https://gearvn.com/collections/vga-card-man-hinh,08/05/2026 09:28:01
GearVN,Card màn hình GIGABYTE GeForce RTX 2060 WINDFORCE OC 12G (GV-N2060WF2OC-12GD),12990000,9990000,https://gearvn.com/collections/vga-card-man-hinh,08/05/2026 09:28:01
GearVN,Card màn hình GIGABYTE GeForce RTX 2060 D6 12G,0,16790000,https://gearvn.com/collections/vga-card-man-hinh,08/05/2026 09:28:01
GearVN,Card Màn Hình Asus Tuf Gaming GeForce GTX 1660 Ti EVO OC 6GB (Tuf-GTX1660TI-O6G-EVO-GAMING),9490000,5990000,https://gearvn.com/collections/vga-card-man-hinh,08/05/2026 09:28:01
GearVN,Card màn hình ASUS GeForce GT 730 2G (SL-2GD5-BRK),1990000,1550000,https://gearvn.com/collections/vga-card-man-hinh,08/05/2026 09:28:01
GearVN,Card màn hình MSI GTX 1650 VENTUS XS 4GB,7490000,6790000,https://gearvn.com/collections/vga-card-man-hinh,08/05/2026 09:28:01
GearVN,Card màn hình ASUS TUF Gaming GeForce GTX 1660 Super OC Edition 6GB GDDR6 (TUF-GTX1660S-O6G-GAMING),5390000,5190000,https://gearvn.com/collections/vga-card-man-hinh,08/05/2026 09:28:01
GearVN,Card màn hình MSI GeForce RTX 3060 Ventus 2X 12G (LHR),0,100000000,https://gearvn.com/collections/vga-card-man-hinh,08/05/2026 09:28:01
GearVN,Card màn hình GIGABYTE GeForce RTX 3050 EAGLE OC 8G (GV-N3050EAGLE-OC-8GD),6990000,5990000,https://gearvn.com/collections/vga-card-man-hinh,08/05/2026 09:28:01
GearVN,Card màn hình ASUS Dual GeForce RTX 3050 V2 8GB (DUAL-RTX3050-8G-V2),6790000,5890000,https://gearvn.com/collections/vga-card-man-hinh,08/05/2026 09:28:01
GearVN,Card màn hình ASUS Dual GeForce RTX 2060 EVO OC 12GB GDDR6 (DUAL-RTX2060-O12G-EVO),16990000,13990000,https://gearvn.com/collections/vga-card-man-hinh,08/05/2026 09:28:01
GearVN,Card màn hình MSI GeForce GTX 1650 D6 Ventus XS 4GB OC,7990000,4190000,https://gearvn.com/collections/vga-card-man-hinh,08/05/2026 09:28:01
GearVN,Card màn hình GIGABYTE GeForce GTX 1650 D6 WINDFORCE OC 4G (GV-N1656WF2OC-4GD),4190000,3890000,https://gearvn.com/collections/vga-card-man-hinh,08/05/2026 09:28:01
GearVN,Card màn hình GIGABYTE GeForce GTX 1650 D6 OC 4G 1 Fan (GV-N1656OC-4GD),7990000,7390000,https://gearvn.com/collections/vga-card-man-hinh,08/05/2026 09:28:01
GearVN,Card màn hình ASUS ROG Strix GeForce GTX 1650 OC 4G GDDR5,5500000,4290000,https://gearvn.com/collections/vga-card-man-hinh,08/05/2026 09:28:01
GearVN,Card màn hình ASUS ROG Strix GeForce GTX 1650 Advanced Edition 4GB GDDR5,0,4770000,https://gearvn.com/collections/vga-card-man-hinh,08/05/2026 09:28:01
GearVN,Card màn hình MSI GeForce GTX 1650 Ventus XS 4GB OC GDDR5,0,5290000,https://gearvn.com/collections/vga-card-man-hinh,08/05/2026 09:28:01
GearVN,Card màn hình MSI GeForce RTX 2060 Ventus XS 6G OC,0,8690000,https://gearvn.com/collections/vga-card-man-hinh,08/05/2026 09:28:01
GearVN,Card màn hình Palit GeForce GT 730 2G,1290000,1190000,https://gearvn.com/collections/vga-card-man-hinh,08/05/2026 09:28:01
GearVN,Card màn hình GIGABYTE GeForce GTX 1650 WINDFORCE OC 4GB GDDR5,5090000,4790000,https://gearvn.com/collections/vga-card-man-hinh,08/05/2026 09:28:01
GearVN,Card màn hình GIGABYTE GeForce GTX 1650 OC 4G (GV-N1650OC-4GD),7890000,4290000,https://gearvn.com/collections/vga-card-man-hinh,08/05/2026 09:28:01
GearVN,Card màn hình GIGABYTE GeForce GTX 1650 Mini ITX OC 4G (GV-N1650IXOC-4GD),7490000,4890000,https://gearvn.com/collections/vga-card-man-hinh,08/05/2026 09:28:01
GearVN,Card màn hình GIGABYTE GeForce GTX 1650 GAMING OC 4G 2 Fan (GV-N1650GAMING-OC-4GD),0,7090000,https://gearvn.com/collections/vga-card-man-hinh,08/05/2026 09:28:01
GearVN,ASUS Phoenix GeForce GTX 1660 OC 6GB,11290000,10890000,https://gearvn.com/collections/vga-card-man-hinh,08/05/2026 09:28:01
GearVN,Card màn hình ASUS Dual GeForce GTX 1650 OC 4GB (DUAL-GTX1650-O4G),7490000,6690000,https://gearvn.com/collections/vga-card-man-hinh,08/05/2026 09:28:01
GearVN,Card màn hình ASUS Dual GeForce GTX 1650 V2 4GB GDDR6 (DUAL-GTX1650-4GD6-P-V2),4190000,3890000,https://gearvn.com/collections/vga-card-man-hinh,08/05/2026 09:28:01
GearVN,Card màn hình MSI GeForce RTX 2060 Ventus XS 6G OCV1 GDDR6,0,13990000,https://gearvn.com/collections/vga-card-man-hinh,08/05/2026 09:28:01
GearVN,Card màn hình GIGABYTE GeForce RTX 2060 GAMING OC PRO 6G,0,10990000,https://gearvn.com/collections/vga-card-man-hinh,08/05/2026 09:28:01
GearVN,Card màn hình GIGABYTE GeForce GTX 1660 Super OC 6G (GV-N166SOC-6GD),7990000,5190000,https://gearvn.com/collections/vga-card-man-hinh,08/05/2026 09:28:01
GearVN,Card màn hình ASUS TUF GAMING GeForce GTX 1650 4GB,4290000,3990000,https://gearvn.com/collections/vga-card-man-hinh,08/05/2026 09:28:01
GearVN,Card màn hình MSI GeForce RTX 4090 SUPRIM X 24G,59990000,55990000,https://gearvn.com/collections/vga-card-man-hinh,08/05/2026 09:28:01
GearVN,Card màn hình MSI GeForce RTX 4090 SUPRIM LIQUID X 24G,0,56990000,https://gearvn.com/collections/vga-card-man-hinh,08/05/2026 09:28:01
GearVN,Card màn hình MSI GeForce RTX 4090 SUPRIM LIQUID 24G,0,55990000,https://gearvn.com/collections/vga-card-man-hinh,08/05/2026 09:28:01
GearVN,Card màn hình MSI GeForce RTX 4090 SUPRIM 24G,0,54990000,https://gearvn.com/collections/vga-card-man-hinh,08/05/2026 09:28:01
GearVN,Card màn hình MSI GeForce RTX 4090 GAMING X TRIO 24G,0,53990000,https://gearvn.com/collections/vga-card-man-hinh,08/05/2026 09:28:01
GearVN,Card màn hình MSI GeForce RTX 4090 GAMING TRIO 24G,0,54990000,https://gearvn.com/collections/vga-card-man-hinh,08/05/2026 09:28:01
GearVN,Card màn hình GIGABYTE GeForce RTX 4090 WINDFORCE 24G (GV-N4090WF3-24GD),0,47990000,https://gearvn.com/collections/vga-card-man-hinh,08/05/2026 09:28:01
GearVN,Card màn hình GIGABYTE GeForce RTX 4090 GAMING OC 24G (GV-N4090GAMING OC-24GD),0,60990000,https://gearvn.com/collections/vga-card-man-hinh,08/05/2026 09:28:01
GearVN,Card màn hình GIGABYTE AORUS GeForce RTX 4090 XTREME WATERFORCE 24G (GV-N4090AORUSX W-24GD),0,56990000,https://gearvn.com/collections/vga-card-man-hinh,08/05/2026 09:28:01
GearVN,Card màn hình GIGABYTE AORUS GeForce RTX 4090 MASTER 24G (GV-N4090AORUS M-24GD),69900000,62990000,https://gearvn.com/collections/vga-card-man-hinh,08/05/2026 09:28:01
GearVN,Card màn hình ASUS TUF Gaming GeForce RTX 4090 OC Edition 24GB (TUF-RTX4090-O24G-GAMING),65990000,62990000,https://gearvn.com/collections/vga-card-man-hinh,08/05/2026 09:28:01
GearVN,Card màn hình ASUS TUF Gaming GeForce RTX 4090 24GB (TUF-RTX4090-24G-GAMING),65990000,58490000,https://gearvn.com/collections/vga-card-man-hinh,08/05/2026 09:28:01
GearVN,Card màn hình ASUS ROG Strix GeForce RTX 4090 OC Edition 24GB (ROG-STRIX-RTX4090-O24G-GAMING),0,66990000,https://gearvn.com/collections/vga-card-man-hinh,08/05/2026 09:28:01
GearVN,Card màn hình ASUS ROG Strix GeForce RTX 4090 24GB (ROG-STRIX-RTX4090-24G-GAMING),65990000,62990000,https://gearvn.com/collections/vga-card-man-hinh,08/05/2026 09:28:01
GearVN,Card Màn Hình Gigabyte GeForce GTX 1650 Super Windforce OC 4GB (GV-N165SWF2OC-4GD),0,8790000,https://gearvn.com/collections/vga-card-man-hinh,08/05/2026 09:28:01
GearVN,Card Màn Hình Asus Tuf Gaming GeForce GTX 1650 Super OC 4GB (Tuf-GTX1650S-O4G-GAMING),8990000,8790000,https://gearvn.com/collections/vga-card-man-hinh,08/05/2026 09:28:01
GearVN,Card màn hình MSI GeForce RTX 4080 VENTUS 3X OC 16GB,44990000,36990000,https://gearvn.com/collections/vga-card-man-hinh,08/05/2026 09:28:01
GearVN,Card màn hình MSI GeForce RTX 4080 VENTUS 3X 16GB,0,35990000,https://gearvn.com/collections/vga-card-man-hinh,08/05/2026 09:28:01
GearVN,Card màn hình MSI GeForce RTX 4080 SUPRIM X 16GB,48990000,39990000,https://gearvn.com/collections/vga-card-man-hinh,08/05/2026 09:28:01
GearVN,Card màn hình MSI GeForce RTX 4080 SUPRIM 16GB,0,39490000,https://gearvn.com/collections/vga-card-man-hinh,08/05/2026 09:28:01
GearVN,Card màn hình MSI GeForce RTX 4080 GAMING X TRIO 16GB,46990000,37990000,https://gearvn.com/collections/vga-card-man-hinh,08/05/2026 09:28:01
GearVN,Card màn hình MSI GeForce RTX 4080 GAMING TRIO 16GB,0,36990000,https://gearvn.com/collections/vga-card-man-hinh,08/05/2026 09:28:01
GearVN,Card màn hình GIGABYTE GeForce RTX 4080 GAMING OC 16GB (GV-N4080GAMING OC-16GD),48490000,37490000,https://gearvn.com/collections/vga-card-man-hinh,08/05/2026 09:28:01
GearVN,Card màn hình GIGABYTE GeForce RTX 4080 EAGLE 16GB (GV-N4080EAGLE 16GD),45990000,35490000,https://gearvn.com/collections/vga-card-man-hinh,08/05/2026 09:28:01
GearVN,Card màn hình GIGABYTE GeForce RTX 4080 EAGLE OC 16GB (GV-N4080EAGLE OC-16GD),46990000,35990000,https://gearvn.com/collections/vga-card-man-hinh,08/05/2026 09:28:01
GearVN,Card màn hình GIGABYTE GeForce RTX 4080 AERO OC 16GB (GV-N4080AERO OC-16GD),48990000,37990000,https://gearvn.com/collections/vga-card-man-hinh,08/05/2026 09:28:01
GearVN,Card màn hình GIGABYTE AORUS GeForce RTX 4080 XTREME WATERFORCE WB 16GB (GV-N4080AORUSX WB-16GD),0,40490000,https://gearvn.com/collections/vga-card-man-hinh,08/05/2026 09:28:01
GearVN,Card màn hình GIGABYTE AORUS GeForce RTX 4080 XTREME WATERFORCE 16GB (GV-N4080AORUSX W-16GD),0,42990000,https://gearvn.com/collections/vga-card-man-hinh,08/05/2026 09:28:01
GearVN,Card màn hình GIGABYTE AORUS GeForce RTX 4080 MASTER 16GB (GV-N4080AORUS M-16GD),49990000,39990000,https://gearvn.com/collections/vga-card-man-hinh,08/05/2026 09:28:01
GearVN,Card màn hình ASUS TUF Gaming GeForce RTX 4080 OC Edition 16GB (TUF-RTX4080-O16G-GAMING),47200000,38490000,https://gearvn.com/collections/vga-card-man-hinh,08/05/2026 09:28:01
GearVN,Card màn hình ASUS TUF Gaming GeForce RTX 4080 16GB (TUF-RTX4080-16G-GAMING),46000000,37990000,https://gearvn.com/collections/vga-card-man-hinh,08/05/2026 09:28:01
GearVN,Card màn hình ASUS TUF Gaming GeForce RTX 4070 Ti OC Edition 12GB (TUF-RTX4070TI-O12G-GAMING),29990000,26990000,https://gearvn.com/collections/vga-card-man-hinh,08/05/2026 09:28:01
GearVN,Card màn hình ASUS TUF Gaming GeForce RTX 4070 Ti 12GB (TUF-RTX4070TI-12G-GAMING),24990000,24390000,https://gearvn.com/collections/vga-card-man-hinh,08/05/2026 09:28:01
GearVN,Card màn hình ASUS ROG Strix GeForce RTX 4090 OC White Edition 24GB (ROG-STRIX-RTX4090-O24G-WHITE),69990000,64990000,https://gearvn.com/collections/vga-card-man-hinh,08/05/2026 09:28:01
GearVN,Card màn hình ASUS ROG Strix GeForce RTX 4080 OC White Edition 16GB (ROG-STRIX-RTX4080-O16G-WHITE),45990000,42990000,https://gearvn.com/collections/vga-card-man-hinh,08/05/2026 09:28:01
GearVN,Card màn hình ASUS ROG Strix GeForce RTX 4080 OC Edition 16GB (ROG-STRIX-RTX4080-O16G-GAMING),0,40990000,https://gearvn.com/collections/vga-card-man-hinh,08/05/2026 09:28:01
GearVN,Card màn hình ASUS ROG Strix GeForce RTX 4080 16GB (ROG-STRIX-RTX4080-16G-GAMING),49500000,40490000,https://gearvn.com/collections/vga-card-man-hinh,08/05/2026 09:28:01
GearVN,Card màn hình MSI GeForce RTX 4070 Ti SUPRIM X 12GB,28490000,27490000,https://gearvn.com/collections/vga-card-man-hinh,08/05/2026 09:28:01
GearVN,Card màn hình MSI GeForce RTX 4070 Ti GAMING X TRIO WHITE 12G,29990000,27790000,https://gearvn.com/collections/vga-card-man-hinh,08/05/2026 09:28:01
GearVN,Card màn hình MSI GeForce RTX 4070 Ti GAMING X TRIO 12GB,25990000,24990000,https://gearvn.com/collections/vga-card-man-hinh,08/05/2026 09:28:01
GearVN,Card màn hình GIGABYTE GeForce RTX 4070 Ti GAMING OC 12GB (GV-N407TGAMING OC-12GD),29990000,27990000,https://gearvn.com/collections/vga-card-man-hinh,08/05/2026 09:28:01
GearVN,Card màn hình GIGABYTE GeForce RTX 4070 Ti EAGLE OC 12GB (GV-N407TEAGLE OC-12GD),27990000,25990000,https://gearvn.com/collections/vga-card-man-hinh,08/05/2026 09:28:01
GearVN,Card màn hình GIGABYTE GeForce RTX 4070 Ti AERO OC 12GB (GV-N407TAERO OC-12GD),30990000,27990000,https://gearvn.com/collections/vga-card-man-hinh,08/05/2026 09:28:01
GearVN,Card màn hình GIGABYTE AORUS GeForce RTX 4070 Ti MASTER 12GB (GV-N407TAORUS M-12GD),30990000,29490000,https://gearvn.com/collections/vga-card-man-hinh,08/05/2026 09:28:01
GearVN,Card màn hình GIGABYTE AORUS GeForce RTX 4070 Ti ELITE 12GB (GV-N407TAORUS E-12GD),29290000,28990000,https://gearvn.com/collections/vga-card-man-hinh,08/05/2026 09:28:01
GearVN,Card màn hình ASUS ROG Strix GeForce RTX 4070 Ti OC Edition 12GB (ROG-STRIX-RTX4070TI-O12G-GAMING),30490000,29990000,https://gearvn.com/collections/vga-card-man-hinh,08/05/2026 09:28:01
GearVN,Card màn hình ASUS ROG Strix GeForce RTX 4070 Ti 12GB (ROG-STRIX-RTX4070TI-12G-GAMING),29990000,26790000,https://gearvn.com/collections/vga-card-man-hinh,08/05/2026 09:28:01
GearVN,Card màn hình MSI GeForce RTX 4070 VENTUS 3X 12GB OC,0,17490000,https://gearvn.com/collections/vga-card-man-hinh,08/05/2026 09:28:01
GearVN,Card màn hình MSI GeForce RTX 4070 VENTUS 3X 12GB,0,16990000,https://gearvn.com/collections/vga-card-man-hinh,08/05/2026 09:28:01
GearVN,Card màn hình MSI GeForce RTX 4070 VENTUS 2X 12GB OC,0,16790000,https://gearvn.com/collections/vga-card-man-hinh,08/05/2026 09:28:01
GearVN,Card màn hình MSI GeForce RTX 4070 Ti SUPRIM 12GB,27990000,26990000,https://gearvn.com/collections/vga-card-man-hinh,08/05/2026 09:28:01
GearVN,Card màn hình MSI GeForce RTX 4070 GAMING X TRIO 12GB,19490000,18990000,https://gearvn.com/collections/vga-card-man-hinh,08/05/2026 09:28:01
GearVN,Card màn hình MSI GeForce RTX 4060 Ti VENTUS 2X BLACK 8G OC,13990000,13490000,https://gearvn.com/collections/vga-card-man-hinh,08/05/2026 09:28:01
GearVN,Card màn hình GIGABYTE GeForce RTX 4070 WINDFORCE OC 12G (GV-N4070WF3OC-12GD),17990000,17490000,https://gearvn.com/collections/vga-card-man-hinh,08/05/2026 09:28:01
GearVN,Card màn hình GIGABYTE GeForce RTX 4070 GAMING OC 12GB (GV-N4070GAMING OC-12GD),19990000,18990000,https://gearvn.com/collections/vga-card-man-hinh,08/05/2026 09:28:01
GearVN,Card màn hình GIGABYTE GeForce RTX 4070 EAGLE OC 12GB (GV-N4070EAGLE OC-12GD),17990000,17690000,https://gearvn.com/collections/vga-card-man-hinh,08/05/2026 09:28:01
GearVN,Card màn hình GIGABYTE GeForce RTX 4070 AERO OC 12GB (GV-N4070AERO OC-12GD),19990000,19290000,https://gearvn.com/collections/vga-card-man-hinh,08/05/2026 09:28:01
GearVN,Card màn hình GIGABYTE GeForce RTX 4060 Ti AERO OC 8G (GV-N406TAERO-OC-8GD),13990000,13490000,https://gearvn.com/collections/vga-card-man-hinh,08/05/2026 09:28:01
GearVN,Card màn hình GIGABYTE AORUS GeForce RTX 4070 MASTER 12GB (GV-N4070AORUS M-12GD),20990000,20490000,https://gearvn.com/collections/vga-card-man-hinh,08/05/2026 09:28:01
GearVN,Card màn hình ASUS TUF Gaming GeForce RTX 4070 OC Edition 12GB (TUF-RTX4070-O12G-GAMING),20490000,19990000,https://gearvn.com/collections/vga-card-man-hinh,08/05/2026 09:28:01
GearVN,Card màn hình ASUS TUF Gaming GeForce RTX 4070 12GB (TUF-RTX4070-12G-GAMING),0,19490000,https://gearvn.com/collections/vga-card-man-hinh,08/05/2026 09:28:01
GearVN,Card màn hình ASUS ROG Strix GeForce RTX 4070 OC Edition 12GB (ROG-STRIX-RTX4070-O12G-GAMING),0,21990000,https://gearvn.com/collections/vga-card-man-hinh,08/05/2026 09:28:01
GearVN,Card màn hình ASUS ROG Strix GeForce RTX 4070 12GB (ROG-STRIX-RTX4070-12G-GAMING),0,21490000,https://gearvn.com/collections/vga-card-man-hinh,08/05/2026 09:28:01
GearVN,Card màn hình ASUS PROART GeForce RTX 4080 OC Edition 16GB (PROART-RTX4080-O16G),0,35990000,https://gearvn.com/collections/vga-card-man-hinh,08/05/2026 09:28:01
GearVN,Card màn hình ASUS PROART GeForce RTX 4080 16GB (PROART-RTX4080-16G),0,35490000,https://gearvn.com/collections/vga-card-man-hinh,08/05/2026 09:28:01
GearVN,Card màn hình ASUS PROART GeForce RTX 4070 Ti OC Edition 12GB (PROART-RTX4070TI-O12G),0,23990000,https://gearvn.com/collections/vga-card-man-hinh,08/05/2026 09:28:01
GearVN,Card màn hình ASUS PROART GeForce RTX 4070 Ti 12GB (PROART-RTX4070TI-12G),0,23490000,https://gearvn.com/collections/vga-card-man-hinh,08/05/2026 09:28:01
GearVN,Card màn hình ASUS Dual GeForce RTX 4070 White OC Edition 12GB (DUAL-RTX4070-O12G-WHITE),0,17690000,https://gearvn.com/collections/vga-card-man-hinh,08/05/2026 09:28:01
GearVN,Card màn hình ASUS Dual GeForce RTX 4070 White 12GB (DUAL-RTX4070-12G-WHITE),0,17490000,https://gearvn.com/collections/vga-card-man-hinh,08/05/2026 09:28:01
GearVN,Card màn hình ASUS Dual GeForce RTX 4070 OC Edition 12GB (DUAL-RTX4070-O12G),18990000,17290000,https://gearvn.com/collections/vga-card-man-hinh,08/05/2026 09:28:01
GearVN,Card màn hình ASUS Dual GeForce RTX 4070 12GB (DUAL-RTX4070-12G),0,16990000,https://gearvn.com/collections/vga-card-man-hinh,08/05/2026 09:28:01
Tin Học Ngôi Sao,"Card màn hình NVIDIA GeForce RTX 3050 Inno3D Twin X2 | 6GB GDDR6, 2304 CUDA, 450W",5390000,5390000,https://tinhocngoisao.com/collections/card-man-hinh,08/05/2026 09:28:01
Tin Học Ngôi Sao,"Card màn hình NVIDIA GeForce RTX 3050 Colorful V4-4 | 6GB GDDR6, 2304 CUDA, 450W",5590000,5590000,https://tinhocngoisao.com/collections/card-man-hinh,08/05/2026 09:28:01
Tin Học Ngôi Sao,"Card màn hình NVIDIA GeForce RTX 3050 Gigabyte WindForce OC | 8GB GDDR6, 2560 CUDA, 450W",6490000,6490000,https://tinhocngoisao.com/collections/card-man-hinh,08/05/2026 09:28:01
Tin Học Ngôi Sao,"Card màn hình NVIDIA GeForce GT 730 ASUS | 2GB GDDR5, 384 CUDA, 300W",1750000,1750000,https://tinhocngoisao.com/collections/card-man-hinh,08/05/2026 09:28:01
Tin Học Ngôi Sao,"Card màn hình NVIDIA GeForce RTX 3050 ASUS Dual OC | 6GB GDDR6, 2304 CUDA, 450W",5590000,5590000,https://tinhocngoisao.com/collections/card-man-hinh,08/05/2026 09:28:01
Tin Học Ngôi Sao,Card màn hình Gigabyte RTX 3060 GAMING OC 8GB (GV-N3060GAMING OC-8GD),8490000,8490000,https://tinhocngoisao.com/collections/card-man-hinh,08/05/2026 09:28:01
Tin Học Ngôi Sao,"Card màn hình INNO3D GeForce GT 1030 | 2GB GDDR5, 384 CUDA, 300W",2190000,2190000,https://tinhocngoisao.com/collections/card-man-hinh,08/05/2026 09:28:01
Tin Học Ngôi Sao,"Card màn hình NVIDIA GeForce RTX 3050 Gigabyte WindForce OC | 6GB GDDR6, 2304 CUDA, 300W",5590000,5590000,https://tinhocngoisao.com/collections/card-man-hinh,08/05/2026 09:28:01
Tin Học Ngôi Sao,"Card màn hình NVIDIA GeForce RTX 3050 ZOTAC Twin Edge OC | 6GB GDDR6, 2560 CUDA, 450W",5490000,5490000,https://tinhocngoisao.com/collections/card-man-hinh,08/05/2026 09:28:01
Tin Học Ngôi Sao,"Card màn hình NVIDIA GeForce RTX 5060 ASUS Dual OC | 8GB GDDR7, 3840 CUDA, 550W",10290000,10290000,https://tinhocngoisao.com/collections/card-man-hinh,08/05/2026 09:28:01
Tin Học Ngôi Sao,"Card màn hình AMD Radeon RX 7600 ASUS Dual EVO OC | 8GB GDDR6, 2048 SP, 550W",7190000,7190000,https://tinhocngoisao.com/collections/card-man-hinh,08/05/2026 09:28:01
Tin Học Ngôi Sao,Card màn hình ASUS Dual GeForce RTX™ 5060 Ti 8GB GDDR7 OC Edition,11390000,11390000,https://tinhocngoisao.com/collections/card-man-hinh,08/05/2026 09:28:01
Tin Học Ngôi Sao,"Card màn hình NVIDIA GeForce RTX 5060 MSI SHADOW 2X OC | 8GB GDDR7, 3840 CUDA, 550W",9990000,9990000,https://tinhocngoisao.com/collections/card-man-hinh,08/05/2026 09:28:01
Tin Học Ngôi Sao,Card màn hình ASUS GT 1030 2GB GDDR5 Silent BRK (GT 1030-SL-2GB-BRK),2490000,2490000,https://tinhocngoisao.com/collections/card-man-hinh,08/05/2026 09:28:01
Tin Học Ngôi Sao,"Card màn hình NVIDIA GeForce RTX 5060 MSI VENTUS 2X OC | 8GB GDDR7, 3840 CUDA, 550W",10790000,10790000,https://tinhocngoisao.com/collections/card-man-hinh,08/05/2026 09:28:01
Tin Học Ngôi Sao,"Card màn hình NVIDIA GeForce RTX 5060 Palit Infinity 2 OC | 8GB GDDR7, 3840 CUDA",9490000,9490000,https://tinhocngoisao.com/collections/card-man-hinh,08/05/2026 09:28:01
Tin Học Ngôi Sao,"Card màn hình NVIDIA GeForce RTX 5070 Colorful Gaming 12GB-V | 12GB GDDR7, 6144 CUDA, 3 Fan, 650W",19090000,19090000,https://tinhocngoisao.com/collections/card-man-hinh,08/05/2026 09:28:01
Tin Học Ngôi Sao,"Card màn hình NVIDIA GeForce RTX 3050 ASUS Dual | 6GB GDDR6, 2304 CUDA, 450W",5690000,5690000,https://tinhocngoisao.com/collections/card-man-hinh,08/05/2026 09:28:01
Tin Học Ngôi Sao,Card màn hình ASRock AMD Radeon™ RX 9060 XT Challenger 16GB OC,12990000,12990000,https://tinhocngoisao.com/collections/card-man-hinh,08/05/2026 09:28:01
Tin Học Ngôi Sao,"Card màn hình AMD Radeon RX 7600 Gigabyte GAMING OC | 8GB GDDR6, 2048 SP, 550W",7490000,7490000,https://tinhocngoisao.com/collections/card-man-hinh,08/05/2026 09:28:01
Tin Học Ngôi Sao,Card màn hình ARK RX550 4GB,2190000,2190000,https://tinhocngoisao.com/collections/card-man-hinh,08/05/2026 09:28:01
Tin Học Ngôi Sao,Card màn hình Asus Dual RTX 5050 8GB (Dual-Rtx5050-8G),8690000,8690000,https://tinhocngoisao.com/collections/card-man-hinh,08/05/2026 09:28:01
Tin Học Ngôi Sao,"Card màn hình NVIDIA GeForce RTX 3050 ASUS Dual | 8GB GDDR6, 2560 CUDA, 450W",6490000,6490000,https://tinhocngoisao.com/collections/card-man-hinh,08/05/2026 09:28:01
Tin Học Ngôi Sao,"Card màn hình NVIDIA GeForce GTX 1650 Unika Super Sniper V2 | 4GB GDDR6, 896 CUDA, 300W",4250000,4250000,https://tinhocngoisao.com/collections/card-man-hinh,08/05/2026 09:28:01
Tin Học Ngôi Sao,"Card màn hình NVIDIA GeForce RTX 5050 Zotac Twin Edge OC (ZT-B50500H-10M) | 8GB GDDR6, 2560 CUDA, 550W",7590000,7590000,https://tinhocngoisao.com/collections/card-man-hinh,08/05/2026 09:28:01
Tin Học Ngôi Sao,"Card màn hình NVIDIA GeForce RTX 5060 Colorful iGame Ultra W DUO OC | 8GB GDDR7, 3840 CUDA, 550W",10990000,10990000,https://tinhocngoisao.com/collections/card-man-hinh,08/05/2026 09:28:01
Tin Học Ngôi Sao,Card màn hình Gigabyte RTX 5070 12G WINDFORCE OC SFF,18990000,18990000,https://tinhocngoisao.com/collections/card-man-hinh,08/05/2026 09:28:01
Tin Học Ngôi Sao,"Card màn hình NVIDIA GeForce RTX 2060 Unika Blizzard | 6GB GDDR6, 1920 CUDA, 500W",5150000,5150000,https://tinhocngoisao.com/collections/card-man-hinh,08/05/2026 09:28:01
Tin Học Ngôi Sao,"Card màn hình Colorful GeForce RTX 5070 Ti Battle AX | 16GB GDDR7, 8960 CUDA, 750W",27290000,27290000,https://tinhocngoisao.com/collections/card-man-hinh,08/05/2026 09:28:01
Tin Học Ngôi Sao,"Card màn hình NVIDIA GeForce RTX 5060 Gigabyte WINDFORCE OC | 8GB GDDR7, 3840 CUDA, 450W",9490000,9490000,https://tinhocngoisao.com/collections/card-man-hinh,08/05/2026 09:28:01
Tin Học Ngôi Sao,"Card màn hình NVIDIA GeForce RTX 3050 MSI Ventus 2X E OC | 6GB GDDR6, 2560 CUDA, 300W",5690000,5690000,https://tinhocngoisao.com/collections/card-man-hinh,08/05/2026 09:28:01
Tin Học Ngôi Sao,"Card màn hình NVIDIA GeForce RTX 5060 Ti ZOTAC Twin Edge | 16GB GDDR7, 4608 CUDA, 600W",16290000,16290000,https://tinhocngoisao.com/collections/card-man-hinh,08/05/2026 09:28:01
Tin Học Ngôi Sao,"Card màn hình AMD Radeon RX560 T-WOLF | 4GB GDDR5, 1024 SP, 850W",2490000,2490000,https://tinhocngoisao.com/collections/card-man-hinh,08/05/2026 09:28:01
Tin Học Ngôi Sao,"Card màn hình NVIDIA GeForce RTX 5060 Ti ASUS Dual OC | 16GB GDDR7, 4608 CUDA, 550W",17490000,17490000,https://tinhocngoisao.com/collections/card-man-hinh,08/05/2026 09:28:01
Tin Học Ngôi Sao,"Card màn hình NVIDIA GeForce RTX 5060 Colorful Gaming DUO | 8GB GDDR7, 3840 CUDA, 550W",9790000,9790000,https://tinhocngoisao.com/collections/card-man-hinh,08/05/2026 09:28:01
Tin Học Ngôi Sao,"Card màn hình AMD Radeon RX 9060 XT Gigabyte Gaming OC | 16GB GDDR6, 2048 SP, 550W",12990000,12990000,https://tinhocngoisao.com/collections/card-man-hinh,08/05/2026 09:28:01
Tin Học Ngôi Sao,"Card màn hình NVIDIA GeForce RTX 5060 Ti Palit Dual | 8GB GDDR7, 4608 CUDA",11290000,11290000,https://tinhocngoisao.com/collections/card-man-hinh,08/05/2026 09:28:01
Tin Học Ngôi Sao,"Card màn hình (AMD) ASUS DUAL RX 9060XT (DUAL-RX9060XT-16G) | 16GB GDDR6, 2048 Stream",13590000,13590000,https://tinhocngoisao.com/collections/card-man-hinh,08/05/2026 09:28:01
Tin Học Ngôi Sao,"Card màn hình NVIDIA GeForce RTX 5060 Ti MSI VENTUS 2X PLUS | 8GB GDDR7, 4608 CUDA, 600W",11290000,11290000,https://tinhocngoisao.com/collections/card-man-hinh,08/05/2026 09:28:01
Tin Học Ngôi Sao,Card màn hình ARKTEK GTX 1660 Super 6GB,4790000,4790000,https://tinhocngoisao.com/collections/card-man-hinh,08/05/2026 09:28:01
Tin Học Ngôi Sao,"Card màn hình Radeon RX 9060 XT Gigabyte Gaming OC | 8GB GDDR6, 2048, 450W",9990000,9990000,https://tinhocngoisao.com/collections/card-man-hinh,08/05/2026 09:28:01
Tin Học Ngôi Sao,"Card màn hình NVIDIA GeForce RTX 5070 Ti Palit GamingPro-S | 16GB GDDR7, 8960 CUDA",27190000,27190000,https://tinhocngoisao.com/collections/card-man-hinh,08/05/2026 09:28:01
Tin Học Ngôi Sao,"Card màn hình NVIDIA GeForce GT 710 Asus EVO | 2GB GDDR5, 192 CUDA, 300W",1090000,1090000,https://tinhocngoisao.com/collections/card-man-hinh,08/05/2026 09:28:01
Tin Học Ngôi Sao,"Card màn hình (AMD) ASRock RX 9070 XT Challenger 16GB OC | 16GB GDDR7, OC Edition",20690000,20690000,https://tinhocngoisao.com/collections/card-man-hinh,08/05/2026 09:28:01
Tin Học Ngôi Sao,"Card màn hình NVIDIA GeForce RTX 5070 Palit Infinity 3 | 12GB GDDR7, 6144 CUDA",19290000,19290000,https://tinhocngoisao.com/collections/card-man-hinh,08/05/2026 09:28:01
Tin Học Ngôi Sao,"Card màn hình NVIDIA GeForce RTX 3050 MSI Ventus 2X XS OC | 8GB GDDR6, 2560 CUDA, 500W",7590000,7590000,https://tinhocngoisao.com/collections/card-man-hinh,08/05/2026 09:28:01
Tin Học Ngôi Sao,"Card màn hình NVIDIA GeForce RTX 5070 Palit White OC | 12GB GDDR7, 6144 CUDA",19390000,19390000,https://tinhocngoisao.com/collections/card-man-hinh,08/05/2026 09:28:01
Tin Học Ngôi Sao,"Card màn hình AMD Radeon RX 580 T-WOLF | 8GB GDDR5, 2304 SP, 500W",3390000,3390000,https://tinhocngoisao.com/collections/card-man-hinh,08/05/2026 09:28:01
Tin Học Ngôi Sao,"Card màn hình NVIDIA GeForce RTX 5050 MSI Shadow 2X OC | 8GB GDDR6, 2560 CUDA, 550W",8890000,8890000,https://tinhocngoisao.com/collections/card-man-hinh,08/05/2026 09:28:01
Tin Học Ngôi Sao,"Card màn hình NVIDIA GeForce RTX 5080 Zotac SOLID CORE OC (ZT-B50800J2-10P) | 16GB GDDR7, 10752 CUDA, 850W",32690000,32690000,https://tinhocngoisao.com/collections/card-man-hinh,08/05/2026 09:28:01
Tin Học Ngôi Sao,Card màn hình Gigabyte RTX 5070 12G EAGLE OC SFF,19890000,19890000,https://tinhocngoisao.com/collections/card-man-hinh,08/05/2026 09:28:01
Tin Học Ngôi Sao,"Card màn hình (AMD) ARK Radeon RX 550 1 Fan | 8GB GDDR5, 128-bit, 640 SP, 400W",2950000,2950000,https://tinhocngoisao.com/collections/card-man-hinh,08/05/2026 09:28:01
Tin Học Ngôi Sao,"Card màn hình NVIDIA GeForce RTX 2060 Super T-WOLF | 8GB GDDR6, 2176 CUDA, 550W",6190000,6190000,https://tinhocngoisao.com/collections/card-man-hinh,08/05/2026 09:28:01
Tin Học Ngôi Sao,Card màn hình MSI RTX 5060 Ti Shadow 2X OC | 8GB GDDR7,11990000,11990000,https://tinhocngoisao.com/collections/card-man-hinh,08/05/2026 09:28:01
Tin Học Ngôi Sao,"Card màn hình NVIDIA GeForce RTX 5080 Zotac SOLID CORE (ZT-B50800D2-10P) | 16GB GDDR7, 10752 CUDA, 850W",31990000,31990000,https://tinhocngoisao.com/collections/card-man-hinh,08/05/2026 09:28:01
Tin Học Ngôi Sao,"Card màn hình NVIDIA GeForce RTX 5060 Ti INNO3D Twin X2 | 16GB GDDR7, 4608 CUDA, 650W",16390000,16390000,https://tinhocngoisao.com/collections/card-man-hinh,08/05/2026 09:28:01
Tin Học Ngôi Sao,"Card màn hình NVIDIA GeForce RTX 5060 Ti Colorful Gaming DUO | 16GB GDDR7, 4608 CUDA, 600W",16550000,16550000,https://tinhocngoisao.com/collections/card-man-hinh,08/05/2026 09:28:01
Tin Học Ngôi Sao,"Card màn hình AMD Radeon RX 9060 XT ASUS Prime OC | 16GB GDDR6, 2048 SP, 550W",13790000,13790000,https://tinhocngoisao.com/collections/card-man-hinh,08/05/2026 09:28:01
Tin Học Ngôi Sao,"Card màn hình NVIDIA GeForce RTX 5060 MSI VENTUS 2X WHITE OC | 8GB GDDR7, 3840 CUDA, 550W",10890000,10890000,https://tinhocngoisao.com/collections/card-man-hinh,08/05/2026 09:28:01
Tin Học Ngôi Sao,"Card màn hình NVIDIA GeForce RTX 5080 Gigabyte WINDFORCE OC SFF OC | 16GB GDDR7, 10752 CUDA, 850W",38500000,38500000,https://tinhocngoisao.com/collections/card-man-hinh,08/05/2026 09:28:01
Tin Học Ngôi Sao,"Card màn hình NVIDIA RTX A1000 Qleadtek Quadro RTX A1000 | 8GB GDDR6, 2304 CUDA,",13690000,13690000,https://tinhocngoisao.com/collections/card-man-hinh,08/05/2026 09:28:01
Tin Học Ngôi Sao,"Card màn hình NVIDIA GeForce RTX 5060 Ti Colorful iGame Ultra White OC | 16GB GDDR7, 4608 CUDA, 650W",17790000,17790000,https://tinhocngoisao.com/collections/card-man-hinh,08/05/2026 09:28:01
Tin Học Ngôi Sao,"Card màn hình (NVIDIA) T-Wolf GeForce GTX 1050 Ti V2 (Pnb 686871045) | 4GB GDDR5, 768 CUDA",3290000,3290000,https://tinhocngoisao.com/collections/card-man-hinh,08/05/2026 09:28:01
Tin Học Ngôi Sao,"Card màn hình NVIDIA GeForce GTX 1060 T-Wolf | 3GB GDDR5, 1152 CUDA, 400W",2990000,2990000,https://tinhocngoisao.com/collections/card-man-hinh,08/05/2026 09:28:01
Tin Học Ngôi Sao,"Card màn hình NVIDIA GeForce RTX 5070 Gigabyte GAMING OC | 12GB GDDR7, 6144 CUDA, 750W",24390000,24390000,https://tinhocngoisao.com/collections/card-man-hinh,08/05/2026 09:28:01
Tin Học Ngôi Sao,"Card màn hình AMD Radeon RX 560 Unika Blizzard White | 4GB GDDR5, 896 SP, 400W",1950000,1950000,https://tinhocngoisao.com/collections/card-man-hinh,08/05/2026 09:28:01
Tin Học Ngôi Sao,"Card màn hình NVIDIA GeForce RTX 5060 Gigabyte WINDFORCE MAX OC 8G (GV-N5060WF2MAX OC-8GD) | 8GB GDDR7, 3840 CUDA",9690000,9690000,https://tinhocngoisao.com/collections/card-man-hinh,08/05/2026 09:28:01
Tin Học Ngôi Sao,Card màn hình INNO3D RTX™ 5080 X3,37290000,37290000,https://tinhocngoisao.com/collections/card-man-hinh,08/05/2026 09:28:01
Tin Học Ngôi Sao,"Card màn hình AMD Radeon RX 6900 XT ASUS TUF Gaming TOP Edition | 16GB GDDR6, 5120 SP, 850W",21990000,21990000,https://tinhocngoisao.com/collections/card-man-hinh,08/05/2026 09:28:01
Tin Học Ngôi Sao,Card màn hình AMD Sapphire NITRO + RX7900XTX Gaming OC Vapor-X 24G 3 Fan,27900000,27900000,https://tinhocngoisao.com/collections/card-man-hinh,08/05/2026 09:28:01
Tin Học Ngôi Sao,"Card màn hình AMD Radeon RX 9070 XT ASUS Prime OC | 16GB GDDR6, 4096 SP, 750W",21990000,21990000,https://tinhocngoisao.com/collections/card-man-hinh,08/05/2026 09:28:01
Tin Học Ngôi Sao,"Card màn hình NVIDIA GeForce RTX 5060 Zotac LOW PROFILE (ZT-B50600L-10L) | 8GB GDDR7, 3840 CUDA",9190000,9190000,https://tinhocngoisao.com/collections/card-man-hinh,08/05/2026 09:28:01
Tin Học Ngôi Sao,"Card màn hình NVIDIA GeForce RTX 5070 Colorful iGame Ultra W OC | 12GB GDDR7, 6144 CUDA, 650W",20990000,20990000,https://tinhocngoisao.com/collections/card-man-hinh,08/05/2026 09:28:01
Tin Học Ngôi Sao,"Card màn hình NVIDIA GeForce RTX 5060 Ti Colorful Battle AX Duo | 16GB GDDR7, 4608 CUDA, 600W",16590000,16590000,https://tinhocngoisao.com/collections/card-man-hinh,08/05/2026 09:28:01
Tin Học Ngôi Sao,"Card màn hình Gigabyte GeForce RTX 5070 Ti Eagle Ice SFF OC Ice | 16GB GDDR7, 8960 CUDA, PCIe 5.0, 3 Fan",29590000,29590000,https://tinhocngoisao.com/collections/card-man-hinh,08/05/2026 09:28:01
Tin Học Ngôi Sao,"Card màn hình Gigabyte GeForce RTX 5060 Ti WINDFORCE MAX OC 8G (GV-N506TWF2MAX OC-8GD) | 8GB GDDR7, 4608 CUDA",10890000,10890000,https://tinhocngoisao.com/collections/card-man-hinh,08/05/2026 09:28:01
Tin Học Ngôi Sao,"Card màn hình NVIDIA GeForce RTX 5060 Ti MSI VENTUS 2X PLUS OC | 8GB GDDR7, 4608 CUDA, 600W",12790000,12790000,https://tinhocngoisao.com/collections/card-man-hinh,08/05/2026 09:28:01
Tin Học Ngôi Sao,"Card màn hình NVIDIA GeForce RTX 5060 Ti ASUS PRIME OC | 16GB GDDR7, 4608 CUDA, 550W",17590000,17590000,https://tinhocngoisao.com/collections/card-man-hinh,08/05/2026 09:28:01
Tin Học Ngôi Sao,"Card màn hình NVIDIA GeForce RTX 5060 Ti INNO3D Twin X2 OC | 8GB GDDR7, 4608 CUDA, 650W",12100000,12100000,https://tinhocngoisao.com/collections/card-man-hinh,08/05/2026 09:28:01
Tin Học Ngôi Sao,"Card màn hình NVIDIA GeForce RTX 5060 Ti Colorful iGame Mini W OC 8GB-V | 8GB GDDR7, 4608 CUDA, 1 Fan, Trắng",13990000,13990000,https://tinhocngoisao.com/collections/card-man-hinh,08/05/2026 09:28:01
Tin Học Ngôi Sao,"Card màn hình NVIDIA GeForce RTX 5070 Ti Gigabyte WINDFORCE OC SFF OC | 16GB GDDR7, 8960 CUDA, 750W",26490000,26490000,https://tinhocngoisao.com/collections/card-man-hinh,08/05/2026 09:28:01
Tin Học Ngôi Sao,"Card màn hình NVIDIA GeForce RTX 5060 Colorful iGame Ultra W OC | 8GB GDDR7, 3840 CUDA, 550W",11390000,11390000,https://tinhocngoisao.com/collections/card-man-hinh,08/05/2026 09:28:01
Tin Học Ngôi Sao,"Card màn hình NVIDIA GeForce RTX 5070 ASUS Dual OC | 12GB GDDR7, 6144 CUDA, 650W",18490000,18490000,https://tinhocngoisao.com/collections/card-man-hinh,08/05/2026 09:28:01
Tin Học Ngôi Sao,"Card màn hình NVIDIA GeForce RTX 5060 MSI INSPIRE 2X OC | 8GB GDDR7, 3840 CUDA, 550W",9990000,9990000,https://tinhocngoisao.com/collections/card-man-hinh,08/05/2026 09:28:01
Tin Học Ngôi Sao,"Card màn hình NVIDIA GeForce RTX 5060 Ti Gigabyte WINDFORCE OC | 16GB GDDR7, 4608 CUDA, 650W",17990000,17990000,https://tinhocngoisao.com/collections/card-man-hinh,08/05/2026 09:28:01
Tin Học Ngôi Sao,"Card màn hình (NVIDIA) Leadtek RTX 4000 Ada | 20GB GDDR6, 6144 CUDA",41990000,41990000,https://tinhocngoisao.com/collections/card-man-hinh,08/05/2026 09:28:01
Tin Học Ngôi Sao,"Card màn hình AMD Radeon RX 9060 XT SAPPHIRE NITRO+ Gaming OC | 16GB GDDR6, 2048 SP, 550W",14990000,14990000,https://tinhocngoisao.com/collections/card-man-hinh,08/05/2026 09:28:01
Tin Học Ngôi Sao,"Card màn hình AMD Radeon RX 9070 XT ASUS RX 9070 Prime OC | 16GB GDDR6, 5384 SP, 650W",19890000,19890000,https://tinhocngoisao.com/collections/card-man-hinh,08/05/2026 09:28:01
Tin Học Ngôi Sao,"Card màn hình NVIDIA GeForce RTX 5070 ZOTAC SOLID OC | 12GB GDDR7, 6144 CUDA, 650W",22290000,22290000,https://tinhocngoisao.com/collections/card-man-hinh,08/05/2026 09:28:01
Tin Học Ngôi Sao,"Card màn hình NVIDIA GeForce RTX 5080 INNO3D X3 OC | 16GB GDDR7, 10752 CUDA, 850W",33890000,33890000,https://tinhocngoisao.com/collections/card-man-hinh,08/05/2026 09:28:01
Tin Học Ngôi Sao,"Card màn hình NVIDIA GeForce RTX 5060 MSI GAMING OC | 8GB GDDR7, 3840 CUDA, 550W",11690000,11690000,https://tinhocngoisao.com/collections/card-man-hinh,08/05/2026 09:28:01
Tin Học Ngôi Sao,"Card màn hình ASUS ProArt GeForce RTX 5080 OC 16GB GDDR7 (PROART-RTX5080-O16G) | 16GB GDDR7, OC Edition, 10752 CUDA",44990000,44990000,https://tinhocngoisao.com/collections/card-man-hinh,08/05/2026 09:28:01
Tin Học Ngôi Sao,"Card màn hình NVIDIA GeForce RTX 5070 Ti ASUS TUF Gaming OC | 16GB GDDR7, 8960 CUDA, 850W",32990000,32990000,https://tinhocngoisao.com/collections/card-man-hinh,08/05/2026 09:28:01
Tin Học Ngôi Sao,"Card màn hình AMD Radeon RX 6900 XT ASUS TUF Gaming OC | 16GB GDDR6, 5120 SP, 850W",20990000,20990000,https://tinhocngoisao.com/collections/card-man-hinh,08/05/2026 09:28:01
Tin Học Ngôi Sao,Card màn hình MSI RTX 5080 16G VENTUS 3X OC WHITE,37890000,37890000,https://tinhocngoisao.com/collections/card-man-hinh,08/05/2026 09:28:01
Tin Học Ngôi Sao,"Card màn hình NVIDIA GeForce RTX 5060 Ti PNY EPIC-X RGB OC | 16 GB GDDR7, 4608 CUDA, 600W",17990000,17990000,https://tinhocngoisao.com/collections/card-man-hinh,08/05/2026 09:28:01
Tin Học Ngôi Sao,"Card màn hình NVIDIA GeForce RTX 5060 Ti Colorful iGame Mini OC 8GB-V | 8GB GDDR7, 4608 CUDA, 1 Fan, Đen",13690000,13690000,https://tinhocngoisao.com/collections/card-man-hinh,08/05/2026 09:28:01
Tin Học Ngôi Sao,"Card màn hình AMD Radeon RX 9060 XT ASRock Steel Legend OC | 16GB GDDR6, 2048 SP, 750W",13690000,13690000,https://tinhocngoisao.com/collections/card-man-hinh,08/05/2026 09:28:01
Tin Học Ngôi Sao,"Card màn hình NVIDIA GeForce RTX 5070 INNO3D TWIN X2 OC WHITE OC | 12GB GDDR7, 6144 CUDA, 650W",18190000,18190000,https://tinhocngoisao.com/collections/card-man-hinh,08/05/2026 09:28:01
Tin Học Ngôi Sao,"Card màn hình AMD Radeon RX 7600 SAPPHIRE PULSE OC | 8GB GDDR6, 2048 SP, 550W",7490000,7490000,https://tinhocngoisao.com/collections/card-man-hinh,08/05/2026 09:28:01
Tin Học Ngôi Sao,"Card màn hình NVIDIA GeForce RTX 5080 PNY Triple Fan | 16GB GDDR7, 10752 CUDA, 850W",35400000,35400000,https://tinhocngoisao.com/collections/card-man-hinh,08/05/2026 09:28:01
Tin Học Ngôi Sao,"Card màn hình NVIDIA GeForce RTX 5080 ASUS ROG Astral OC | 16GB GDDR7, 10752 CUDA, 850W",47990000,47990000,https://tinhocngoisao.com/collections/card-man-hinh,08/05/2026 09:28:01
Tin Học Ngôi Sao,Card màn hình MSI RTX™ 5080 16G INSPIRE 3X OC,38290000,38290000,https://tinhocngoisao.com/collections/card-man-hinh,08/05/2026 09:28:01
Tin Học Ngôi Sao,"Card màn hình NVIDIA T1000 Quadro T1000 | 4GB GDDR6, 896 CUDA,",8890000,8890000,https://tinhocngoisao.com/collections/card-man-hinh,08/05/2026 09:28:01
Tin Học Ngôi Sao,"Card màn hình NVIDIA GeForce RTX 5080 ZOTAC AMP Extreme INFINITY | 16GB GDDR7, 10752 CUDA, 850W",38290000,38290000,https://tinhocngoisao.com/collections/card-man-hinh,08/05/2026 09:28:01
Tin Học Ngôi Sao,"Card màn hình AMD Radeon RX 9070 XT ASRock Steel Legend | 16GB GDDR6, 4096 SP, 800W",21990000,21990000,https://tinhocngoisao.com/collections/card-man-hinh,08/05/2026 09:28:01
Tin Học Ngôi Sao,"Card màn hình NVIDIA GeForce RTX 5070 MSI VANGUARD SOC | 12GB GDDR7, 6144 CUDA, 650W",21590000,21590000,https://tinhocngoisao.com/collections/card-man-hinh,08/05/2026 09:28:01
Tin Học Ngôi Sao,"Card màn hình NVIDIA GeForce RTX 5060 Ti MSI VENTUS 2X PLUS OC | 16GB GDDR7, 4608 CUDA, 600W",17190000,17190000,https://tinhocngoisao.com/collections/card-man-hinh,08/05/2026 09:28:01
Tin Học Ngôi Sao,"Card màn hình NVIDIA RTX A400 Qleadtek Quadro | 4GB GDDR6, 768 CUDA",5590000,5590000,https://tinhocngoisao.com/collections/card-man-hinh,08/05/2026 09:28:01
Tin Học Ngôi Sao,Card màn hình MSI GeForce RTX™ 5060 8G GAMING TRIO OC,11990000,11990000,https://tinhocngoisao.com/collections/card-man-hinh,08/05/2026 09:28:01
Tin Học Ngôi Sao,Card màn hình ASUS PRIME RTX™ 5080 16GB GDDR7 OC Edition,37990000,37990000,https://tinhocngoisao.com/collections/card-man-hinh,08/05/2026 09:28:01
Tin Học Ngôi Sao,"Card màn hình NVIDIA GeForce GTX 1050 Ti Unika Blizzard | 4GB GDDR5, 768 CUDA, 300W",3290000,3290000,https://tinhocngoisao.com/collections/card-man-hinh,08/05/2026 09:28:01
Tin Học Ngôi Sao,"Card màn hình NVIDIA GeForce RTX 5060 INNO3D TWIN X2 OC | 8GB GDDR7, 3840 CUDA, 550W",9590000,9590000,https://tinhocngoisao.com/collections/card-man-hinh,08/05/2026 09:28:01
Tin Học Ngôi Sao,"Card màn hình NVIDIA GeForce RTX 5060 Palit Dual | 8GB GDDR7, 3840 CUDA, 550W",8890000,8890000,https://tinhocngoisao.com/collections/card-man-hinh,08/05/2026 09:28:01
Tin Học Ngôi Sao,"Card màn hình NVIDIA GeForce RTX 5060 INNO3D TWIN X2 | 8GB GDDR7, 3840 CUDA, 550W",9590000,9590000,https://tinhocngoisao.com/collections/card-man-hinh,08/05/2026 09:28:01
Tin Học Ngôi Sao,"Card màn hình NVIDIA GeForce RTX 5070 Ti ZOTAC AMP Extreme INFINITY | 16GB GDDR7, 8960 CUDA, 750W",29990000,29990000,https://tinhocngoisao.com/collections/card-man-hinh,08/05/2026 09:28:01
Tin Học Ngôi Sao,"Card màn hình AMD Radeon RX 9070 XT ASRock Taichi OC | 16GB GDDR6, 4096 SP, 850W",22590000,22590000,https://tinhocngoisao.com/collections/card-man-hinh,08/05/2026 09:28:01
Tin Học Ngôi Sao,"Card màn hình NVIDIA GeForce RTX 5060 Ti Colorful iGame Ultra W OC | 8GB GDDR7, 4608 CUDA, 600W",13890000,13890000,https://tinhocngoisao.com/collections/card-man-hinh,08/05/2026 09:28:01
Tin Học Ngôi Sao,"Card màn hình NVIDIA GeForce RTX 5060 Ti MSI INSPIRE 2X OC | 8GB GDDR7, 4608 CUDA, 550W",13390000,13390000,https://tinhocngoisao.com/collections/card-man-hinh,08/05/2026 09:28:01
Tin Học Ngôi Sao,"Card màn hình AMD Radeon RX 9070 Gigabyte RX 9070 Gaming OC | 16GB GDDR6, 5384 SP, 750W",19290000,19290000,https://tinhocngoisao.com/collections/card-man-hinh,08/05/2026 09:28:01
Tin Học Ngôi Sao,"Card màn hình NVIDIA GeForce RTX 5060 Ti Colorful iGame Ultra W DUO OC | 8GB GDDR7, 4608 CUDA, 600W",12790000,12790000,https://tinhocngoisao.com/collections/card-man-hinh,08/05/2026 09:28:01
Tin Học Ngôi Sao,"Card màn hình NVIDIA GeForce RTX 4070 Colorful Neptune OC | 12GB GDDR6, 5888 CUDA, 750W",18390000,18390000,https://tinhocngoisao.com/collections/card-man-hinh,08/05/2026 09:28:01
Tin Học Ngôi Sao,"Card màn hình NVIDIA GeForce RTX 5070 Ti ZOTAC AMP Extreme INFINITY | 16GB GDDR7, 8960 CUDA, 750W",29990000,29990000,https://tinhocngoisao.com/collections/card-man-hinh,08/05/2026 09:28:01
Tin Học Ngôi Sao,"Card màn hình NVIDIA GeForce RTX 5070 Ti MSI Expert OC | 16GB GDDR7, 8960 CUDA, 750W",28990000,28990000,https://tinhocngoisao.com/collections/card-man-hinh,08/05/2026 09:28:01
Tin Học Ngôi Sao,"Card màn hình NVIDIA GeForce RTX 5060 Ti ZOTAC Twin Edge | 8GB GDDR7, 4608 CUDA, 600W",11390000,11390000,https://tinhocngoisao.com/collections/card-man-hinh,08/05/2026 09:28:01
Tin Học Ngôi Sao,Card màn hình GIGABYTE AORUS RX 9070 XT 16G ELITE (GV-R9070XTAORUS E-16GD),22990000,22990000,https://tinhocngoisao.com/collections/card-man-hinh,08/05/2026 09:28:01
Tin Học Ngôi Sao,"Card màn hình NVIDIA GeForce RTX 5080 ASUS TUF Gaming OC | 16GB GDDR7, 10752 CUDA, 850W",42490000,42490000,https://tinhocngoisao.com/collections/card-man-hinh,08/05/2026 09:28:01
Tin Học Ngôi Sao,"Card màn hình NVIDIA GeForce RTX 5060 Gigabyte WINDFORCE | 8GB GDDR7, 3840 CUDA, 450W",9190000,9190000,https://tinhocngoisao.com/collections/card-man-hinh,08/05/2026 09:28:01
Tin Học Ngôi Sao,Card màn hình MSI RTX™ 5090 32G SUPRIM SOC,115000000,115000000,https://tinhocngoisao.com/collections/card-man-hinh,08/05/2026 09:28:01
Tin Học Ngôi Sao,"Card màn hình NVIDIA GeForce RTX 4060 MSI Ventus 2X Black OC | 8GB GDDR6, 3072 CUDA, 550W",8490000,8490000,https://tinhocngoisao.com/collections/card-man-hinh,08/05/2026 09:28:01
Tin Học Ngôi Sao,"Card màn hình NVIDIA GeForce RTX 5070 Ti ASUS TUF OC White Gaming | 16GB GDDR7, White Edition (TUF-RTX5070TI-O16G-WHITE-GAMING)",33290000,33290000,https://tinhocngoisao.com/collections/card-man-hinh,08/05/2026 09:28:01
Tin Học Ngôi Sao,"Card màn hình NVIDIA GeForce GTX 1660 Super Unika Blizzard | 6GB GDDR6, 1408 CUDA, 450W",4590000,4590000,https://tinhocngoisao.com/collections/card-man-hinh,08/05/2026 09:28:01
Tin Học Ngôi Sao,"Card màn hình NVIDIA GeForce GT 1030 UNIKA 4GD4 V3 | 4GB DDR4, 64-bit, 1 Fan",1990000,1990000,https://tinhocngoisao.com/collections/card-man-hinh,08/05/2026 09:28:01
Tin Học Ngôi Sao,"Card màn hình (AMD) UNIKA Blizzards White RX 7600 8GD6 V2 | 8GB GDDR6, 128-bit, 3 Fan, Trắng",6990000,6990000,https://tinhocngoisao.com/collections/card-man-hinh,08/05/2026 09:28:01
Tin Học Ngôi Sao,"Card màn hình NVIDIA GeForce RTX 3060 SimorChip (SMCRTX306012GD6) | 12GB GDDR6, 3584 CUDA, PCIe 4.0",8190000,8190000,https://tinhocngoisao.com/collections/card-man-hinh,08/05/2026 09:28:01
GearVN,Card màn hình GIGABYTE GeForce RTX 3050 WINDFORCE OC V2 8G (GV-N3050WF2OCV2-8GD),8490000,8390000,https://gearvn.com/collections/vga-card-man-hinh,08/05/2026 11:45:19
GearVN,Card màn hình MSI GeForce RTX 5060 Ventus 2X OC White 8GB,11990000,11490000,https://gearvn.com/collections/vga-card-man-hinh,08/05/2026 11:45:19
GearVN,Card màn hình SPARKLE Intel Arc B580 TITAN OC 12GB GDDR6,10990000,9690000,https://gearvn.com/collections/vga-card-man-hinh,08/05/2026 11:45:19
GearVN,Card màn hình Gigabyte GeForce RTX 5060 Windforce Max OC 8GB,11990000,11490000,https://gearvn.com/collections/vga-card-man-hinh,08/05/2026 11:45:19
GearVN,Card màn hình Zotac GEFORCE RTX 5050 TWIN EDGE OC 8GB GDDR6,9490000,8990000,https://gearvn.com/collections/vga-card-man-hinh,08/05/2026 11:45:19
GearVN,Card màn hình Zotac GEFORCE RTX 3050 TWIN EDGE OC 6GB GDDR6,6890000,6390000,https://gearvn.com/collections/vga-card-man-hinh,08/05/2026 11:45:19
GearVN,Card màn hình MSI GeForce RTX 5060 Ventus 2X OC 8GB,11990000,10990000,https://gearvn.com/collections/vga-card-man-hinh,08/05/2026 11:45:19
GearVN,Card màn hình Zotac GeForce RTX 5060 Ti 16GB Twin Edge OC,16990000,15990000,https://gearvn.com/collections/vga-card-man-hinh,08/05/2026 11:45:19
GearVN,Card màn hình Gigabyte GeForce RTX 5060 Eagle Ice OC 8GB,11690000,9990000,https://gearvn.com/collections/vga-card-man-hinh,08/05/2026 11:45:19
GearVN,Card màn hình GIGABYTE GeForce RTX 4070 SUPER WINDFORCE OC 12G (GV-N407SWF3OC-12GD),20990000,19490000,https://gearvn.com/collections/vga-card-man-hinh,08/05/2026 11:45:19
GearVN,Card màn hình MSI GeForce RTX 5080 16G VENTUS 3X OC White,53990000,49990000,https://gearvn.com/collections/vga-card-man-hinh,08/05/2026 11:45:19
GearVN,Card màn hình GIGABYTE GeForce RTX 3060 WINDFORCE OC 12G V2 (GV-N3060WF2OC-12GD),8990000,8590000,https://gearvn.com/collections/vga-card-man-hinh,08/05/2026 11:45:19
GearVN,Card màn hình ASUS Dual Radeon RX 6500 XT V2 OC Edition 4GB GDDR6 (DUAL-RX6500XT-O4G-V2),4990000,3790000,https://gearvn.com/collections/vga-card-man-hinh,08/05/2026 11:45:19
GearVN,Card màn hình ASUS Dual GeForce RTX 4060 V2 OC Edition 8GB GDDR6 (DUAL-RTX4060-O8G-V2),8990000,8490000,https://gearvn.com/collections/vga-card-man-hinh,08/05/2026 11:45:19
GearVN,Card màn hình ASUS Dual Radeon RX 7600 V2 OC Edition 8GB GDDR6 (DUAL-RX7600-O8G-V2),7990000,7790000,https://gearvn.com/collections/vga-card-man-hinh,08/05/2026 11:45:19
GearVN,Card màn hình GIGABYTE AORUS GeForce RTX 4080 SUPER XTREME ICE 16G (GV-N408SAORUSX ICE-16GD),59990000,39990000,https://gearvn.com/collections/vga-card-man-hinh,08/05/2026 11:45:19
GearVN,Card màn hình ASUS Dual GeForce RTX 3050 6GB GDDR6 (DUAl-RTX3050-6G),5690000,4690000,https://gearvn.com/collections/vga-card-man-hinh,08/05/2026 11:45:19
GearVN,Card màn hình ASUS Dual GeForce RTX 3050 OC Edition 6GB (DUAl-RTX3050-O6G),5790000,4790000,https://gearvn.com/collections/vga-card-man-hinh,08/05/2026 11:45:19
GearVN,Card màn hình MSI GeForce RTX 3050 VENTUS 2X 6G OC,5990000,4990000,https://gearvn.com/collections/vga-card-man-hinh,08/05/2026 11:45:19
GearVN,Card màn hình ASUS Dual GeForce GTX 1650 OC Edition 4GB GDDR6 EVO (DUAL-GTX1650-O4GD6-P-EVO),4190000,3690000,https://gearvn.com/collections/vga-card-man-hinh,08/05/2026 11:45:19
GearVN,Card màn hình MSI GeForce RTX 4060 VENTUS 2X WHITE 8G OC,9390000,8990000,https://gearvn.com/collections/vga-card-man-hinh,08/05/2026 11:45:19
GearVN,Card màn hình MSI GeForce RTX 3050 VENTUS 2X XS 8G OC,6990000,5990000,https://gearvn.com/collections/vga-card-man-hinh,08/05/2026 11:45:19
GearVN,Card màn hình MSI GeForce RTX 4060 VENTUS 2X BLACK 8G OC,9590000,8490000,https://gearvn.com/collections/vga-card-man-hinh,08/05/2026 11:45:19
GearVN,Card màn hình MSI GeForce RTX 3060 Ventus 2X OC 12G,8990000,8290000,https://gearvn.com/collections/vga-card-man-hinh,08/05/2026 11:45:19
GearVN,Card màn hình ASUS Dual GeForce RTX 3060 OC Edition 12GB V2 (DUAL-RTX3060-O12G-V2),8690000,7890000,https://gearvn.com/collections/vga-card-man-hinh,08/05/2026 11:45:19
GearVN,MSI GeForce GTX 1650 SUPER GAMING X 4GB,0,8590000,https://gearvn.com/collections/vga-card-man-hinh,08/05/2026 11:45:19
GearVN,Card màn hình SPARKLE Intel Arc B580 TITAN Nox OC 12GB GDDR6,10990000,9690000,https://gearvn.com/collections/vga-card-man-hinh,08/05/2026 11:45:19
GearVN,Card màn hình Zotac GeForce RTX 5060 Ti 16GB Twin Edge,15990000,14990000,https://gearvn.com/collections/vga-card-man-hinh,08/05/2026 11:45:19
GearVN,Card màn hình Zotac GEFORCE RTX 5060 Ti 8GB TWIN EDGE GDDR7,13490000,12490000,https://gearvn.com/collections/vga-card-man-hinh,08/05/2026 11:45:19
GearVN,Card màn hình ZOTAC GAMING GeForce RTX 5070 AMP White Edition (ZT-B50700FQ-10P),19990000,18990000,https://gearvn.com/collections/vga-card-man-hinh,08/05/2026 11:45:19
GearVN,Card màn hình Gigabyte GeForce RTX 5060 Eagle OC 8GB,11390000,10890000,https://gearvn.com/collections/vga-card-man-hinh,08/05/2026 11:45:19
GearVN,Card màn hình MSI GeForce RTX 5060 Ti Ventus 2X Plus 8GB,14990000,12990000,https://gearvn.com/collections/vga-card-man-hinh,08/05/2026 11:45:19
GearVN,Card màn hình MSI GeForce RTX 5060 Gaming Trio OC White 8GB,13990000,12990000,https://gearvn.com/collections/vga-card-man-hinh,08/05/2026 11:45:19
GearVN,Card màn hình MSI GeForce RTX 5060 Gaming Trio OC 8GB,13490000,12990000,https://gearvn.com/collections/vga-card-man-hinh,08/05/2026 11:45:19
GearVN,Card màn hình ASUS ROG Astral GeForce RTX 5080 16GB GDDR7 OC Edition (ROG-ASTRAL-RTX5080-O16G-GAMING) White Edition,54990000,53990000,https://gearvn.com/collections/vga-card-man-hinh,08/05/2026 11:45:19
GearVN,Card màn hình ASUS Dual GeForce RTX 5070 12GB GDDR7 OC Edition,20490000,19990000,https://gearvn.com/collections/vga-card-man-hinh,08/05/2026 11:45:19
GearVN,Card màn hình Zotac GeForce RTX 5060 Twin Edge OC 8GB,9990000,9690000,https://gearvn.com/collections/vga-card-man-hinh,08/05/2026 11:45:19
GearVN,Card màn hình MSI GeForce RTX 5060 Shadow 2X OC 8GB,10490000,9890000,https://gearvn.com/collections/vga-card-man-hinh,08/05/2026 11:45:19
GearVN,Card màn hình MSI GeForce RTX 5050 Gaming OC 8GB,8990000,8790000,https://gearvn.com/collections/vga-card-man-hinh,08/05/2026 11:45:19
GearVN,Card màn hình MSI GeForce RTX 5050 Ventus 2X OC 8GB,8590000,8390000,https://gearvn.com/collections/vga-card-man-hinh,08/05/2026 11:45:19
GearVN,Card màn hình MSI GeForce RTX 5050 Shadow 2X OC 8GB,7890000,7490000,https://gearvn.com/collections/vga-card-man-hinh,08/05/2026 11:45:19
GearVN,Card màn hình ASUS GeForce RTX 5050 Dual 8GB,8290000,7890000,https://gearvn.com/collections/vga-card-man-hinh,08/05/2026 11:45:19
GearVN,Card màn hình ASUS GeForce RTX 5050 Dual OC 8GB,9290000,7490000,https://gearvn.com/collections/vga-card-man-hinh,08/05/2026 11:45:19
GearVN,Card màn hình ASUS GeForce RTX 5050 Prime OC 8GB,9890000,8690000,https://gearvn.com/collections/vga-card-man-hinh,08/05/2026 11:45:19
GearVN,Card màn hình ASUS GeForce RTX 5050 Prime 8GB,9590000,9390000,https://gearvn.com/collections/vga-card-man-hinh,08/05/2026 11:45:19
GearVN,Card màn hình ASUS ROG Astral GeForce RTX 5090 32GB GDDR7 OC White Edition (ROG-ASTRAL-RTX5090-O32G-GAMING-WHITE),114990000,102990000,https://gearvn.com/collections/vga-card-man-hinh,08/05/2026 11:45:19
GearVN,Card màn hình Gigabyte GeForce RTX 5050 Gaming OC 8GB,9490000,8890000,https://gearvn.com/collections/vga-card-man-hinh,08/05/2026 11:45:19
GearVN,Card màn hình Gigabyte GeForce RTX 5050 Windforce OC 8GB,8690000,8390000,https://gearvn.com/collections/vga-card-man-hinh,08/05/2026 11:45:19
GearVN,Card màn hình MSI GeForce RTX 5070 Ti 16G GAMING TRIO OC,31990000,29490000,https://gearvn.com/collections/vga-card-man-hinh,08/05/2026 11:45:19
GearVN,Card màn hình MSI GeForce RTX 5070 Ti 16G MLG EDITION,0,32990000,https://gearvn.com/collections/vga-card-man-hinh,08/05/2026 11:45:19
GearVN,Card màn hình ASUS ROG Astral GeForce RTX 5080 16GB GDDR7 Hatsune Miku Edition,0,54120000,https://gearvn.com/collections/vga-card-man-hinh,08/05/2026 11:45:19
GearVN,Card màn hình MSI GeForce RTX 5070 Ti 16G GAMING TRIO OC White,33990000,32490000,https://gearvn.com/collections/vga-card-man-hinh,08/05/2026 11:45:19
GearVN,Card màn hình Gigabyte GeForce RTX 5060 Windforce OC 8GB,10990000,10490000,https://gearvn.com/collections/vga-card-man-hinh,08/05/2026 11:45:19
GearVN,Card màn hình Gigabyte GeForce RTX 5060 Windforce 8GB,0,9990000,https://gearvn.com/collections/vga-card-man-hinh,08/05/2026 11:45:19
GearVN,Card màn hình GIGABYTE Radeon RX 9070 GAMING OC 16G (GV-R9070GAMING OC-16GD),22990000,19990000,https://gearvn.com/collections/vga-card-man-hinh,08/05/2026 11:45:19
GearVN,Card màn hình ASUS Prime Radeon RX 9070 XT OC Edition 16GB GDDR6 (PRIME-RX9070XT-O16G),24990000,23490000,https://gearvn.com/collections/vga-card-man-hinh,08/05/2026 11:45:19
GearVN,Card màn hình MSI GeForce RTX 3050 VENTUS 2X E 6G OC,5990000,4890000,https://gearvn.com/collections/vga-card-man-hinh,08/05/2026 11:45:19
GearVN,Card màn hình MSI GeForce RTX 5090 32G VENTUS 3X OC,88990000,79990000,https://gearvn.com/collections/vga-card-man-hinh,08/05/2026 11:45:19
GearVN,Card màn hình MSI GeForce RTX 4070 SUPER 12G GAMING SLIM WUKONG EDITION,0,20490000,https://gearvn.com/collections/vga-card-man-hinh,08/05/2026 11:45:19
GearVN,Card màn hình ASUS TUF Gaming GeForce RTX 4090 24GB GDDR6X OG OC Edition (TUF-RTX4090-O24G-OG-GAMING),66990000,62990000,https://gearvn.com/collections/vga-card-man-hinh,08/05/2026 11:45:19
GearVN,Card màn hình ASUS PRIME GeForce RTX 4060 Ti 8GB GDDR6 OC Edition (PRIME-RTX4060TI-O8G),0,12990000,https://gearvn.com/collections/vga-card-man-hinh,08/05/2026 11:45:19
GearVN,Card màn hình ASUS Dual GeForce RTX 4060 Ti EVO OC Edition 16GB GDDR6 (DUAL-RTX4060TI-O16G-EVO),15990000,14990000,https://gearvn.com/collections/vga-card-man-hinh,08/05/2026 11:45:19
GearVN,Card màn hình ASUS Dual Radeon RX 6600 V3 8GB GDDR6 (DUAL-RX6600-8G-V3),5990000,5490000,https://gearvn.com/collections/vga-card-man-hinh,08/05/2026 11:45:19
GearVN,Card màn hình MSI GeForce RTX 4060 Ti VENTUS 3X E 8G OC,14990000,13990000,https://gearvn.com/collections/vga-card-man-hinh,08/05/2026 11:45:19
GearVN,Card màn hình ASUS TUF Gaming GeForce RTX 4070 Ti SUPER BTF White OC Edition 16GB GDDR6X (TUF-RTX4070TIS-O16G-BTF-WHITE),31990000,29490000,https://gearvn.com/collections/vga-card-man-hinh,08/05/2026 11:45:19
GearVN,Card màn hình GIGABYTE GeForce RTX 3050 WINDFORCE OC 6G (GV-N3050WF2OCV2-6GD),7490000,6790000,https://gearvn.com/collections/vga-card-man-hinh,08/05/2026 11:45:19
GearVN,Card màn hình ASUS ProArt GeForce RTX 4070 Ti SUPER 16GB GDDR6X OC Edition (PROART-RTX4070TIS-O16G),29990000,29190000,https://gearvn.com/collections/vga-card-man-hinh,08/05/2026 11:45:19
GearVN,Card màn hình GIGABYTE GeForce RTX 3050 EAGLE OC 6G (GV-N3050EAGLE OC-6GD),5990000,5090000,https://gearvn.com/collections/vga-card-man-hinh,08/05/2026 11:45:19
GearVN,Card màn hình MSI GeForce RTX 4070 VENTUS 3X E 12G OC,18990000,17390000,https://gearvn.com/collections/vga-card-man-hinh,08/05/2026 11:45:19
GearVN,Card màn hình GIGABYTE GeForce RTX 4070 Ti GAMING OC V2 12GB (GV-N407TGAMING OCV2-12GD),0,27990000,https://gearvn.com/collections/vga-card-man-hinh,08/05/2026 11:45:19
GearVN,Card màn hình MSI GeForce RTX 4070 SUPER 12G VENTUS 2X OC,0,19490000,https://gearvn.com/collections/vga-card-man-hinh,08/05/2026 11:45:19
GearVN,Card màn hình GIGABYTE GeForce RTX 4070 SUPER EAGLE OC 12G (GV-N407SEAGLE OC-12GD),0,21490000,https://gearvn.com/collections/vga-card-man-hinh,08/05/2026 11:45:19
GearVN,Card màn hình GIGABYTE GeForce RTX 4090 WINDFORCE V2 24G (GV-N4090WF3V2-24GD),0,59990000,https://gearvn.com/collections/vga-card-man-hinh,08/05/2026 11:45:19
GearVN,Card màn hình MSI GeForce RTX 4070 GAMING X SLIM 12G,20990000,17990000,https://gearvn.com/collections/vga-card-man-hinh,08/05/2026 11:45:19
GearVN,Card màn hình MSI GeForce RTX 4070 Ti GAMING X SLIM 12G,27990000,24990000,https://gearvn.com/collections/vga-card-man-hinh,08/05/2026 11:45:19
GearVN,Card màn hình Colorful GeForce GTX 1660 SUPER NB 6G V2-V,5690000,5190000,https://gearvn.com/collections/vga-card-man-hinh,08/05/2026 11:45:19
GearVN,Card màn hình Colorful GeForce GTX 1650 EX 4GD6-V,4490000,3790000,https://gearvn.com/collections/vga-card-man-hinh,08/05/2026 11:45:19
GearVN,Card màn hình GIGABYTE GeForce RTX 4070 AERO OC V2 12GB (GV-N4070AERO OCV2-12GD),0,19290000,https://gearvn.com/collections/vga-card-man-hinh,08/05/2026 11:45:19
GearVN,Card màn hình Colorful GeForce RTX 4070 Ti NB EX-V 12GB 3 Fan,22190000,19990000,https://gearvn.com/collections/vga-card-man-hinh,08/05/2026 11:45:19
GearVN,Card màn hình GIGABYTE GeForce RTX 4060 WINDFORCE OC 8G,9490000,9290000,https://gearvn.com/collections/vga-card-man-hinh,08/05/2026 11:45:19
GearVN,Card màn hình ASUS Dual GeForce GTX 1650 4GB GDDR6 EVO (DUAL-GTX1650-4GD6-P-EVO),4990000,3690000,https://gearvn.com/collections/vga-card-man-hinh,08/05/2026 11:45:19
GearVN,Card màn hình GIGABYTE GeForce RTX 4060 Ti AERO OC 16G (GV-N406TAERO OC-16GD),0,15990000,https://gearvn.com/collections/vga-card-man-hinh,08/05/2026 11:45:19
GearVN,Card màn hình MSI GeForce GTX 1650 4GB D6 VENTUS XS OCV3,4190000,3790000,https://gearvn.com/collections/vga-card-man-hinh,08/05/2026 11:45:19
GearVN,Card màn hình ASUS TUF Gaming GeForce GTX 1650 V2 OC Edition 4GB GDDR6 (TUF-GTX1650-O4GD6-P-V2-GAMING),5990000,3890000,https://gearvn.com/collections/vga-card-man-hinh,08/05/2026 11:45:19
GearVN,Card màn hình ASUS ProArt GeForce RTX 4060 OC edition 8GB (PROART-RTX4060-O8G),11990000,10990000,https://gearvn.com/collections/vga-card-man-hinh,08/05/2026 11:45:19
GearVN,Card màn hình ASUS ROG Strix GeForce RTX 4090 24GB GDDR6X OC EVA-02 Edition,0,61990000,https://gearvn.com/collections/vga-card-man-hinh,08/05/2026 11:45:19
GearVN,Card màn hình MSI GeForce RTX 4070 GAMING X SLIM WHITE 12G,0,19390000,https://gearvn.com/collections/vga-card-man-hinh,08/05/2026 11:45:19
GearVN,Card màn hình ASUS ROG Matrix GeForce RTX 4090 Platinum 24GB GDDR6X,107000000,98990000,https://gearvn.com/collections/vga-card-man-hinh,08/05/2026 11:45:19
GearVN,Card màn hình ASUS ProArt GeForce RTX 4060 Ti OC edition 16GB (PROART-RTX4060TI-O16G),15990000,15490000,https://gearvn.com/collections/vga-card-man-hinh,08/05/2026 11:45:19
GearVN,Card màn hình GIGABYTE GeForce RTX 3050 WINDFORCE 8G (GV-N3050WF2-8GD),6490000,5790000,https://gearvn.com/collections/vga-card-man-hinh,08/05/2026 11:45:19
GearVN,Card màn hình ASUS ROG Strix LC GeForce RTX 4090 24GB GDDR6X OC Edition (ROG-STRIX-LC-RTX4090-O24G),60990000,59990000,https://gearvn.com/collections/vga-card-man-hinh,08/05/2026 11:45:19
GearVN,Card màn hình GIGABYTE GeForce RTX 4060 EAGLE OC 8G,9990000,9390000,https://gearvn.com/collections/vga-card-man-hinh,08/05/2026 11:45:19
GearVN,Card màn hình GIGABYTE GeForce RTX 4060 AERO OC 8G,11990000,10990000,https://gearvn.com/collections/vga-card-man-hinh,08/05/2026 11:45:19
GearVN,Card màn hình MSI GeForce GTX 1650 Ventus XS 4GB OC V1 D6,3990000,3790000,https://gearvn.com/collections/vga-card-man-hinh,08/05/2026 11:45:19
GearVN,Card màn hình INNO3D GeForce GTX 1660 Super Twin 2X 6GB DDR6 (N166S2-06D6),0,12990000,https://gearvn.com/collections/vga-card-man-hinh,08/05/2026 11:45:19
GearVN,Card màn hình GIGABYTE GeForce GTX 1660 Super Gaming 6G (GV-N166SGAMING-6GD),0,14490000,https://gearvn.com/collections/vga-card-man-hinh,08/05/2026 11:45:19
GearVN,Card màn hình ASUS TUF Gaming GeForce GTX 1660 Super 6GB GDDR6 (TUF-GTX1660S-6G-GAMING),0,5090000,https://gearvn.com/collections/vga-card-man-hinh,08/05/2026 11:45:19
GearVN,Card màn hình ASUS TUF Gaming GeForce GTX 1650 4GB D6 (TUF-GTX1650-4GD6-GAMING),7990000,4390000,https://gearvn.com/collections/vga-card-man-hinh,08/05/2026 11:45:19
GearVN,Card màn hình ASUS TUF Gaming X3 GeForce GTX 1660 Super 6GB (TUF-3-GTX1660S-6G-GAMING),0,5690000,https://gearvn.com/collections/vga-card-man-hinh,08/05/2026 11:45:19
GearVN,Card màn hình MSI GeForce RTX 3060 Ti Ventus 3X 8G OC (LHR),18490000,12200000,https://gearvn.com/collections/vga-card-man-hinh,08/05/2026 11:45:19
GearVN,Card màn hình MSI GeForce RTX 3060 Ti Ventus 3X 8G (LHR),17990000,13790000,https://gearvn.com/collections/vga-card-man-hinh,08/05/2026 11:45:19
GearVN,Card màn hình MSI GeForce RTX 3060 Ti Ventus 2X 8G OC (LHR),16990000,13490000,https://gearvn.com/collections/vga-card-man-hinh,08/05/2026 11:45:19
GearVN,Card màn hình MSI GeForce RTX 3060 Gaming X Trio 12G (LHR),0,100000000,https://gearvn.com/collections/vga-card-man-hinh,08/05/2026 11:45:19
GearVN,Card màn hình MSI GeForce GTX 1660 Super Ventus OC 6GB,0,13990000,https://gearvn.com/collections/vga-card-man-hinh,08/05/2026 11:45:19
GearVN,Card màn hình MSI GeForce GTX 1660 Super Gaming Z 6GB Plus,0,14990000,https://gearvn.com/collections/vga-card-man-hinh,08/05/2026 11:45:19
GearVN,Card màn hình GIGABYTE GeForce RTX 3060 Ti GAMING OC 8G (GV-N306TGAMING-OC-8GD),17990000,11990000,https://gearvn.com/collections/vga-card-man-hinh,08/05/2026 11:45:19
GearVN,Card màn hình GIGABYTE GeForce RTX 3060 Ti EAGLE OC 8G (GV-N306TEAGLE-OC-8GD),11490000,10690000,https://gearvn.com/collections/vga-card-man-hinh,08/05/2026 11:45:19
GearVN,Card màn hình GIGABYTE AORUS GeForce RTX 3060 Ti Master 8G (GV-N306TAORUS-M-8GD),19990000,15990000,https://gearvn.com/collections/vga-card-man-hinh,08/05/2026 11:45:19
GearVN,Card màn hình GIGABYTE GeForce RTX 3060 Ti GAMING OC PRO 8G (GV-N306TGAMINGOC-PRO-8GD),18990000,14990000,https://gearvn.com/collections/vga-card-man-hinh,08/05/2026 11:45:19
GearVN,Card màn hình ASUS ROG Strix GeForce RTX 3060 Ti Gaming OC Edition 8GB V2 (ROG-STRIX-RTX3060TI-O8G-V2-GAMING),17990000,12990000,https://gearvn.com/collections/vga-card-man-hinh,08/05/2026 11:45:19
GearVN,Card màn hình ASUS ROG Strix GeForce RTX 3060 Ti Gaming 8GB V2 (ROG-STRIX-RTX3060TI-8G-V2-GAMING),15490000,14990000,https://gearvn.com/collections/vga-card-man-hinh,08/05/2026 11:45:19
GearVN,Card màn hình ASUS KO GeForce RTX 3060 Ti OC Edition 8GB V2 (KO-RTX3060TI-O8G-V2-GAMING),0,13990000,https://gearvn.com/collections/vga-card-man-hinh,08/05/2026 11:45:19
GearVN,Card màn hình ASUS KO GeForce RTX 3060 Ti 8GB V2 (KO-RTX3060TI-8G-V2-GAMING),0,13690000,https://gearvn.com/collections/vga-card-man-hinh,08/05/2026 11:45:19
GearVN,Card màn hình ASUS Dual GeForce RTX 3060 Ti OC Edition 8GB V2 (DUAL-RTX3060TI-O8G-V2),15490000,10990000,https://gearvn.com/collections/vga-card-man-hinh,08/05/2026 11:45:19
GearVN,Card màn hình ASUS Dual GeForce RTX 3060 Ti 8GB V2 (DUAL-RTX3060TI-8G-V2),14990000,12990000,https://gearvn.com/collections/vga-card-man-hinh,08/05/2026 11:45:19
GearVN,Card màn hình GIGABYTE GeForce RTX 3060 GAMING OC 12G (LHR) (GV-N3060GAMING-OC-12GD),9990000,8090000,https://gearvn.com/collections/vga-card-man-hinh,08/05/2026 11:45:19
GearVN,Card màn hình GIGABYTE GeForce RTX 2060 D6 6G (GV-N2060D6-6GD),9990000,6290000,https://gearvn.com/collections/vga-card-man-hinh,08/05/2026 11:45:19
GearVN,Card màn hình ASUS TUF Gaming GeForce GTX 1650 OC 4GB D6 (TUF-GTX1650-O4GD6-GAMING),0,4490000,https://gearvn.com/collections/vga-card-man-hinh,08/05/2026 11:45:19
GearVN,Card màn hình ASUS Phoenix GeForce GTX 1660 6GB,10990000,10690000,https://gearvn.com/collections/vga-card-man-hinh,08/05/2026 11:45:19
GearVN,Card màn hình ASUS TUF Gaming X3 GeForce GTX 1660 Super ZAKU II EDITION 6GB,0,10690000,https://gearvn.com/collections/vga-card-man-hinh,08/05/2026 11:45:19
GearVN,Card màn hình MSI GeForce GTX 1650 D6 Ventus XS 4GB,6990000,3890000,https://gearvn.com/collections/vga-card-man-hinh,08/05/2026 11:45:19
GearVN,Card màn hình MSI GeForce GTX 1650 D6 Gaming X 4GB,8490000,7690000,https://gearvn.com/collections/vga-card-man-hinh,08/05/2026 11:45:19
GearVN,Card màn hình MSI GeForce GTX 1650 D6 Aero ITX 4G OC,0,6990000,https://gearvn.com/collections/vga-card-man-hinh,08/05/2026 11:45:19
GearVN,Card màn hình Leadtek WinFast GTX 1660 Super Hurricane 6G,14990000,7890000,https://gearvn.com/collections/vga-card-man-hinh,08/05/2026 11:45:19
GearVN,Card màn hình GIGABYTE GeForce GTX 1650 D6 WINDFORCE 4G (GV-N1656WF2-4GD),0,7390000,https://gearvn.com/collections/vga-card-man-hinh,08/05/2026 11:45:19
GearVN,Card màn hình GIGABYTE GeForce GTX 1660 Super Mini ITX OC 6G (GV-N166SIXOC-6GD),0,13290000,https://gearvn.com/collections/vga-card-man-hinh,08/05/2026 11:45:19
GearVN,Card màn hình MSI GeForce GTX 1650 D6 Ventus XS 4GB OC V2,7490000,6990000,https://gearvn.com/collections/vga-card-man-hinh,08/05/2026 11:45:19
GearVN,Card màn hình ASUS Phoenix GeForce GTX 1660 Super OC edition 6GB (PH-GTX1660S-O6G),0,13290000,https://gearvn.com/collections/vga-card-man-hinh,08/05/2026 11:45:19
GearVN,Card màn hình ASUS Phoenix GeForce GTX 1650 OC 4GB GDDR6 (PH-GTX1650-O4GD6),7690000,6990000,https://gearvn.com/collections/vga-card-man-hinh,08/05/2026 11:45:19
GearVN,Card màn hình ASUS Phoenix GeForce GTX 1650 OC 4GB GDDR5 (PH-GTX1650-O4G),0,6990000,https://gearvn.com/collections/vga-card-man-hinh,08/05/2026 11:45:19
GearVN,Card màn hình ASUS Dual GeForce RTX 2060 OC EVO 6GB GDDR6 (DUAL-RTX2060-O6G-EVO),9990000,6590000,https://gearvn.com/collections/vga-card-man-hinh,08/05/2026 11:45:19
GearVN,Card màn hình Leadtek WinFast GeForce GTX 1650 D6 4G,0,6990000,https://gearvn.com/collections/vga-card-man-hinh,08/05/2026 11:45:19
GearVN,Card màn hình INNO3D GeForce GTX 1650 Twin X2 OC,7490000,6990000,https://gearvn.com/collections/vga-card-man-hinh,08/05/2026 11:45:19
GearVN,Card màn hình GIGABYTE GeForce RTX 3060 Ti EAGLE 8G (GV-N306TEAGLE-8GD),15990000,10490000,https://gearvn.com/collections/vga-card-man-hinh,08/05/2026 11:45:19
GearVN,Card màn hình GIGABYTE GeForce GTX 1650 D6 OC Low Profile 4G (GV-N1656OC-4GL),7690000,6990000,https://gearvn.com/collections/vga-card-man-hinh,08/05/2026 11:45:19
GearVN,Card Màn Hình Gigabyte Aorus GeForce RTX 3080 Ti Master 12G (GV-N308TAORUS-M-12GD),46990000,29990000,https://gearvn.com/collections/vga-card-man-hinh,08/05/2026 11:45:19
GearVN,Card màn hình ASUS TUF Gaming GeForce RTX 3060 Ti OC Edition 8GB V2 (TUF-RTX3060TI-O8G-V2-GAMING),14990000,11990000,https://gearvn.com/collections/vga-card-man-hinh,08/05/2026 11:45:19
GearVN,Card Màn Hình Asus Rog Strix GeForce RTX 3080 Ti Gaming OC Edition 12GB (Rog-STRIX-RTX3080TI-O12G-GAMING),50990000,30990000,https://gearvn.com/collections/vga-card-man-hinh,08/05/2026 11:45:19
GearVN,Card Màn Hình Asus Rog Strix GeForce RTX 3080 Ti Gaming 12GB (Rog-STRIX-RTX3080TI-12G-GAMING),34990000,29990000,https://gearvn.com/collections/vga-card-man-hinh,08/05/2026 11:45:19
GearVN,Card màn hình ASUS Dual GeForce RTX 2060 EVO 6GB GDDR6 (DUAL-RTX2060-6G-EVO),9490000,6290000,https://gearvn.com/collections/vga-card-man-hinh,08/05/2026 11:45:19
GearVN,Card Màn Hình MSI GeForce GTX 1660 Ventus XS 6G OC,13290000,12490000,https://gearvn.com/collections/vga-card-man-hinh,08/05/2026 11:45:19
GearVN,Card màn hình MSI RTX 2060 Ventus 6G OC GDDR6,0,10490000,https://gearvn.com/collections/vga-card-man-hinh,08/05/2026 11:45:19
GearVN,Card màn hình MSI GeForce RTX 2060 Gaming Z 6G GDDR6,0,14990000,https://gearvn.com/collections/vga-card-man-hinh,08/05/2026 11:45:19
GearVN,Card màn hình GIGABYTE GeForce RTX 2060 OC 6G (GV-N2060OC-6GD),0,8350000,https://gearvn.com/collections/vga-card-man-hinh,08/05/2026 11:45:19
GearVN,Card màn hình GIGABYTE GeForce RTX 2060 GAMING OC 6G,0,10800000,https://gearvn.com/collections/vga-card-man-hinh,08/05/2026 11:45:19
GearVN,Card màn hình GIGABYTE Aorus RTX 2060 Xtreme 6G GDDR6,0,10990000,https://gearvn.com/collections/vga-card-man-hinh,08/05/2026 11:45:19
GearVN,Card màn hình EVGA GeForce RTX 2060 XC Ultra Gaming 6GB,0,11990000,https://gearvn.com/collections/vga-card-man-hinh,08/05/2026 11:45:19
GearVN,Card màn hình ASUS Dual GeForce RTX 2060 OC Edition 6GB GDDR6,0,12990000,https://gearvn.com/collections/vga-card-man-hinh,08/05/2026 11:45:19
GearVN,Card màn hình ASUS Dual GeForce RTX 2060 ADVANCED 6GB GDDR6,0,10100000,https://gearvn.com/collections/vga-card-man-hinh,08/05/2026 11:45:19
GearVN,Card màn hình Palit GeForce GTX 1650 GP 4GB D6,7690000,5990000,https://gearvn.com/collections/vga-card-man-hinh,08/05/2026 11:45:19
GearVN,Card màn hình MSI GeForce RTX 3060 Ti Ventus 2X 8G OCV1 (LHR),16990000,13190000,https://gearvn.com/collections/vga-card-man-hinh,08/05/2026 11:45:19
GearVN,Card màn hình MSI GeForce RTX 3060 Ti Gaming X 8G (LHR),18990000,11990000,https://gearvn.com/collections/vga-card-man-hinh,08/05/2026 11:45:19
GearVN,Card màn hình Manli GeForce GTX 1650 4GB GDDR6,7490000,4990000,https://gearvn.com/collections/vga-card-man-hinh,08/05/2026 11:45:19
GearVN,Card màn hình GIGABYTE Radeon RX 6600 EAGLE 8G (GV-R66EAGLE-8GD),6990000,5590000,https://gearvn.com/collections/vga-card-man-hinh,08/05/2026 11:45:19
GearVN,Card màn hình GIGABYTE GeForce GTX 1650 Mini ITX 4G (GV-N1650IX-4GD),0,6690000,https://gearvn.com/collections/vga-card-man-hinh,08/05/2026 11:45:19
GearVN,Card màn hình GIGABYTE GeForce GTX 1650 D6 4G 1 Fan (GV-N1656D6-4GD),7890000,7290000,https://gearvn.com/collections/vga-card-man-hinh,08/05/2026 11:45:19
GearVN,Card màn hình GIGABYTE AORUS GeForce RTX 3060 Ti Elite 8G (GV-N306TAORUS-E-8GD),19990000,14490000,https://gearvn.com/collections/vga-card-man-hinh,08/05/2026 11:45:19
GearVN,Card màn hình ASUS Phoenix GeForce GTX 1650 4GB GDDR6 (PH-GTX1650-4GD6),7490000,6890000,https://gearvn.com/collections/vga-card-man-hinh,08/05/2026 11:45:19
GearVN,Card màn hình ASUS Dual GeForce RTX 3060 Ti Mini OC Edition 8GB V2 (DUAL-RTX3060TI-O8G-MINI-V2),14990000,12990000,https://gearvn.com/collections/vga-card-man-hinh,08/05/2026 11:45:19
GearVN,Card màn hình ASUS Dual GeForce RTX 3060 Ti Mini 8GB V2 (DUAL-RTX3060TI-8G-MINI-V2),14490000,12490000,https://gearvn.com/collections/vga-card-man-hinh,08/05/2026 11:45:19
GearVN,Card màn hình Palit GeForce GTX 1650 StormX 4G GDDR5,7490000,6390000,https://gearvn.com/collections/vga-card-man-hinh,08/05/2026 11:45:19
GearVN,Card màn hình MSI GeForce GTX 1650 4GT Low Profile,7690000,7290000,https://gearvn.com/collections/vga-card-man-hinh,08/05/2026 11:45:19
GearVN,Card màn hình GIGABYTE GeForce RTX 2060 WINDFORCE OC 12G (GV-N2060WF2OC-12GD),12990000,9990000,https://gearvn.com/collections/vga-card-man-hinh,08/05/2026 11:45:19
GearVN,Card màn hình GIGABYTE GeForce RTX 2060 D6 12G,0,16790000,https://gearvn.com/collections/vga-card-man-hinh,08/05/2026 11:45:19
GearVN,Card Màn Hình Asus Tuf Gaming GeForce GTX 1660 Ti EVO OC 6GB (Tuf-GTX1660TI-O6G-EVO-GAMING),9490000,5990000,https://gearvn.com/collections/vga-card-man-hinh,08/05/2026 11:45:19
GearVN,Card màn hình ASUS GeForce GT 730 2G (SL-2GD5-BRK),1990000,1550000,https://gearvn.com/collections/vga-card-man-hinh,08/05/2026 11:45:19
GearVN,Card màn hình MSI GTX 1650 VENTUS XS 4GB,7490000,6790000,https://gearvn.com/collections/vga-card-man-hinh,08/05/2026 11:45:19
GearVN,Card màn hình ASUS TUF Gaming GeForce GTX 1660 Super OC Edition 6GB GDDR6 (TUF-GTX1660S-O6G-GAMING),5390000,5190000,https://gearvn.com/collections/vga-card-man-hinh,08/05/2026 11:45:19
GearVN,Card màn hình MSI GeForce RTX 3060 Ventus 2X 12G (LHR),0,100000000,https://gearvn.com/collections/vga-card-man-hinh,08/05/2026 11:45:19
GearVN,Card màn hình GIGABYTE GeForce RTX 3050 EAGLE OC 8G (GV-N3050EAGLE-OC-8GD),6990000,5990000,https://gearvn.com/collections/vga-card-man-hinh,08/05/2026 11:45:19
GearVN,Card màn hình ASUS Dual GeForce RTX 3050 V2 8GB (DUAL-RTX3050-8G-V2),6790000,5890000,https://gearvn.com/collections/vga-card-man-hinh,08/05/2026 11:45:19
GearVN,Card màn hình ASUS Dual GeForce RTX 2060 EVO OC 12GB GDDR6 (DUAL-RTX2060-O12G-EVO),16990000,13990000,https://gearvn.com/collections/vga-card-man-hinh,08/05/2026 11:45:19
GearVN,Card màn hình MSI GeForce GTX 1650 D6 Ventus XS 4GB OC,7990000,4190000,https://gearvn.com/collections/vga-card-man-hinh,08/05/2026 11:45:19
GearVN,Card màn hình GIGABYTE GeForce GTX 1650 D6 WINDFORCE OC 4G (GV-N1656WF2OC-4GD),4190000,3890000,https://gearvn.com/collections/vga-card-man-hinh,08/05/2026 11:45:19
GearVN,Card màn hình GIGABYTE GeForce GTX 1650 D6 OC 4G 1 Fan (GV-N1656OC-4GD),7990000,7390000,https://gearvn.com/collections/vga-card-man-hinh,08/05/2026 11:45:19
GearVN,Card màn hình ASUS ROG Strix GeForce GTX 1650 OC 4G GDDR5,5500000,4290000,https://gearvn.com/collections/vga-card-man-hinh,08/05/2026 11:45:19
GearVN,Card màn hình ASUS ROG Strix GeForce GTX 1650 Advanced Edition 4GB GDDR5,0,4770000,https://gearvn.com/collections/vga-card-man-hinh,08/05/2026 11:45:19
GearVN,Card màn hình MSI GeForce GTX 1650 Ventus XS 4GB OC GDDR5,0,5290000,https://gearvn.com/collections/vga-card-man-hinh,08/05/2026 11:45:19
GearVN,Card màn hình MSI GeForce RTX 2060 Ventus XS 6G OC,0,8690000,https://gearvn.com/collections/vga-card-man-hinh,08/05/2026 11:45:19
GearVN,Card màn hình Palit GeForce GT 730 2G,1290000,1190000,https://gearvn.com/collections/vga-card-man-hinh,08/05/2026 11:45:19
GearVN,Card màn hình GIGABYTE GeForce GTX 1650 WINDFORCE OC 4GB GDDR5,5090000,4790000,https://gearvn.com/collections/vga-card-man-hinh,08/05/2026 11:45:19
GearVN,Card màn hình GIGABYTE GeForce GTX 1650 OC 4G (GV-N1650OC-4GD),7890000,4290000,https://gearvn.com/collections/vga-card-man-hinh,08/05/2026 11:45:19
GearVN,Card màn hình GIGABYTE GeForce GTX 1650 Mini ITX OC 4G (GV-N1650IXOC-4GD),7490000,4890000,https://gearvn.com/collections/vga-card-man-hinh,08/05/2026 11:45:19
GearVN,Card màn hình GIGABYTE GeForce GTX 1650 GAMING OC 4G 2 Fan (GV-N1650GAMING-OC-4GD),0,7090000,https://gearvn.com/collections/vga-card-man-hinh,08/05/2026 11:45:19
GearVN,ASUS Phoenix GeForce GTX 1660 OC 6GB,11290000,10890000,https://gearvn.com/collections/vga-card-man-hinh,08/05/2026 11:45:19
GearVN,Card màn hình ASUS Dual GeForce GTX 1650 OC 4GB (DUAL-GTX1650-O4G),7490000,6690000,https://gearvn.com/collections/vga-card-man-hinh,08/05/2026 11:45:19
GearVN,Card màn hình ASUS Dual GeForce GTX 1650 V2 4GB GDDR6 (DUAL-GTX1650-4GD6-P-V2),4190000,3890000,https://gearvn.com/collections/vga-card-man-hinh,08/05/2026 11:45:19
GearVN,Card màn hình MSI GeForce RTX 2060 Ventus XS 6G OCV1 GDDR6,0,13990000,https://gearvn.com/collections/vga-card-man-hinh,08/05/2026 11:45:19
GearVN,Card màn hình GIGABYTE GeForce RTX 2060 GAMING OC PRO 6G,0,10990000,https://gearvn.com/collections/vga-card-man-hinh,08/05/2026 11:45:19
GearVN,Card màn hình GIGABYTE GeForce GTX 1660 Super OC 6G (GV-N166SOC-6GD),7990000,5190000,https://gearvn.com/collections/vga-card-man-hinh,08/05/2026 11:45:19
GearVN,Card màn hình ASUS TUF GAMING GeForce GTX 1650 4GB,4290000,3990000,https://gearvn.com/collections/vga-card-man-hinh,08/05/2026 11:45:19
GearVN,Card màn hình MSI GeForce RTX 4090 SUPRIM X 24G,59990000,55990000,https://gearvn.com/collections/vga-card-man-hinh,08/05/2026 11:45:19
GearVN,Card màn hình MSI GeForce RTX 4090 SUPRIM LIQUID X 24G,0,56990000,https://gearvn.com/collections/vga-card-man-hinh,08/05/2026 11:45:19
GearVN,Card màn hình MSI GeForce RTX 4090 SUPRIM LIQUID 24G,0,55990000,https://gearvn.com/collections/vga-card-man-hinh,08/05/2026 11:45:19
GearVN,Card màn hình MSI GeForce RTX 4090 SUPRIM 24G,0,54990000,https://gearvn.com/collections/vga-card-man-hinh,08/05/2026 11:45:19
GearVN,Card màn hình MSI GeForce RTX 4090 GAMING X TRIO 24G,0,53990000,https://gearvn.com/collections/vga-card-man-hinh,08/05/2026 11:45:19
GearVN,Card màn hình MSI GeForce RTX 4090 GAMING TRIO 24G,0,54990000,https://gearvn.com/collections/vga-card-man-hinh,08/05/2026 11:45:19
GearVN,Card màn hình GIGABYTE GeForce RTX 4090 WINDFORCE 24G (GV-N4090WF3-24GD),0,47990000,https://gearvn.com/collections/vga-card-man-hinh,08/05/2026 11:45:19
GearVN,Card màn hình GIGABYTE GeForce RTX 4090 GAMING OC 24G (GV-N4090GAMING OC-24GD),0,60990000,https://gearvn.com/collections/vga-card-man-hinh,08/05/2026 11:45:19
GearVN,Card màn hình GIGABYTE AORUS GeForce RTX 4090 XTREME WATERFORCE 24G (GV-N4090AORUSX W-24GD),0,56990000,https://gearvn.com/collections/vga-card-man-hinh,08/05/2026 11:45:19
GearVN,Card màn hình GIGABYTE AORUS GeForce RTX 4090 MASTER 24G (GV-N4090AORUS M-24GD),69900000,62990000,https://gearvn.com/collections/vga-card-man-hinh,08/05/2026 11:45:19
GearVN,Card màn hình ASUS TUF Gaming GeForce RTX 4090 OC Edition 24GB (TUF-RTX4090-O24G-GAMING),65990000,62990000,https://gearvn.com/collections/vga-card-man-hinh,08/05/2026 11:45:19
GearVN,Card màn hình ASUS TUF Gaming GeForce RTX 4090 24GB (TUF-RTX4090-24G-GAMING),65990000,58490000,https://gearvn.com/collections/vga-card-man-hinh,08/05/2026 11:45:19
GearVN,Card màn hình ASUS ROG Strix GeForce RTX 4090 OC Edition 24GB (ROG-STRIX-RTX4090-O24G-GAMING),0,66990000,https://gearvn.com/collections/vga-card-man-hinh,08/05/2026 11:45:19
GearVN,Card màn hình ASUS ROG Strix GeForce RTX 4090 24GB (ROG-STRIX-RTX4090-24G-GAMING),65990000,62990000,https://gearvn.com/collections/vga-card-man-hinh,08/05/2026 11:45:19
GearVN,Card Màn Hình Gigabyte GeForce GTX 1650 Super Windforce OC 4GB (GV-N165SWF2OC-4GD),0,8790000,https://gearvn.com/collections/vga-card-man-hinh,08/05/2026 11:45:19
GearVN,Card Màn Hình Asus Tuf Gaming GeForce GTX 1650 Super OC 4GB (Tuf-GTX1650S-O4G-GAMING),8990000,8790000,https://gearvn.com/collections/vga-card-man-hinh,08/05/2026 11:45:19
GearVN,Card màn hình MSI GeForce RTX 4080 VENTUS 3X OC 16GB,44990000,36990000,https://gearvn.com/collections/vga-card-man-hinh,08/05/2026 11:45:19
GearVN,Card màn hình MSI GeForce RTX 4080 VENTUS 3X 16GB,0,35990000,https://gearvn.com/collections/vga-card-man-hinh,08/05/2026 11:45:19
GearVN,Card màn hình MSI GeForce RTX 4080 SUPRIM X 16GB,48990000,39990000,https://gearvn.com/collections/vga-card-man-hinh,08/05/2026 11:45:19
GearVN,Card màn hình MSI GeForce RTX 4080 SUPRIM 16GB,0,39490000,https://gearvn.com/collections/vga-card-man-hinh,08/05/2026 11:45:19
GearVN,Card màn hình MSI GeForce RTX 4080 GAMING X TRIO 16GB,46990000,37990000,https://gearvn.com/collections/vga-card-man-hinh,08/05/2026 11:45:19
GearVN,Card màn hình MSI GeForce RTX 4080 GAMING TRIO 16GB,0,36990000,https://gearvn.com/collections/vga-card-man-hinh,08/05/2026 11:45:19
GearVN,Card màn hình GIGABYTE GeForce RTX 4080 GAMING OC 16GB (GV-N4080GAMING OC-16GD),48490000,37490000,https://gearvn.com/collections/vga-card-man-hinh,08/05/2026 11:45:19
GearVN,Card màn hình GIGABYTE GeForce RTX 4080 EAGLE 16GB (GV-N4080EAGLE 16GD),45990000,35490000,https://gearvn.com/collections/vga-card-man-hinh,08/05/2026 11:45:19
GearVN,Card màn hình GIGABYTE GeForce RTX 4080 EAGLE OC 16GB (GV-N4080EAGLE OC-16GD),46990000,35990000,https://gearvn.com/collections/vga-card-man-hinh,08/05/2026 11:45:19
GearVN,Card màn hình GIGABYTE GeForce RTX 4080 AERO OC 16GB (GV-N4080AERO OC-16GD),48990000,37990000,https://gearvn.com/collections/vga-card-man-hinh,08/05/2026 11:45:19
GearVN,Card màn hình GIGABYTE AORUS GeForce RTX 4080 XTREME WATERFORCE WB 16GB (GV-N4080AORUSX WB-16GD),0,40490000,https://gearvn.com/collections/vga-card-man-hinh,08/05/2026 11:45:19
GearVN,Card màn hình GIGABYTE AORUS GeForce RTX 4080 XTREME WATERFORCE 16GB (GV-N4080AORUSX W-16GD),0,42990000,https://gearvn.com/collections/vga-card-man-hinh,08/05/2026 11:45:19
GearVN,Card màn hình GIGABYTE AORUS GeForce RTX 4080 MASTER 16GB (GV-N4080AORUS M-16GD),49990000,39990000,https://gearvn.com/collections/vga-card-man-hinh,08/05/2026 11:45:19
GearVN,Card màn hình ASUS TUF Gaming GeForce RTX 4080 OC Edition 16GB (TUF-RTX4080-O16G-GAMING),47200000,38490000,https://gearvn.com/collections/vga-card-man-hinh,08/05/2026 11:45:19
GearVN,Card màn hình ASUS TUF Gaming GeForce RTX 4080 16GB (TUF-RTX4080-16G-GAMING),46000000,37990000,https://gearvn.com/collections/vga-card-man-hinh,08/05/2026 11:45:19
GearVN,Card màn hình ASUS TUF Gaming GeForce RTX 4070 Ti OC Edition 12GB (TUF-RTX4070TI-O12G-GAMING),29990000,26990000,https://gearvn.com/collections/vga-card-man-hinh,08/05/2026 11:45:19
GearVN,Card màn hình ASUS TUF Gaming GeForce RTX 4070 Ti 12GB (TUF-RTX4070TI-12G-GAMING),24990000,24390000,https://gearvn.com/collections/vga-card-man-hinh,08/05/2026 11:45:19
GearVN,Card màn hình ASUS ROG Strix GeForce RTX 4090 OC White Edition 24GB (ROG-STRIX-RTX4090-O24G-WHITE),69990000,64990000,https://gearvn.com/collections/vga-card-man-hinh,08/05/2026 11:45:19
GearVN,Card màn hình ASUS ROG Strix GeForce RTX 4080 OC White Edition 16GB (ROG-STRIX-RTX4080-O16G-WHITE),45990000,42990000,https://gearvn.com/collections/vga-card-man-hinh,08/05/2026 11:45:19
GearVN,Card màn hình ASUS ROG Strix GeForce RTX 4080 OC Edition 16GB (ROG-STRIX-RTX4080-O16G-GAMING),0,40990000,https://gearvn.com/collections/vga-card-man-hinh,08/05/2026 11:45:19
GearVN,Card màn hình ASUS ROG Strix GeForce RTX 4080 16GB (ROG-STRIX-RTX4080-16G-GAMING),49500000,40490000,https://gearvn.com/collections/vga-card-man-hinh,08/05/2026 11:45:19
GearVN,Card màn hình MSI GeForce RTX 4070 Ti SUPRIM X 12GB,28490000,27490000,https://gearvn.com/collections/vga-card-man-hinh,08/05/2026 11:45:19
GearVN,Card màn hình MSI GeForce RTX 4070 Ti GAMING X TRIO WHITE 12G,29990000,27790000,https://gearvn.com/collections/vga-card-man-hinh,08/05/2026 11:45:19
GearVN,Card màn hình MSI GeForce RTX 4070 Ti GAMING X TRIO 12GB,25990000,24990000,https://gearvn.com/collections/vga-card-man-hinh,08/05/2026 11:45:19
GearVN,Card màn hình GIGABYTE GeForce RTX 4070 Ti GAMING OC 12GB (GV-N407TGAMING OC-12GD),29990000,27990000,https://gearvn.com/collections/vga-card-man-hinh,08/05/2026 11:45:19
GearVN,Card màn hình GIGABYTE GeForce RTX 4070 Ti EAGLE OC 12GB (GV-N407TEAGLE OC-12GD),27990000,25990000,https://gearvn.com/collections/vga-card-man-hinh,08/05/2026 11:45:19
GearVN,Card màn hình GIGABYTE GeForce RTX 4070 Ti AERO OC 12GB (GV-N407TAERO OC-12GD),30990000,27990000,https://gearvn.com/collections/vga-card-man-hinh,08/05/2026 11:45:19
GearVN,Card màn hình GIGABYTE AORUS GeForce RTX 4070 Ti MASTER 12GB (GV-N407TAORUS M-12GD),30990000,29490000,https://gearvn.com/collections/vga-card-man-hinh,08/05/2026 11:45:19
GearVN,Card màn hình GIGABYTE AORUS GeForce RTX 4070 Ti ELITE 12GB (GV-N407TAORUS E-12GD),29290000,28990000,https://gearvn.com/collections/vga-card-man-hinh,08/05/2026 11:45:19
GearVN,Card màn hình ASUS ROG Strix GeForce RTX 4070 Ti OC Edition 12GB (ROG-STRIX-RTX4070TI-O12G-GAMING),30490000,29990000,https://gearvn.com/collections/vga-card-man-hinh,08/05/2026 11:45:19
GearVN,Card màn hình ASUS ROG Strix GeForce RTX 4070 Ti 12GB (ROG-STRIX-RTX4070TI-12G-GAMING),29990000,26790000,https://gearvn.com/collections/vga-card-man-hinh,08/05/2026 11:45:19
GearVN,Card màn hình MSI GeForce RTX 4070 VENTUS 3X 12GB OC,0,17490000,https://gearvn.com/collections/vga-card-man-hinh,08/05/2026 11:45:19
GearVN,Card màn hình MSI GeForce RTX 4070 VENTUS 3X 12GB,0,16990000,https://gearvn.com/collections/vga-card-man-hinh,08/05/2026 11:45:19
GearVN,Card màn hình MSI GeForce RTX 4070 VENTUS 2X 12GB OC,0,16790000,https://gearvn.com/collections/vga-card-man-hinh,08/05/2026 11:45:19
GearVN,Card màn hình MSI GeForce RTX 4070 Ti SUPRIM 12GB,27990000,26990000,https://gearvn.com/collections/vga-card-man-hinh,08/05/2026 11:45:19
GearVN,Card màn hình MSI GeForce RTX 4070 GAMING X TRIO 12GB,19490000,18990000,https://gearvn.com/collections/vga-card-man-hinh,08/05/2026 11:45:19
GearVN,Card màn hình MSI GeForce RTX 4060 Ti VENTUS 2X BLACK 8G OC,13990000,13490000,https://gearvn.com/collections/vga-card-man-hinh,08/05/2026 11:45:19
GearVN,Card màn hình GIGABYTE GeForce RTX 4070 WINDFORCE OC 12G (GV-N4070WF3OC-12GD),17990000,17490000,https://gearvn.com/collections/vga-card-man-hinh,08/05/2026 11:45:19
GearVN,Card màn hình GIGABYTE GeForce RTX 4070 GAMING OC 12GB (GV-N4070GAMING OC-12GD),19990000,18990000,https://gearvn.com/collections/vga-card-man-hinh,08/05/2026 11:45:19
GearVN,Card màn hình GIGABYTE GeForce RTX 4070 EAGLE OC 12GB (GV-N4070EAGLE OC-12GD),17990000,17690000,https://gearvn.com/collections/vga-card-man-hinh,08/05/2026 11:45:19
GearVN,Card màn hình GIGABYTE GeForce RTX 4070 AERO OC 12GB (GV-N4070AERO OC-12GD),19990000,19290000,https://gearvn.com/collections/vga-card-man-hinh,08/05/2026 11:45:19
GearVN,Card màn hình GIGABYTE GeForce RTX 4060 Ti AERO OC 8G (GV-N406TAERO-OC-8GD),13990000,13490000,https://gearvn.com/collections/vga-card-man-hinh,08/05/2026 11:45:19
GearVN,Card màn hình GIGABYTE AORUS GeForce RTX 4070 MASTER 12GB (GV-N4070AORUS M-12GD),20990000,20490000,https://gearvn.com/collections/vga-card-man-hinh,08/05/2026 11:45:19
GearVN,Card màn hình ASUS TUF Gaming GeForce RTX 4070 OC Edition 12GB (TUF-RTX4070-O12G-GAMING),20490000,19990000,https://gearvn.com/collections/vga-card-man-hinh,08/05/2026 11:45:19
GearVN,Card màn hình ASUS TUF Gaming GeForce RTX 4070 12GB (TUF-RTX4070-12G-GAMING),0,19490000,https://gearvn.com/collections/vga-card-man-hinh,08/05/2026 11:45:19
GearVN,Card màn hình ASUS ROG Strix GeForce RTX 4070 OC Edition 12GB (ROG-STRIX-RTX4070-O12G-GAMING),0,21990000,https://gearvn.com/collections/vga-card-man-hinh,08/05/2026 11:45:19
GearVN,Card màn hình ASUS ROG Strix GeForce RTX 4070 12GB (ROG-STRIX-RTX4070-12G-GAMING),0,21490000,https://gearvn.com/collections/vga-card-man-hinh,08/05/2026 11:45:19
GearVN,Card màn hình ASUS PROART GeForce RTX 4080 OC Edition 16GB (PROART-RTX4080-O16G),0,35990000,https://gearvn.com/collections/vga-card-man-hinh,08/05/2026 11:45:19
GearVN,Card màn hình ASUS PROART GeForce RTX 4080 16GB (PROART-RTX4080-16G),0,35490000,https://gearvn.com/collections/vga-card-man-hinh,08/05/2026 11:45:19
GearVN,Card màn hình ASUS PROART GeForce RTX 4070 Ti OC Edition 12GB (PROART-RTX4070TI-O12G),0,23990000,https://gearvn.com/collections/vga-card-man-hinh,08/05/2026 11:45:19
GearVN,Card màn hình ASUS PROART GeForce RTX 4070 Ti 12GB (PROART-RTX4070TI-12G),0,23490000,https://gearvn.com/collections/vga-card-man-hinh,08/05/2026 11:45:19
GearVN,Card màn hình ASUS Dual GeForce RTX 4070 White OC Edition 12GB (DUAL-RTX4070-O12G-WHITE),0,17690000,https://gearvn.com/collections/vga-card-man-hinh,08/05/2026 11:45:19
GearVN,Card màn hình ASUS Dual GeForce RTX 4070 White 12GB (DUAL-RTX4070-12G-WHITE),0,17490000,https://gearvn.com/collections/vga-card-man-hinh,08/05/2026 11:45:19
GearVN,Card màn hình ASUS Dual GeForce RTX 4070 OC Edition 12GB (DUAL-RTX4070-O12G),18990000,17290000,https://gearvn.com/collections/vga-card-man-hinh,08/05/2026 11:45:19
GearVN,Card màn hình ASUS Dual GeForce RTX 4070 12GB (DUAL-RTX4070-12G),0,16990000,https://gearvn.com/collections/vga-card-man-hinh,08/05/2026 11:45:19
GearVN,Card màn hình ZOTAC GAMING GeForce RTX 5070 SOLID OC (ZT-B50700J-10P),21990000,21490000,https://gearvn.com/products/card-man-hinh-zotac-gaming-geforce-rtx-5070-solid-oc-zt-b50700j-10p,09/05/2026 11:56:42
GearVN,Card màn hình MSI GeForce RTX 5060 Ventus 2X OC White 8GB,11990000,11490000,https://gearvn.com/products/card-man-hinh-msi-geforce-rtx-5060-ventus-2x-oc-white-8gb,09/05/2026 11:56:42
GearVN,Card màn hình MSI GeForce RTX 5090 LIGHTNING Z 32GB,209990000,199990000,https://gearvn.com/products/card-man-hinh-msi-geforce-rtx-5090-lightning-z-32gb,09/05/2026 11:56:42
GearVN,Card màn hình Gigabyte GeForce RTX 5060 Windforce Max OC 8GB,11990000,11490000,https://gearvn.com/products/card-man-hinh-gigabyte-geforce-rtx-5060-windforce-max-oc-8gb,09/05/2026 11:56:42
GearVN,Card màn hình Zotac GEFORCE RTX 5050 TWIN EDGE OC 8GB GDDR6,9490000,8990000,https://gearvn.com/products/card-man-hinh-zotac-geforce-rtx-5050-twin-edge-oc-8gb-gddr6,09/05/2026 11:56:42
GearVN,Card màn hình MSI GeForce RTX 5070 Ti 16G VENTUS 3X PZ OC,33990000,32990000,https://gearvn.com/products/card-man-hinh-msi-geforce-rtx-5070-ti-16g-ventus-3x-pz-oc,09/05/2026 11:56:42
GearVN,Card màn hình Zotac GeForce RTX 5060 Ti 16GB Twin Edge OC,16990000,15990000,https://gearvn.com/products/card-man-hinh-zotac-geforce-rtx-5060-ti-16gb-twin-edge-oc,09/05/2026 11:56:42
GearVN,Card màn hình MSI GeForce RTX 5060 Ventus 2X OC 8GB,11990000,10990000,https://gearvn.com/products/card-man-hinh-msi-geforce-rtx-5060-ventus-2x-oc-8gb,09/05/2026 11:56:42
GearVN,Card màn hình Gigabyte GeForce RTX 5060 Eagle Ice OC 8GB,11690000,9990000,https://gearvn.com/products/card-man-hinh-gigabyte-geforce-rtx-5060-eagle-ice-oc-8gb,09/05/2026 11:56:42
GearVN,Card màn hình MSI GeForce RTX 5070 Ti 16GB Shadow 3X OC,32990000,31990000,https://gearvn.com/products/card-man-hinh-msi-geforce-rtx-5070-ti-16gb-shadow-3x-oc,09/05/2026 11:56:42
GearVN,Card màn hình Asus GeForce RTX 5060 Ti DUAL OC 16GB,21490000,19990000,https://gearvn.com/products/card-man-hinh-asus-geforce-rtx-5060-ti-dual-oc-16gb,09/05/2026 11:56:42
GearVN,Card màn hình MSI GeForce RTX 5080 16G VENTUS 3X OC White,53990000,49990000,https://gearvn.com/products/card-man-hinh-msi-geforce-rtx-5080-16g-ventus-3x-oc-white,09/05/2026 11:56:42
GearVN,Card màn hình MSI GeForce RTX 5080 16G VENTUS 3X OC PLUS,39990000,38990000,https://gearvn.com/products/card-man-hinh-msi-geforce-rtx-5080-16g-ventus-3x-oc-plus,09/05/2026 11:56:42
GearVN,Card màn hình GIGABYTE GeForce RTX 5070 WINDFORCE OC SFF 12G (GV-N5070WF3OC-12GD),25490000,22990000,https://gearvn.com/products/card-man-hinh-gigabyte-geforce-rtx-5070-windforce-oc-sff-12g,09/05/2026 11:56:42
GearVN,Card màn hình GIGABYTE GeForce RTX 5070 Ti EAGLE OC ICE SFF 16G (GV-N507TEAGLEOC ICE-16GD),32990000,31490000,https://gearvn.com/products/card-man-hinh-gigabyte-geforce-rtx-5070-ti-eagle-oc-ice-sff-16g,09/05/2026 11:56:42
GearVN,Card màn hình MSI GeForce RTX 5080 16G GAMING TRIO OC,54990000,49990000,https://gearvn.com/products/card-man-hinh-msi-geforce-rtx-5080-16g-gaming-trio-oc,09/05/2026 11:56:42
GearVN,Card màn hình MSI GeForce RTX 5080 16G SUPRIM SOC,0,44690000,https://gearvn.com/products/card-man-hinh-msi-geforce-rtx-5080-16g-suprim-soc,09/05/2026 11:56:42
GearVN,Card màn hình ASUS TUF Gaming GeForce RTX 5080 16GB GDDR7 OC Edition (TUF-RTX5080-O16G-GAMING),49990000,46990000,https://gearvn.com/products/card-man-hinh-asus-tuf-rtx5080-o16g-gaming,09/05/2026 11:56:42
GearVN,Card màn hình ASUS ROG Astral GeForce RTX 5080 16GB GDDR7 OC Edition (ROG-ASTRAL-RTX5080-O16G-GAMING),59990000,57990000,https://gearvn.com/products/card-man-hinh-asus-rog-astral-rtx5080-o16g-gaming,09/05/2026 11:56:42
GearVN,Card màn hình ASUS TUF Gaming GeForce RTX 5090 32GB GDDR7 OC Edition (TUF-RTX5090-O32G-GAMING),129990000,124990000,https://gearvn.com/products/card-man-hinh-asus-tuf-rtx5090-o32g-gaming,09/05/2026 11:56:42
GearVN,Card màn hình ASUS ROG Astral GeForce RTX 5090 32GB GDDR7 OC Edition (ROG-ASTRAL-RTX5090-O32G-GAMING),135000000,134990000,https://gearvn.com/products/card-man-hinh-asus-rog-astral-rtx5090-o32g-gaming,09/05/2026 11:56:42
GearVN,Card màn hình MSI GeForce RTX 5060 Ti Shadow 2X OC Plus 8GB,13490000,12990000,https://gearvn.com/products/card-man-hinh-msi-geforce-rtx-5060-ti-shadow-2x-oc-plus-8gb,09/05/2026 11:56:42
GearVN,Card màn hình Zotac GEFORCE RTX 5060 Ti 8GB TWIN EDGE GDDR7,13490000,12490000,https://gearvn.com/products/card-man-hinh-zotac-geforce-rtx-5060-ti-8gb-twin-edge-gddr7,09/05/2026 11:56:42
GearVN,Card màn hình Zotac GeForce RTX 5060 Ti 16GB Twin Edge,15990000,14990000,https://gearvn.com/products/card-man-hinh-zotac-geforce-rtx-5060-ti-16gb-twin-edge,09/05/2026 11:56:42
GearVN,Card màn hình ZOTAC GAMING GeForce RTX 5070 AMP White Edition (ZT-B50700FQ-10P),19990000,18990000,https://gearvn.com/products/card-man-hinh-zotac-gaming-geforce-rtx-5070-amp-white-edition,09/05/2026 11:56:42
GearVN,Card màn hình MSI GeForce RTX 5070 Ti 16G VENTUS 3X OC,28490000,27990000,https://gearvn.com/products/card-man-hinh-msi-geforce-rtx-5070-ti-16g-ventus-3x-oc,09/05/2026 11:56:42
GearVN,Card màn hình ASUS ROG Matrix Platinum GeForce RTX 5090 32GB GDDR7 30th Anniversary Edition,0,188000000,https://gearvn.com/products/card-man-hinh-asus-rog-matrix-platinum-geforce-rtx-5090-32gb-gddr7-30th-anniversary-edition,09/05/2026 11:56:42
GearVN,Card màn hình ASUS Prime GeForce RTX 5070 12GB GDDR7 OC White Edition,20990000,20490000,https://gearvn.com/products/card-man-hinh-asus-prime-geforce-rtx-5070-12gb-gddr7-oc-white-edition,09/05/2026 11:56:42
GearVN,Card màn hình MSI GeForce RTX 5060 Ti Shadow 2X OC Plus 16GB,14990000,14490000,https://gearvn.com/products/card-man-hinh-msi-geforce-rtx-5060-ti-shadow-2x-oc-plus-16gb,09/05/2026 11:56:42
GearVN,Card màn hình ASUS ROG Astral GeForce RTX 5090 32GB GDDR7 BTF Edition,104990000,103990000,https://gearvn.com/products/card-man-hinh-asus-rog-astral-geforce-rtx-5090-32gb-gddr7-btf-edition,09/05/2026 11:56:42
GearVN,Card màn hình MSI GeForce RTX 5070 Ti 16G MLG EDITION,0,32990000,https://gearvn.com/products/card-man-hinh-msi-geforce-rtx-5070-ti-16g-mlg-edition,09/05/2026 11:56:42
GearVN,Card màn hình ASUS ROG Astral GeForce RTX 5080 16GB GDDR7 Hatsune Miku Edition,0,54120000,https://gearvn.com/products/card-man-hinh-asus-rog-astral-geforce-rtx-5080-16gb-gddr7-hatsune-miku-edtion,09/05/2026 11:56:42
GearVN,Card màn hình ASUS ROG Astral GeForce RTX 5080 16GB GDDR7 OC Edition (ROG-ASTRAL-RTX5080-O16G-GAMING) White Edition,54990000,53990000,https://gearvn.com/products/card-man-hinh-asus-rog-astral-geforce-rtx-5080-16gb-gddr7-oc-edition-rog-astral-rtx5080-o16g-gaming,09/05/2026 11:56:42
GearVN,Card màn hình ASUS ROG Astral GeForce RTX 5090 32GB GDDR7 OC White Edition (ROG-ASTRAL-RTX5090-O32G-GAMING-WHITE),114990000,102990000,https://gearvn.com/products/card-man-hinh-asus-rog-astral-geforce-rtx-5090-32gb-gddr7-oc-white-edition-rog-astral-rtx5090-o32g-gaming-white,09/05/2026 11:56:42
GearVN,Card màn hình Asus GeForce RTX 5060 DUAL OC 8GB,10990000,9790000,https://gearvn.com/products/card-man-hinh-asus-geforce-rtx-5060-dual-oc-8gb,09/05/2026 11:56:42
GearVN,Card màn hình ASUS GeForce RTX 5050 Dual 8GB,8290000,7890000,https://gearvn.com/products/card-man-hinh-asus-geforce-rtx-5050-dual-8gb,09/05/2026 11:56:42
GearVN,Card màn hình ASUS GeForce RTX 5050 Prime 8GB,9590000,9390000,https://gearvn.com/products/card-man-hinh-asus-geforce-rtx-5050-prime-8gb,09/05/2026 11:56:42
GearVN,Card màn hình MSI GeForce RTX 5070 Ti 16G GAMING TRIO OC,31990000,29490000,https://gearvn.com/products/card-man-hinh-msi-geforce-rtx-5070-ti-16g-gaming-trio-oc,09/05/2026 11:56:42
GearVN,Card màn hình ASUS GeForce RTX 5050 Prime OC 8GB,9890000,8690000,https://gearvn.com/products/card-man-hinh-asus-geforce-rtx-5050-prime-oc-8gb,09/05/2026 11:56:42
GearVN,Card màn hình ASUS GeForce RTX 5050 Dual OC 8GB,9290000,7490000,https://gearvn.com/products/card-man-hinh-asus-geforce-rtx-5050-dual-oc-8gb,09/05/2026 11:56:42
GearVN,Card màn hình Gigabyte GeForce RTX 5050 Windforce OC 8GB,8690000,8390000,https://gearvn.com/products/card-man-hinh-gigabyte-geforce-rtx-5050-windforce-oc-8gb,09/05/2026 11:56:42
GearVN,Card màn hình Gigabyte GeForce RTX 5050 Gaming OC 8GB,9490000,8890000,https://gearvn.com/products/card-man-hinh-gigabyte-geforce-rtx-5050-gaming-oc-8gb,09/05/2026 11:56:42
GearVN,Card màn hình MSI GeForce RTX 5050 Shadow 2X OC 8GB,7890000,7490000,https://gearvn.com/products/card-man-hinh-msi-geforce-rtx-5050-shadow-2x-oc-8gb,09/05/2026 11:56:42
GearVN,Card màn hình MSI GeForce RTX 5050 Ventus 2X OC 8GB,8590000,8390000,https://gearvn.com/products/card-man-hinh-msi-geforce-rtx-5050-ventus-2x-oc-8gb,09/05/2026 11:56:42
GearVN,Card màn hình MSI GeForce RTX 5050 Gaming OC 8GB,8990000,8790000,https://gearvn.com/products/card-man-hinh-msi-geforce-rtx-5050-gaming-oc-8gb,09/05/2026 11:56:42
GearVN,Card màn hình MSI GeForce RTX 5060 Shadow 2X OC 8GB,10490000,9890000,https://gearvn.com/products/card-man-hinh-msi-geforce-rtx-5060-shadow-2x-oc-8gb,09/05/2026 11:56:42
GearVN,Card màn hình Zotac GeForce RTX 5060 Twin Edge OC 8GB,9990000,9690000,https://gearvn.com/products/card-man-hinh-zotac-geforce-rtx-5060-twin-edge-oc-8gb,09/05/2026 11:56:42
GearVN,Card màn hình ASUS Dual GeForce RTX 5070 12GB GDDR7 OC Edition,20490000,19990000,https://gearvn.com/products/card-man-hinh-asus-dual-geforce-rtx-5070-12gb-gddr7-oc-edition,09/05/2026 11:56:42
GearVN,Card màn hình MSI GeForce RTX 5070 Ti 16G GAMING TRIO OC White,33990000,32490000,https://gearvn.com/products/card-man-hinh-msi-geforce-rtx-5070-ti-16g-gaming-trio-oc-white,09/05/2026 11:56:42
GearVN,Card màn hình MSI GeForce RTX 5060 Gaming Trio OC 8GB,13490000,12990000,https://gearvn.com/products/card-man-hinh-msi-geforce-rtx-5060-gaming-trio-oc-8gb,09/05/2026 11:56:42
GearVN,Card màn hình MSI GeForce RTX 5060 Gaming Trio OC White 8GB,13990000,12990000,https://gearvn.com/products/card-man-hinh-msi-geforce-rtx-5060-gaming-trio-oc-white-8gb,09/05/2026 11:56:42
GearVN,Card màn hình MSI GeForce RTX 5060 Ti Ventus 2X Plus 8GB,14990000,12990000,https://gearvn.com/products/card-man-hinh-msi-geforce-rtx-5060-ti-ventus-2x-plus-8gb,09/05/2026 11:56:42
GearVN,Card màn hình Gigabyte GeForce RTX 5060 Eagle OC 8GB,11390000,10890000,https://gearvn.com/products/card-man-hinh-gigabyte-geforce-rtx-5060-eagle-oc-8gb,09/05/2026 11:56:42
GearVN,Card màn hình Gigabyte GeForce RTX 5060 Windforce 8GB,0,9990000,https://gearvn.com/products/card-man-hinh-gigabyte-geforce-rtx-5060-windforce-8gb,09/05/2026 11:56:42
GearVN,Card màn hình Gigabyte GeForce RTX 5060 Windforce OC 8GB,10990000,10490000,https://gearvn.com/products/card-man-hinh-gigabyte-geforce-rtx-5060-windforce-oc-8gb,09/05/2026 11:56:42
GearVN,Card màn hình Asus GeForce RTX 5060 Prime OC 8GB,11290000,10690000,https://gearvn.com/products/card-man-hinh-asus-geforce-rtx-5060-prime-oc-8gb,09/05/2026 11:56:42
GearVN,Card màn hình Asus GeForce RTX 5060 TUF Gaming OC 8GB,12490000,11890000,https://gearvn.com/products/card-man-hinh-asus-geforce-rtx-5060-tuf-gaming-oc-8gb,09/05/2026 11:56:42
GearVN,Card màn hình Gigabyte GeForce RTX 5060 Ti Windforce OC 8GB,14990000,12990000,https://gearvn.com/products/card-man-hinh-gigabyte-geforce-rtx-5060-ti-windforce-oc-8gb,09/05/2026 11:56:42
GearVN,Card màn hình MSI GeForce RTX 5070 12G SHADOW 3X OC,22990000,20990000,https://gearvn.com/products/card-man-hinh-msi-geforce-rtx-5070-12g-shadow-3x-oc,09/05/2026 11:56:42
GearVN,Card màn hình MSI GeForce RTX 5060 Ti Ventus 3X OC 16GB,16790000,16390000,https://gearvn.com/products/card-man-hinh-msi-geforce-rtx-5060-ti-ventus-3x-oc-16gb,09/05/2026 11:56:42
GearVN,Card màn hình MSI GeForce RTX 5060 Ti Ventus 2X Plus 16GB,15990000,14990000,https://gearvn.com/products/card-man-hinh-msi-geforce-rtx-5060-ti-ventus-2x-plus-16gb,09/05/2026 11:56:42
GearVN,Card màn hình MSI GeForce RTX 5060 Ti Ventus 2X OC Plus 8GB,14390000,12990000,https://gearvn.com/products/card-man-hinh-msi-geforce-rtx-5060-ti-ventus-2x-oc-plus-8gb,09/05/2026 11:56:42
GearVN,Card màn hình MSI GeForce RTX 5060 Ti Vanguard SOC 16GB,19290000,18690000,https://gearvn.com/products/card-man-hinh-msi-geforce-rtx-5060-ti-vanguard-soc-16gb,09/05/2026 11:56:42
GearVN,Card màn hình MSI GeForce RTX 5060 Ti Shadow 2X OC 8GB,13290000,12990000,https://gearvn.com/products/card-man-hinh-msi-geforce-rtx-5060-ti-shadow-2x-oc-8gb,09/05/2026 11:56:42
GearVN,Card màn hình MSI GeForce RTX 5060 Ti Inspire 2X OC 16GB,16990000,16290000,https://gearvn.com/products/card-man-hinh-msi-geforce-rtx-5060-ti-inspire-2x-oc-16gb,09/05/2026 11:56:42
GearVN,Card màn hình MSI GeForce RTX 5060 Ti Gaming Trio OC 16GB White,18290000,17690000,https://gearvn.com/products/card-man-hinh-msi-geforce-rtx-5060-ti-gaming-trio-oc-16gb-white,09/05/2026 11:56:42
GearVN,Card màn hình MSI GeForce RTX 5060 Ti Gaming Trio OC 16GB,17890000,17390000,https://gearvn.com/products/card-man-hinh-msi-geforce-rtx-5060-ti-gaming-trio-oc-16gb,09/05/2026 11:56:42
GearVN,Card màn hình MSI GeForce RTX 5060 Ti Gaming OC 8GB,15290000,14890000,https://gearvn.com/products/card-man-hinh-msi-geforce-rtx-5060-ti-gaming-oc-8gb,09/05/2026 11:56:42
GearVN,Card màn hình MSI GeForce RTX 5060 Ti Gaming OC 16GB,17590000,16890000,https://gearvn.com/products/card-man-hinh-msi-geforce-rtx-5060-ti-gaming-oc-16gb,09/05/2026 11:56:42
GearVN,Card màn hình Asus GeForce RTX 5060 Ti DUAL OC 8GB,14990000,14290000,https://gearvn.com/products/card-man-hinh-asus-geforce-rtx-5060-ti-dual-oc-8gb,09/05/2026 11:56:42
GearVN,Card màn hình Asus GeForce RTX 5060 Ti Prime 8GB,15190000,14990000,https://gearvn.com/products/card-man-hinh-asus-geforce-rtx-5060-ti-prime-8gb,09/05/2026 11:56:42
GearVN,Card màn hình Asus GeForce RTX 5060 Ti Prime OC 8GB,15490000,15390000,https://gearvn.com/products/card-man-hinh-asus-geforce-rtx-5060-ti-prime-oc-8gb,09/05/2026 11:56:42
GearVN,Card màn hình Asus GeForce RTX 5060 Ti TUF Gaming OC 8GB,0,16990000,https://gearvn.com/products/card-man-hinh-asus-geforce-rtx-5060-ti-tuf-gaming-oc-8gb,09/05/2026 11:56:42
GearVN,Card màn hình Asus GeForce RTX 5060 Ti Prime 16GB,0,18990000,https://gearvn.com/products/card-man-hinh-asus-geforce-rtx-5060-ti-prime-16gb,09/05/2026 11:56:42
GearVN,Card màn hình Asus GeForce RTX 5060 Ti Prime OC 16GB,0,19490000,https://gearvn.com/products/card-man-hinh-asus-geforce-rtx-5060-ti-prime-oc-16gb,09/05/2026 11:56:42
GearVN,Card màn hình Asus GeForce RTX 5060 Ti TUF Gaming OC 16GB,20490000,20290000,https://gearvn.com/products/card-man-hinh-asus-geforce-rtx-5060-ti-tuf-gaming-oc-16gb,09/05/2026 11:56:42
GearVN,Card màn hình Gigabyte GeForce RTX 5060 Ti Gaming OC 16GB,22390000,18990000,https://gearvn.com/products/card-man-hinh-gigabyte-geforce-rtx-5060-ti-gaming-oc-16gb,09/05/2026 11:56:42
GearVN,Card màn hình Gigabyte GeForce RTX 5060 Ti Eagle Ice OC 16GB,21990000,17490000,https://gearvn.com/products/card-man-hinh-gigabyte-geforce-rtx-5060-ti-eagle-ice-oc-16gb,09/05/2026 11:56:42
GearVN,Card màn hình Gigabyte GeForce RTX 5060 Ti Windforce 16GB,17990000,13990000,https://gearvn.com/products/card-man-hinh-gigabyte-geforce-rtx-5060-ti-windforce-16gb,09/05/2026 11:56:42
GearVN,Card màn hình Gigabyte GeForce RTX 5060 Ti Windforce OC 16GB,18990000,14690000,https://gearvn.com/products/card-man-hinh-gigabyte-geforce-rtx-5060-ti-windforce-oc-16gb,09/05/2026 11:56:42
GearVN,Card màn hình Gigabyte GeForce RTX 5060 Ti Aorus Elite 16GB,22490000,20490000,https://gearvn.com/products/card-man-hinh-gigabyte-geforce-rtx-5060-ti-aorus-elite-16gb,09/05/2026 11:56:42
GearVN,Card màn hình Gigabyte GeForce RTX 5060 Ti Eagle OC 16GB,20490000,16990000,https://gearvn.com/products/card-man-hinh-gigabyte-geforce-rtx-5060-ti-eagle-oc-16gb,09/05/2026 11:56:42
GearVN,Card màn hình Gigabyte GeForce RTX 5060 Ti AERO OC 16GB,21990000,19690000,https://gearvn.com/products/card-man-hinh-gigabyte-geforce-rtx-5060-ti-aero-oc-16gb,09/05/2026 11:56:42
GearVN,Card màn hình MSI GeForce RTX 5080 16G VENTUS 3X OC,41990000,37490000,https://gearvn.com/products/card-man-hinh-msi-geforce-rtx-5080-16g-ventus-3x-oc,09/05/2026 11:56:42
GearVN,Card màn hình MSI GeForce RTX 5080 16G SHADOW 3X OC,44990000,42690000,https://gearvn.com/products/card-man-hinh-msi-geforce-rtx-5080-16g-shadow-3x-oc,09/05/2026 11:56:42
GearVN,Card màn hình Colorful iGame GeForce RTX 5070 Ti Ultra W OC 16GB-V,0,29990000,https://gearvn.com/products/card-man-hinh-colorful-igame-geforce-rtx-5070-ti-ultra-w-oc-16gb-v,09/05/2026 11:56:42
GearVN,Card màn hình GIGABYTE GeForce RTX 5090 WINDFORCE OC 32G (GV-N5090WF3OC-32GD),99990000,98990000,https://gearvn.com/products/card-man-hinh-gigabyte-geforce-rtx-5090-windforce-oc-32g,09/05/2026 11:56:42
GearVN,Card màn hình MSI GeForce RTX 5090 32G VENTUS 3X OC,88990000,79990000,https://gearvn.com/products/card-man-hinh-msi-geforce-rtx-5090-32g-ventus-3x-oc-1,09/05/2026 11:56:42
GearVN,Card màn hình ASUS Prime GeForce RTX 5070 12GB GDDR7 (PRIME-RTX5070-12G),21490000,19890000,https://gearvn.com/products/card-man-hinh-asus-prime-rtx5070-12g,09/05/2026 11:56:42
GearVN,Card màn hình ASUS Prime GeForce RTX 5070 12GB GDDR7 OC Edition (PRIME-RTX5070-O12G),21690000,20490000,https://gearvn.com/products/card-man-hinh-asus-prime-rtx5070-o12g,09/05/2026 11:56:42
GearVN,Card màn hình ASUS TUF Gaming GeForce RTX 5070 12GB GDDR7 (TUF-RTX5070-12G-GAMING),25490000,22490000,https://gearvn.com/products/card-man-hinh-asus-tuf-rtx5070-12g-gaming,09/05/2026 11:56:42
GearVN,Card màn hình ASUS TUF Gaming GeForce RTX 5070 12GB GDDR7 OC Edition(TUF-RTX5070-O12G-GAMING),25990000,24990000,https://gearvn.com/products/card-man-hinh-asus-tuf-rtx5070-o12g-gaming,09/05/2026 11:56:42
GearVN,Card màn hình ASUS ROG Strix GeForce RTX 5070 12GB GDDR7 (ROG-STRIX-RTX5070-12G-GAMING),29490000,25490000,https://gearvn.com/products/card-man-hinh-asus-rog-strix-rtx5070-12g-gaming,09/05/2026 11:56:42
GearVN,Card màn hình ASUS ROG Strix GeForce RTX 5070 12GB GDDR7 OC Edition (ROG-STRIX-RTX5070-O12G-GAMING),29990000,26490000,https://gearvn.com/products/card-man-hinh-asus-rog-strix-rtx5070-o12g-gaming,09/05/2026 11:56:42
GearVN,Card màn hình ASUS ROG Strix GeForce RTX 5070 Ti 16GB GDDR7 (ROG-STRIX-RTX5070TI-16G-GAMING),0,39490000,https://gearvn.com/products/card-man-hinh-asus-rog-strix-rtx5070ti-16g-gaming,09/05/2026 11:56:42
GearVN,Card màn hình ASUS ROG Strix GeForce RTX 5070 Ti 16GB GDDR7 OC Edition (ROG-STRIX-RTX5070TI-O16G-GAMING),0,39990000,https://gearvn.com/products/card-man-hinh-asus-rog-strix-rtx5070ti-o16g-gaming,09/05/2026 11:56:42
GearVN,Card màn hình GIGABYTE GeForce RTX 5070 AERO OC 12G (GV-N5070AERO OC-12GD),26990000,25990000,https://gearvn.com/products/card-man-hinh-gigabyte-geforce-rtx-5070-aero-oc-12g,09/05/2026 11:56:42
GearVN,Card màn hình GIGABYTE GeForce RTX 5070 EAGLE OC SFF 12G (GV-N5070EAGLE OC-12GD),25990000,24990000,https://gearvn.com/products/card-man-hinh-gigabyte-geforce-rtx-5070-eagle-oc-sff-12g,09/05/2026 11:56:42
GearVN,Card màn hình GIGABYTE GeForce RTX 5070 EAGLE OC ICE SFF 12G (GV-N5070EAGLEOC ICE-12GD),26490000,25490000,https://gearvn.com/products/card-man-hinh-gigabyte-geforce-rtx-5070-eagle-oc-ice-sff-12g,09/05/2026 11:56:42
GearVN,Card màn hình GIGABYTE GeForce RTX 5070 GAMING OC 12G (GV-N5070GAMING OC-12GD),27490000,26990000,https://gearvn.com/products/card-man-hinh-gigabyte-geforce-rtx-5070-gaming-oc-12g,09/05/2026 11:56:42
GearVN,Card màn hình GIGABYTE GeForce RTX 5070 Ti WINDFORCE OC SFF 16G (GV-N507TWF3OC-16GD),35990000,31990000,https://gearvn.com/products/card-man-hinh-gigabyte-geforce-rtx-5070-ti-windforce-oc-sff-16g,09/05/2026 11:56:42
GearVN,Card màn hình GIGABYTE GeForce RTX 5070 Ti AERO OC 16G (GV-N507TAERO OC-16GD),35790000,33990000,https://gearvn.com/products/card-man-hinh-gigabyte-geforce-rtx-5070-ti-aero-oc-16g,09/05/2026 11:56:42
GearVN,Card màn hình GIGABYTE GeForce RTX 5070 Ti EAGLE OC SFF 16G (GV-N507TEAGLE OC-16GD),33390000,30990000,https://gearvn.com/products/card-man-hinh-gigabyte-geforce-rtx-5070-ti-eagle-oc-sff-16g,09/05/2026 11:56:42
GearVN,Card màn hình GIGABYTE GeForce RTX 5070 Ti GAMING OC 16G (GV-N507TGAMING OC-16GD),0,33990000,https://gearvn.com/products/card-man-hinh-gigabyte-geforce-rtx-5070-ti-gaming-oc-16g,09/05/2026 11:56:42
GearVN,Card màn hình GIGABYTE AORUS GeForce RTX 5070 Ti MASTER 16G (GV-N507TAORUS M-16GD),0,36490000,https://gearvn.com/products/card-man-hinh-gigabyte-aorus-geforce-rtx-5070-ti-master-16g,09/05/2026 11:56:42
GearVN,Card màn hình GIGABYTE GeForce RTX 5080 WINDFORCE OC SFF 16G (GV-N5080WF3OC-16GD),45990000,43990000,https://gearvn.com/products/card-man-hinh-gigabyte-geforce-rtx-5080-windforce-oc-sff-16g,09/05/2026 11:56:42
GearVN,Card màn hình GIGABYTE GeForce RTX 5080 AERO OC SFF 16G (GV-N5080AERO OC-16GD),47990000,44990000,https://gearvn.com/products/card-man-hinh-gigabyte-geforce-rtx-5080-aero-oc-sff-16g,09/05/2026 11:56:42
GearVN,Card màn hình GIGABYTE GeForce RTX 5080 GAMING OC 16G (GV-N5080GAMING OC-16GD),47490000,44990000,https://gearvn.com/products/card-man-hinh-gigabyte-geforce-rtx-5080-gaming-oc-16g,09/05/2026 11:56:42
GearVN,Card màn hình GIGABYTE AORUS GeForce RTX 5080 MASTER 16G (GV-N5080AORUS M-16GD),0,49990000,https://gearvn.com/products/card-man-hinh-gigabyte-aorus-geforce-rtx-5080-master-16g,09/05/2026 11:56:42
GearVN,Card màn hình GIGABYTE AORUS GeForce RTX 5080 MASTER ICE 16G (GV-N5080AORUSM ICE-16GD),0,50990000,https://gearvn.com/products/card-man-hinh-gigabyte-aorus-geforce-rtx-5080-master-ice-16g,09/05/2026 11:56:42
GearVN,Card màn hình GIGABYTE AORUS GeForce RTX 5080 XTREME WATERFORCE WB 16G (GV-N5080AORUSX WB-16GD),0,51990000,https://gearvn.com/products/card-man-hinh-gigabyte-aorus-geforce-rtx-5080-xtreme-waterforce-wb-16g,09/05/2026 11:56:42
GearVN,Card màn hình GIGABYTE AORUS GeForce RTX 5080 XTREME WATERFORCE 16G (GV-N5080AORUSX W-16GD),54990000,51990000,https://gearvn.com/products/card-man-hinh-gigabyte-aorus-geforce-rtx-5080-xtreme-waterforce-16g,09/05/2026 11:56:42
GearVN,Card màn hình GIGABYTE GeForce RTX 5090 GAMING OC 32G (GV-N5090GAMING OC-32GD),105990000,102990000,https://gearvn.com/products/card-man-hinh-gigabyte-geforce-rtx-5090-gaming-oc-32g,09/05/2026 11:56:42
GearVN,Card màn hình GIGABYTE AORUS GeForce RTX 5090 MASTER 32G (GV-N5090AORUS M-32GD),119000000,114990000,https://gearvn.com/products/card-man-hinh-gigabyte-aorus-geforce-rtx-5090-master-32g,09/05/2026 11:56:42
GearVN,Card màn hình GIGABYTE AORUS GeForce RTX 5090 MASTER ICE 32G (GV-N5090AORUSM ICE-32GD),110000000,99990000,https://gearvn.com/products/card-man-hinh-gigabyte-aorus-geforce-rtx-5090-master-ice-32g,09/05/2026 11:56:42
GearVN,Card màn hình GIGABYTE AORUS GeForce RTX 5090 XTREME WATERFORCE WB 32G (GV-N5090AORUSX WB-32GD),120000000,109990000,https://gearvn.com/products/card-man-hinh-gigabyte-aorus-geforce-rtx-5090-xtreme-waterforce-wb-32g,09/05/2026 11:56:42
GearVN,Card màn hình GIGABYTE AORUS GeForce RTX 5090 XTREME WATERFORCE 32G (GV-N5090AORUSX W-32GD),118990000,113990000,https://gearvn.com/products/card-man-hinh-gigabyte-aorus-geforce-rtx-5090-xtreme-waterforce-32g,09/05/2026 11:56:42
GearVN,Card màn hình MSI GeForce RTX 5070 12G VENTUS 2X OC WHITE,0,21690000,https://gearvn.com/products/card-man-hinh-msi-geforce-rtx-5070-12g-ventus-2x-oc-white,09/05/2026 11:56:42
GearVN,Card màn hình MSI GeForce RTX 5070 12G VENTUS 2X OC,21490000,19490000,https://gearvn.com/products/card-man-hinh-msi-geforce-rtx-5070-12g-ventus-2x-oc,09/05/2026 11:56:42
GearVN,Card màn hình MSI GeForce RTX 5070 12G VENTUS 3X OC,21990000,20690000,https://gearvn.com/products/card-man-hinh-msi-geforce-rtx-5070-12g-ventus-3x-oc,09/05/2026 11:56:42
GearVN,Card màn hình MSI GeForce RTX 5070 12G INSPIRE 3X OC,21790000,20790000,https://gearvn.com/products/card-man-hinh-msi-geforce-rtx-5070-12g-inspire-3x-oc,09/05/2026 11:56:42
GearVN,Card màn hình MSI GeForce RTX 5070 12G GAMING TRIO OC,0,22490000,https://gearvn.com/products/card-man-hinh-msi-geforce-rtx-5070-12g-gaming-trio-oc,09/05/2026 11:56:42
GearVN,Card màn hình MSI GeForce RTX 5070 12G GAMING TRIO OC WHITE,0,23490000,https://gearvn.com/products/card-man-hinh-msi-geforce-rtx-5070-12g-gaming-trio-oc-white,09/05/2026 11:56:42
GearVN,Card màn hình MSI GeForce RTX 5070 12G VANGUARD SOC,24990000,23890000,https://gearvn.com/products/card-man-hinh-msi-geforce-rtx-5070-12g-vanguard-soc,09/05/2026 11:56:42
GearVN,Card màn hình MSI GeForce RTX 5070 Ti 16G VENTUS 3X OC Plus,0,28990000,https://gearvn.com/products/card-man-hinh-msi-geforce-rtx-5070-ti-16g-ventus-3x-oc-plus,09/05/2026 11:56:42
GearVN,Card màn hình MSI GeForce RTX 5070 Ti 16G INSPIRE 3X OC PLUS,0,29990000,https://gearvn.com/products/card-man-hinh-msi-geforce-rtx-5070-ti-16g-inspire-3x-oc-plus,09/05/2026 11:56:42
GearVN,Card màn hình MSI GeForce RTX 5070 Ti 16G GAMING TRIO OC PLUS,0,29490000,https://gearvn.com/products/card-man-hinh-msi-geforce-rtx-5070-ti-16g-gaming-trio-oc-plus,09/05/2026 11:56:42
GearVN,Card màn hình MSI GeForce RTX 5070 Ti 16G VANGUARD SOC,32990000,31490000,https://gearvn.com/products/card-man-hinh-msi-geforce-rtx-5070-ti-16g-vanguard-soc,09/05/2026 11:56:42
GearVN,Card màn hình MSI GeForce RTX 5080 16G INSPIRE 3X OC,53990000,48990000,https://gearvn.com/products/card-man-hinh-msi-geforce-rtx-5080-16g-inspire-3x-oc,09/05/2026 11:56:42
GearVN,Card màn hình MSI GeForce RTX 5080 16G GAMING TRIO OC WHITE,42990000,38990000,https://gearvn.com/products/card-man-hinh-msi-geforce-rtx-5080-16g-gaming-trio-oc-white,09/05/2026 11:56:42
GearVN,Card màn hình MSI GeForce RTX 5080 16G VANGUARD SOC,43990000,42990000,https://gearvn.com/products/card-man-hinh-msi-geforce-rtx-5080-16g-vanguard-soc,09/05/2026 11:56:42
GearVN,Card màn hình MSI GeForce RTX 5080 16G SUPRIM LIQUID SOC,45990000,45490000,https://gearvn.com/products/card-man-hinh-msi-geforce-rtx-5080-16g-suprim-liquid-soc,09/05/2026 11:56:42
GearVN,Card màn hình MSI GeForce RTX 5090 32G GAMING TRIO OC,119990000,114990000,https://gearvn.com/products/card-man-hinh-msi-geforce-rtx-5090-32g-gaming-trio-oc,09/05/2026 11:56:42
GearVN,Card màn hình MSI GeForce RTX 5090 32G VANGUARD SOC,134990000,129990000,https://gearvn.com/products/card-man-hinh-msi-geforce-rtx-5090-32g-vanguard-soc,09/05/2026 11:56:42
GearVN,Card màn hình MSI GeForce RTX 5090 32G SUPRIM SOC,134990000,132990000,https://gearvn.com/products/card-man-hinh-msi-geforce-rtx-5090-32g-suprim-soc,09/05/2026 11:56:42
GearVN,Card màn hình MSI GeForce RTX 5090 32G SUPRIM LIQUID SOC,104990000,98990000,https://gearvn.com/products/card-man-hinh-msi-geforce-rtx-5090-32g-suprim-liquid-soc,09/05/2026 11:56:42
GearVN,Card màn hình ASUS Prime GeForce RTX 5070 Ti 16GB GDDR7 (PRIME-RTX5070TI-16G),33990000,32990000,https://gearvn.com/products/card-man-hinh-asus-prime-rtx5070ti-16g,09/05/2026 11:56:42
GearVN,Card màn hình ASUS Prime GeForce RTX 5070 Ti 16GB GDDR7 OC Edition (PRIME-RTX5070TI-O16G),33990000,32990000,https://gearvn.com/products/card-man-hinh-asus-prime-rtx5070ti-o16g,09/05/2026 11:56:42
GearVN,Card màn hình ASUS TUF Gaming GeForce RTX 5070 Ti 16GB GDDR7 (TUF-RTX5070TI-16G-GAMING),34490000,33990000,https://gearvn.com/products/card-man-hinh-asus-tuf-rtx5070ti-16g-gaming,09/05/2026 11:56:42
GearVN,Card màn hình ASUS TUF Gaming GeForce RTX 5070 Ti 16GB GDDR7 OC Edition (TUF-RTX5070TI-O16G-GAMING),33490000,31990000,https://gearvn.com/products/card-man-hinh-asus-tuf-rtx5070ti-o16g-gaming,09/05/2026 11:56:42
GearVN,Card màn hình ASUS Prime GeForce RTX 5080 16GB GDDR7 (PRIME-RTX5080-16G),40990000,39990000,https://gearvn.com/products/card-man-hinh-asus-prime-rtx5080-16g,09/05/2026 11:56:42
GearVN,Card màn hình ASUS Prime GeForce RTX 5080 16GB GDDR7 OC Edition (PRIME-RTX5080-O16G),41490000,38690000,https://gearvn.com/products/card-man-hinh-asus-prime-rtx5080-o16g,09/05/2026 11:56:42
GearVN,Card màn hình ASUS TUF Gaming GeForce RTX 5080 16GB GDDR7 (TUF-RTX5080-16G-GAMING),45490000,43990000,https://gearvn.com/products/card-man-hinh-asus-tuf-rtx5080-16g-gaming,09/05/2026 11:56:42
GearVN,Card màn hình ASUS ROG Astral GeForce RTX 5080 16GB GDDR7 (ROG-ASTRAL-RTX5080-16G-GAMING),48990000,47290000,https://gearvn.com/products/card-man-hinh-asus-rog-astral-rtx5080-16g-gaming,09/05/2026 11:56:42
GearVN,Card màn hình ASUS TUF Gaming GeForce RTX 5090 32GB GDDR7 (TUF-RTX5090-32G-GAMING),104990000,99990000,https://gearvn.com/products/card-man-hinh-asus-tuf-rtx5090-32g-gaming,09/05/2026 11:56:42
GearVN,Card màn hình ASUS ROG Astral GeForce RTX 5090 32GB GDDR7 (ROG-ASTRAL-RTX5090-32G-GAMING),135000000,108990000,https://gearvn.com/products/card-man-hinh-asus-rog-astral-rtx5090-32g-gaming,09/05/2026 11:56:42
GearVN,Card màn hình ASUS ROG Astral LC GeForce RTX 5090 32GB GDDR7 (ROG-ASTRAL-LC-RTX5090-32G-GAMING),135000000,115000000,https://gearvn.com/products/card-man-hinh-asus-rog-astral-lc-rtx5090-32g-gaming,09/05/2026 11:56:42
GearVN,Card màn hình ASUS ROG Astral LC GeForce RTX 5090 32GB GDDR7 OC Edition (ROG-ASTRAL-LC-RTX5090-O32G-GAMING),139000000,104990000,https://gearvn.com/products/card-man-hinh-asus-rog-astral-lc-rtx5090-o32g-gaming,09/05/2026 11:56:42
GearVN,Card màn hình GIGABYTE GeForce RTX 3050 WINDFORCE OC V2 8G (GV-N3050WF2OCV2-8GD),8490000,8390000,https://gearvn.com/products/card-man-hinh-gigabyte-geforce-rtx-3050-windforce-oc-v2-8g-gv-n3050wf2ocv2-8gd,09/05/2026 11:56:42
GearVN,Card màn hình MSI GeForce RTX 5060 Ventus 2X OC White 8GB,11990000,11490000,https://gearvn.com/products/card-man-hinh-msi-geforce-rtx-5060-ventus-2x-oc-white-8gb,09/05/2026 11:56:42
GearVN,Card màn hình SPARKLE Intel Arc B580 TITAN OC 12GB GDDR6,10990000,9690000,https://gearvn.com/products/card-man-hinh-sparkle-intel-arc-b580-titan-oc-12gb-gddr6,09/05/2026 11:56:42
GearVN,Card màn hình Gigabyte GeForce RTX 5060 Windforce Max OC 8GB,11990000,11490000,https://gearvn.com/products/card-man-hinh-gigabyte-geforce-rtx-5060-windforce-max-oc-8gb,09/05/2026 11:56:42
GearVN,Card màn hình Zotac GEFORCE RTX 5050 TWIN EDGE OC 8GB GDDR6,9490000,8990000,https://gearvn.com/products/card-man-hinh-zotac-geforce-rtx-5050-twin-edge-oc-8gb-gddr6,09/05/2026 11:56:42
GearVN,Card màn hình Zotac GEFORCE RTX 3050 TWIN EDGE OC 6GB GDDR6,6890000,6390000,https://gearvn.com/products/card-man-hinh-zotac-geforce-rtx-3050-twin-edge-oc-6gb-gddr6,09/05/2026 11:56:42
GearVN,Card màn hình MSI GeForce RTX 5060 Ventus 2X OC 8GB,11990000,10990000,https://gearvn.com/products/card-man-hinh-msi-geforce-rtx-5060-ventus-2x-oc-8gb,09/05/2026 11:56:42
GearVN,Card màn hình Zotac GeForce RTX 5060 Ti 16GB Twin Edge OC,16990000,15990000,https://gearvn.com/products/card-man-hinh-zotac-geforce-rtx-5060-ti-16gb-twin-edge-oc,09/05/2026 11:56:42
GearVN,Card màn hình Gigabyte GeForce RTX 5060 Eagle Ice OC 8GB,11690000,9990000,https://gearvn.com/products/card-man-hinh-gigabyte-geforce-rtx-5060-eagle-ice-oc-8gb,09/05/2026 11:56:42
GearVN,Card màn hình GIGABYTE GeForce RTX 4070 SUPER WINDFORCE OC 12G (GV-N407SWF3OC-12GD),20990000,19490000,https://gearvn.com/products/card-man-hinh-gigabyte-geforce-rtx-4070-super-windforce-oc-12g,09/05/2026 11:56:42
GearVN,Card màn hình MSI GeForce RTX 5080 16G VENTUS 3X OC White,53990000,49990000,https://gearvn.com/products/card-man-hinh-msi-geforce-rtx-5080-16g-ventus-3x-oc-white,09/05/2026 11:56:42
GearVN,Card màn hình GIGABYTE GeForce RTX 3060 WINDFORCE OC 12G V2 (GV-N3060WF2OC-12GD),8990000,8590000,https://gearvn.com/products/card-man-hinh-gigabyte-geforce-rtx-3060-windforce-oc-12g-v2-gv-n3060wf2oc-12gd,09/05/2026 11:56:42
GearVN,Card màn hình ASUS Dual Radeon RX 6500 XT V2 OC Edition 4GB GDDR6 (DUAL-RX6500XT-O4G-V2),4990000,3790000,https://gearvn.com/products/card-man-hinh-asus-dual-radeon-rx6500-xt-v2-oc,09/05/2026 11:56:42
GearVN,Card màn hình ASUS Dual GeForce RTX 4060 V2 OC Edition 8GB GDDR6 (DUAL-RTX4060-O8G-V2),8990000,8490000,https://gearvn.com/products/card-man-hinh-asus-dual-geforce-rtx-4060-v2-oc-edition-8gb-gddr6-dual-rtx4060-o8g-v2,09/05/2026 11:56:42
GearVN,Card màn hình ASUS Dual Radeon RX 7600 V2 OC Edition 8GB GDDR6 (DUAL-RX7600-O8G-V2),7990000,7790000,https://gearvn.com/products/card-man-hinh-asus-dual-rx7600-v2-oc-8gb,09/05/2026 11:56:42
GearVN,Card màn hình GIGABYTE AORUS GeForce RTX 4080 SUPER XTREME ICE 16G (GV-N408SAORUSX ICE-16GD),59990000,39990000,https://gearvn.com/products/card-man-hinh-gigabyte-aorus-geforce-rtx-4080-super-xtreme-ice-16g,09/05/2026 11:56:42
GearVN,Card màn hình ASUS Dual GeForce RTX 3050 6GB GDDR6 (DUAl-RTX3050-6G),5690000,4690000,https://gearvn.com/products/card-man-hinh-asus-dual-geforce-rtx-3050-6gb-gddr6-dual-rtx3050-6g,09/05/2026 11:56:42
GearVN,Card màn hình ASUS Dual GeForce RTX 3050 OC Edition 6GB (DUAl-RTX3050-O6G),5790000,4790000,https://gearvn.com/products/card-man-hinh-asus-dual-geforce-rtx-3050-oc-edition-6gb-dual-rtx3050-o6g,09/05/2026 11:56:42
GearVN,Card màn hình MSI GeForce RTX 3050 VENTUS 2X 6G OC,5990000,4990000,https://gearvn.com/products/card-man-hinh-msi-geforce-rtx-3050-ventus-2x-6g-oc,09/05/2026 11:56:42
GearVN,Card màn hình ASUS Dual GeForce GTX 1650 OC Edition 4GB GDDR6 EVO (DUAL-GTX1650-O4GD6-P-EVO),4190000,3690000,https://gearvn.com/products/card-man-hinh-asus-dual-geforce-gtx-1650-oc-edition-4gb-gddr6-evo-dual-gtx1650-o4gd6-p-evo,09/05/2026 11:56:42
GearVN,Card màn hình MSI GeForce RTX 4060 VENTUS 2X WHITE 8G OC,9390000,8990000,https://gearvn.com/products/card-man-hinh-msi-geforce-rtx-4060-ventus-2x-white-8g-oc,09/05/2026 11:56:42
GearVN,Card màn hình MSI GeForce RTX 3050 VENTUS 2X XS 8G OC,6990000,5990000,https://gearvn.com/products/card-man-hinh-msi-geforce-rtx-3050-ventus-2x-xs-8g-oc,09/05/2026 11:56:42
GearVN,Card màn hình MSI GeForce RTX 4060 VENTUS 2X BLACK 8G OC,9590000,8490000,https://gearvn.com/products/card-man-hinh-msi-geforce-rtx-4060-ventus-2x-black-8g-oc,09/05/2026 11:56:42
GearVN,Card màn hình MSI GeForce RTX 3060 Ventus 2X OC 12G,8990000,8290000,https://gearvn.com/products/card-man-hinh-msi-geforce-rtx-3060-ventus-2x-oc-12g,09/05/2026 11:56:42
GearVN,Card màn hình ASUS Dual GeForce RTX 3060 OC Edition 12GB V2 (DUAL-RTX3060-O12G-V2),8690000,7890000,https://gearvn.com/products/asus-dual-geforce-rtx-3060-o12g,09/05/2026 11:56:42
GearVN,MSI GeForce GTX 1650 SUPER GAMING X 4GB,0,8590000,https://gearvn.com/products/msi-gtx-1650-super-gaming-x-4gb-gddr6,09/05/2026 11:56:42
GearVN,Card màn hình SPARKLE Intel Arc B580 TITAN Nox OC 12GB GDDR6,10990000,9690000,https://gearvn.com/products/card-man-hinh-sparkle-intel-arc-b580-titan-nox-oc-12gb-gddr6,09/05/2026 11:56:42
GearVN,Card màn hình Zotac GeForce RTX 5060 Ti 16GB Twin Edge,15990000,14990000,https://gearvn.com/products/card-man-hinh-zotac-geforce-rtx-5060-ti-16gb-twin-edge,09/05/2026 11:56:42
GearVN,Card màn hình Zotac GEFORCE RTX 5060 Ti 8GB TWIN EDGE GDDR7,13490000,12490000,https://gearvn.com/products/card-man-hinh-zotac-geforce-rtx-5060-ti-8gb-twin-edge-gddr7,09/05/2026 11:56:42
GearVN,Card màn hình ZOTAC GAMING GeForce RTX 5070 AMP White Edition (ZT-B50700FQ-10P),19990000,18990000,https://gearvn.com/products/card-man-hinh-zotac-gaming-geforce-rtx-5070-amp-white-edition,09/05/2026 11:56:42
GearVN,Card màn hình Gigabyte GeForce RTX 5060 Eagle OC 8GB,11390000,10890000,https://gearvn.com/products/card-man-hinh-gigabyte-geforce-rtx-5060-eagle-oc-8gb,09/05/2026 11:56:42
GearVN,Card màn hình MSI GeForce RTX 5060 Ti Ventus 2X Plus 8GB,14990000,12990000,https://gearvn.com/products/card-man-hinh-msi-geforce-rtx-5060-ti-ventus-2x-plus-8gb,09/05/2026 11:56:42
GearVN,Card màn hình MSI GeForce RTX 5060 Gaming Trio OC White 8GB,13990000,12990000,https://gearvn.com/products/card-man-hinh-msi-geforce-rtx-5060-gaming-trio-oc-white-8gb,09/05/2026 11:56:42
GearVN,Card màn hình MSI GeForce RTX 5060 Gaming Trio OC 8GB,13490000,12990000,https://gearvn.com/products/card-man-hinh-msi-geforce-rtx-5060-gaming-trio-oc-8gb,09/05/2026 11:56:42
GearVN,Card màn hình ASUS ROG Astral GeForce RTX 5080 16GB GDDR7 OC Edition (ROG-ASTRAL-RTX5080-O16G-GAMING) White Edition,54990000,53990000,https://gearvn.com/products/card-man-hinh-asus-rog-astral-geforce-rtx-5080-16gb-gddr7-oc-edition-rog-astral-rtx5080-o16g-gaming,09/05/2026 11:56:42
GearVN,Card màn hình ASUS Dual GeForce RTX 5070 12GB GDDR7 OC Edition,20490000,19990000,https://gearvn.com/products/card-man-hinh-asus-dual-geforce-rtx-5070-12gb-gddr7-oc-edition,09/05/2026 11:56:42
GearVN,Card màn hình Zotac GeForce RTX 5060 Twin Edge OC 8GB,9990000,9690000,https://gearvn.com/products/card-man-hinh-zotac-geforce-rtx-5060-twin-edge-oc-8gb,09/05/2026 11:56:42
GearVN,Card màn hình MSI GeForce RTX 5060 Shadow 2X OC 8GB,10490000,9890000,https://gearvn.com/products/card-man-hinh-msi-geforce-rtx-5060-shadow-2x-oc-8gb,09/05/2026 11:56:42
GearVN,Card màn hình MSI GeForce RTX 5050 Gaming OC 8GB,8990000,8790000,https://gearvn.com/products/card-man-hinh-msi-geforce-rtx-5050-gaming-oc-8gb,09/05/2026 11:56:42
GearVN,Card màn hình MSI GeForce RTX 5050 Ventus 2X OC 8GB,8590000,8390000,https://gearvn.com/products/card-man-hinh-msi-geforce-rtx-5050-ventus-2x-oc-8gb,09/05/2026 11:56:42
GearVN,Card màn hình MSI GeForce RTX 5050 Shadow 2X OC 8GB,7890000,7490000,https://gearvn.com/products/card-man-hinh-msi-geforce-rtx-5050-shadow-2x-oc-8gb,09/05/2026 11:56:42
GearVN,Card màn hình ASUS GeForce RTX 5050 Dual 8GB,8290000,7890000,https://gearvn.com/products/card-man-hinh-asus-geforce-rtx-5050-dual-8gb,09/05/2026 11:56:42
GearVN,Card màn hình ASUS GeForce RTX 5050 Dual OC 8GB,9290000,7490000,https://gearvn.com/products/card-man-hinh-asus-geforce-rtx-5050-dual-oc-8gb,09/05/2026 11:56:42
GearVN,Card màn hình ASUS GeForce RTX 5050 Prime OC 8GB,9890000,8690000,https://gearvn.com/products/card-man-hinh-asus-geforce-rtx-5050-prime-oc-8gb,09/05/2026 11:56:42
GearVN,Card màn hình ASUS GeForce RTX 5050 Prime 8GB,9590000,9390000,https://gearvn.com/products/card-man-hinh-asus-geforce-rtx-5050-prime-8gb,09/05/2026 11:56:42
GearVN,Card màn hình ASUS ROG Astral GeForce RTX 5090 32GB GDDR7 OC White Edition (ROG-ASTRAL-RTX5090-O32G-GAMING-WHITE),114990000,102990000,https://gearvn.com/products/card-man-hinh-asus-rog-astral-geforce-rtx-5090-32gb-gddr7-oc-white-edition-rog-astral-rtx5090-o32g-gaming-white,09/05/2026 11:56:42
GearVN,Card màn hình Gigabyte GeForce RTX 5050 Gaming OC 8GB,9490000,8890000,https://gearvn.com/products/card-man-hinh-gigabyte-geforce-rtx-5050-gaming-oc-8gb,09/05/2026 11:56:42
GearVN,Card màn hình Gigabyte GeForce RTX 5050 Windforce OC 8GB,8690000,8390000,https://gearvn.com/products/card-man-hinh-gigabyte-geforce-rtx-5050-windforce-oc-8gb,09/05/2026 11:56:42
GearVN,Card màn hình MSI GeForce RTX 5070 Ti 16G GAMING TRIO OC,31990000,29490000,https://gearvn.com/products/card-man-hinh-msi-geforce-rtx-5070-ti-16g-gaming-trio-oc,09/05/2026 11:56:42
GearVN,Card màn hình MSI GeForce RTX 5070 Ti 16G MLG EDITION,0,32990000,https://gearvn.com/products/card-man-hinh-msi-geforce-rtx-5070-ti-16g-mlg-edition,09/05/2026 11:56:42
GearVN,Card màn hình ASUS ROG Astral GeForce RTX 5080 16GB GDDR7 Hatsune Miku Edition,0,54120000,https://gearvn.com/products/card-man-hinh-asus-rog-astral-geforce-rtx-5080-16gb-gddr7-hatsune-miku-edtion,09/05/2026 11:56:42
GearVN,Card màn hình MSI GeForce RTX 5070 Ti 16G GAMING TRIO OC White,33990000,32490000,https://gearvn.com/products/card-man-hinh-msi-geforce-rtx-5070-ti-16g-gaming-trio-oc-white,09/05/2026 11:56:42
GearVN,Card màn hình Gigabyte GeForce RTX 5060 Windforce OC 8GB,10990000,10490000,https://gearvn.com/products/card-man-hinh-gigabyte-geforce-rtx-5060-windforce-oc-8gb,09/05/2026 11:56:42
GearVN,Card màn hình Gigabyte GeForce RTX 5060 Windforce 8GB,0,9990000,https://gearvn.com/products/card-man-hinh-gigabyte-geforce-rtx-5060-windforce-8gb,09/05/2026 11:56:42
GearVN,Card màn hình GIGABYTE Radeon RX 9070 GAMING OC 16G (GV-R9070GAMING OC-16GD),22990000,19990000,https://gearvn.com/products/card-man-hinh-gigabyte-radeon-rx-9070-gaming-oc-16g-gv-r9070gaming-oc-16gd,09/05/2026 11:56:42
GearVN,Card màn hình ASUS Prime Radeon RX 9070 XT OC Edition 16GB GDDR6 (PRIME-RX9070XT-O16G),24990000,23490000,https://gearvn.com/products/card-man-hinh-asus-prime-radeon-rx-9070-xt-oc-edition-16gb,09/05/2026 11:56:42
GearVN,Card màn hình MSI GeForce RTX 3050 VENTUS 2X E 6G OC,5990000,4890000,https://gearvn.com/products/card-man-hinh-msi-geforce-rtx-3050-ventus-2x-e-6g-oc,09/05/2026 11:56:42
GearVN,Card màn hình MSI GeForce RTX 5090 32G VENTUS 3X OC,88990000,79990000,https://gearvn.com/products/card-man-hinh-msi-geforce-rtx-5090-32g-ventus-3x-oc-1,09/05/2026 11:56:42
GearVN,Card màn hình MSI GeForce RTX 4070 SUPER 12G GAMING SLIM WUKONG EDITION,0,20490000,https://gearvn.com/products/card-man-hinh-msi-geforce-rtx-4070-super-12g-gaming-slim-wukong-edition,09/05/2026 11:56:42
GearVN,Card màn hình ASUS TUF Gaming GeForce RTX 4090 24GB GDDR6X OG OC Edition (TUF-RTX4090-O24G-OG-GAMING),66990000,62990000,https://gearvn.com/products/card-man-hinh-asus-tuf-gaming-geforce-rtx-4090-24gb-og-oc,09/05/2026 11:56:42
GearVN,Card màn hình ASUS PRIME GeForce RTX 4060 Ti 8GB GDDR6 OC Edition (PRIME-RTX4060TI-O8G),0,12990000,https://gearvn.com/products/card-man-hinh-asus-prime-geforce-rtx-4060-ti-8gb-gddr6-oc-edition-prime-rtx4060ti-o8g,09/05/2026 11:56:42
GearVN,Card màn hình ASUS Dual GeForce RTX 4060 Ti EVO OC Edition 16GB GDDR6 (DUAL-RTX4060TI-O16G-EVO),15990000,14990000,https://gearvn.com/products/card-man-hinh-asus-dual-geforce-rtx-4060-ti-evo-oc-edition-16gb-gddr6-dual-rtx4060ti-o16g-evo,09/05/2026 11:56:42
GearVN,Card màn hình ASUS Dual Radeon RX 6600 V3 8GB GDDR6 (DUAL-RX6600-8G-V3),5990000,5490000,https://gearvn.com/products/card-man-hinh-asus-dual-radeon-rx-6600-v3-8gb,09/05/2026 11:56:42
GearVN,Card màn hình MSI GeForce RTX 4060 Ti VENTUS 3X E 8G OC,14990000,13990000,https://gearvn.com/products/card-man-hinh-msi-geforce-rtx-4060-ti-ventus-3x-e-8g-oc,09/05/2026 11:56:42
GearVN,Card màn hình ASUS TUF Gaming GeForce RTX 4070 Ti SUPER BTF White OC Edition 16GB GDDR6X (TUF-RTX4070TIS-O16G-BTF-WHITE),31990000,29490000,https://gearvn.com/products/card-man-hinh-asus-tuf-gaming-geforce-rtx-4070-ti-super-btf-white-oc-edition-16gb,09/05/2026 11:56:42
GearVN,Card màn hình GIGABYTE GeForce RTX 3050 WINDFORCE OC 6G (GV-N3050WF2OCV2-6GD),7490000,6790000,https://gearvn.com/products/card-man-hinh-gigabyte-geforce-rtx-3050-windforce-oc-6g,09/05/2026 11:56:42
GearVN,Card màn hình ASUS ProArt GeForce RTX 4070 Ti SUPER 16GB GDDR6X OC Edition (PROART-RTX4070TIS-O16G),29990000,29190000,https://gearvn.com/products/card-man-hinh-asus-proart-geforce-rtx-4070-ti-super-16gb-gddr6x-oc-edition-proart-rtx4070tis-o16g,09/05/2026 11:56:42
GearVN,Card màn hình GIGABYTE GeForce RTX 3050 EAGLE OC 6G (GV-N3050EAGLE OC-6GD),5990000,5090000,https://gearvn.com/products/card-man-hinh-gigabyte-geforce-rtx-3050-eagle-oc-6g-gv-n3050eagle-oc-6gd,09/05/2026 11:56:42
GearVN,Card màn hình MSI GeForce RTX 4070 VENTUS 3X E 12G OC,18990000,17390000,https://gearvn.com/products/card-man-hinh-msi-geforce-rtx-4070-ventus-3x-e-12g-oc,09/05/2026 11:56:42
GearVN,Card màn hình GIGABYTE GeForce RTX 4070 Ti GAMING OC V2 12GB (GV-N407TGAMING OCV2-12GD),0,27990000,https://gearvn.com/products/card-man-hinh-gigabyte-geforce-rtx-4070-ti-gaming-oc-v2-12gb-gv-n407tgaming-ocv2-12gd,09/05/2026 11:56:42
GearVN,Card màn hình MSI GeForce RTX 4070 SUPER 12G VENTUS 2X OC,0,19490000,https://gearvn.com/products/card-man-hinh-msi-geforce-rtx-4070-super-12g-ventus-2x-oc,09/05/2026 11:56:42
GearVN,Card màn hình GIGABYTE GeForce RTX 4070 SUPER EAGLE OC 12G (GV-N407SEAGLE OC-12GD),0,21490000,https://gearvn.com/products/card-man-hinh-gigabyte-geforce-rtx-4070-super-eagle-oc-12g,09/05/2026 11:56:42
GearVN,Card màn hình GIGABYTE GeForce RTX 4090 WINDFORCE V2 24G (GV-N4090WF3V2-24GD),0,59990000,https://gearvn.com/products/card-man-hinh-gigabyte-geforce-rtx-4090-windforce-v2-24g-gv-n4090wf3v2-24gd,09/05/2026 11:56:42
GearVN,Card màn hình MSI GeForce RTX 4070 GAMING X SLIM 12G,20990000,17990000,https://gearvn.com/products/card-man-hinh-msi-geforce-rtx-4070-gaming-x-slim-12g,09/05/2026 11:56:42
GearVN,Card màn hình MSI GeForce RTX 4070 Ti GAMING X SLIM 12G,27990000,24990000,https://gearvn.com/products/card-man-hinh-msi-geforce-rtx-4070-ti-gaming-x-slim-12g,09/05/2026 11:56:42
GearVN,Card màn hình Colorful GeForce GTX 1660 SUPER NB 6G V2-V,5690000,5190000,https://gearvn.com/products/card-man-hinh-colorful-geforce-gtx-1660-super-nb-6g-v2-v,09/05/2026 11:56:42
GearVN,Card màn hình Colorful GeForce GTX 1650 EX 4GD6-V,4490000,3790000,https://gearvn.com/products/card-man-hinh-colorful-geforce-gtx-1650-ex-4gd6-v,09/05/2026 11:56:42
GearVN,Card màn hình GIGABYTE GeForce RTX 4070 AERO OC V2 12GB (GV-N4070AERO OCV2-12GD),0,19290000,https://gearvn.com/products/card-man-hinh-gigabyte-geforce-rtx-4070-aero-oc-v2-12gb-gv-n4070aero-ocv2-12gd,09/05/2026 11:56:42
GearVN,Card màn hình Colorful GeForce RTX 4070 Ti NB EX-V 12GB 3 Fan,22190000,19990000,https://gearvn.com/products/card-man-hinh-colorful-geforce-rtx-4070-ti-nb-ex-v-12gb-3-fan,09/05/2026 11:56:42
GearVN,Card màn hình GIGABYTE GeForce RTX 4060 WINDFORCE OC 8G,9490000,9290000,https://gearvn.com/products/card-man-hinh-gigabyte-geforce-rtx-4060-windforce-oc-8g,09/05/2026 11:56:42
GearVN,Card màn hình ASUS Dual GeForce GTX 1650 4GB GDDR6 EVO (DUAL-GTX1650-4GD6-P-EVO),4990000,3690000,https://gearvn.com/products/card-man-hinh-asus-dual-geforce-gtx-1650-4gb-evo,09/05/2026 11:56:42
GearVN,Card màn hình GIGABYTE GeForce RTX 4060 Ti AERO OC 16G (GV-N406TAERO OC-16GD),0,15990000,https://gearvn.com/products/card-man-hinh-gigabyte-geforce-rtx-4060-ti-aero-oc-16g-gv-n406taero-oc-16gd,09/05/2026 11:56:42
GearVN,Card màn hình MSI GeForce GTX 1650 4GB D6 VENTUS XS OCV3,4190000,3790000,https://gearvn.com/products/card-man-hinh-msi-geforce-gtx-1650-d6-ventus-xs-ocv3,09/05/2026 11:56:42
GearVN,Card màn hình ASUS TUF Gaming GeForce GTX 1650 V2 OC Edition 4GB GDDR6 (TUF-GTX1650-O4GD6-P-V2-GAMING),5990000,3890000,https://gearvn.com/products/card-man-hinh-asus-tuf-gaming-geforce-gtx-1650-v2-oc-edition-4gb-gddr6-tuf-gtx1650-o4gd6-p-v2-gaming,09/05/2026 11:56:42
GearVN,Card màn hình ASUS ProArt GeForce RTX 4060 OC edition 8GB (PROART-RTX4060-O8G),11990000,10990000,https://gearvn.com/products/card-man-hinh-asusproart-geforce-rtx-4060-oc-edition-8gb-gddr6-proart-rtx4060-o8g,09/05/2026 11:56:42
GearVN,Card màn hình ASUS ROG Strix GeForce RTX 4090 24GB GDDR6X OC EVA-02 Edition,0,61990000,https://gearvn.com/products/card-man-hinh-asus-rog-strix-geforce-rtx-4090-24gb-gddr6x-oc-eva-02-edition,09/05/2026 11:56:42
GearVN,Card màn hình MSI GeForce RTX 4070 GAMING X SLIM WHITE 12G,0,19390000,https://gearvn.com/products/card-man-hinh-msi-geforce-rtx-4070-gaming-x-slim-white-12g,09/05/2026 11:56:42
GearVN,Card màn hình ASUS ROG Matrix GeForce RTX 4090 Platinum 24GB GDDR6X,107000000,98990000,https://gearvn.com/products/card-man-hinh-asus-rog-matrix-geforce-rtx-4090-platinum-24gb-gddr6x,09/05/2026 11:56:42
GearVN,Card màn hình ASUS ProArt GeForce RTX 4060 Ti OC edition 16GB (PROART-RTX4060TI-O16G),15990000,15490000,https://gearvn.com/products/card-man-hinh-asus-proart-geforce-rtx-4060-ti-oc-edition-16gb-proart-rtx4060ti-o16g,09/05/2026 11:56:42
GearVN,Card màn hình GIGABYTE GeForce RTX 3050 WINDFORCE 8G (GV-N3050WF2-8GD),6490000,5790000,https://gearvn.com/products/card-man-hinh-gigabyte-geforce-rtx-3050-windforce-8g,09/05/2026 11:56:42
GearVN,Card màn hình ASUS ROG Strix LC GeForce RTX 4090 24GB GDDR6X OC Edition (ROG-STRIX-LC-RTX4090-O24G),60990000,59990000,https://gearvn.com/products/card-man-hinh-asus-rog-strix-lc-geforce-rtx-4090-24gb-gddr6x-oc-edition-rog-strix-lc-rtx4090-o24g,09/05/2026 11:56:42
GearVN,Card màn hình GIGABYTE GeForce RTX 4060 EAGLE OC 8G,9990000,9390000,https://gearvn.com/products/card-man-hinh-gigabyte-geforce-rtx-4060-eagle-oc-8g,09/05/2026 11:56:42
GearVN,Card màn hình GIGABYTE GeForce RTX 4060 AERO OC 8G,11990000,10990000,https://gearvn.com/products/card-man-hinh-gigabyte-geforce-rtx-4060-aero-oc-8g,09/05/2026 11:56:42
GearVN,Card màn hình MSI GeForce GTX 1650 Ventus XS 4GB OC V1 D6,3990000,3790000,https://gearvn.com/products/card-man-hinh-msi-geforce-gtx-1650-ventus-xs-4gb-oc-v1-d6,09/05/2026 11:56:42
GearVN,Card màn hình INNO3D GeForce GTX 1660 Super Twin 2X 6GB DDR6 (N166S2-06D6),0,12990000,https://gearvn.com/products/inno3d-geforce-gtx-1660-super-twin-x2-6gb,09/05/2026 11:56:42
GearVN,Card màn hình GIGABYTE GeForce GTX 1660 Super Gaming 6G (GV-N166SGAMING-6GD),0,14490000,https://gearvn.com/products/gigabyte-geforce-gtx-1660-super-gaming-6g-gddr6,09/05/2026 11:56:42
GearVN,Card màn hình ASUS TUF Gaming GeForce GTX 1660 Super 6GB GDDR6 (TUF-GTX1660S-6G-GAMING),0,5090000,https://gearvn.com/products/asus-tuf-gaming-geforce-gtx-1660-super-6gb-gddr6,09/05/2026 11:56:42
GearVN,Card màn hình ASUS TUF Gaming GeForce GTX 1650 4GB D6 (TUF-GTX1650-4GD6-GAMING),7990000,4390000,https://gearvn.com/products/asus-tuf-gaming-geforce-gtx-1650-4gb-gddr6,09/05/2026 11:56:42
GearVN,Card màn hình ASUS TUF Gaming X3 GeForce GTX 1660 Super 6GB (TUF-3-GTX1660S-6G-GAMING),0,5690000,https://gearvn.com/products/vga-asus-tuf3-gtx-1660-super-6gb-gaming,09/05/2026 11:56:42
GearVN,Card màn hình MSI GeForce RTX 3060 Ti Ventus 3X 8G OC (LHR),18490000,12200000,https://gearvn.com/products/msi-geforce-rtx-3060-ti-ventus-3x-oc,09/05/2026 11:56:42
GearVN,Card màn hình MSI GeForce RTX 3060 Ti Ventus 3X 8G (LHR),17990000,13790000,https://gearvn.com/products/msi-geforce-rtx-3060-ti-ventus-3x,09/05/2026 11:56:42
GearVN,Card màn hình MSI GeForce RTX 3060 Ti Ventus 2X 8G OC (LHR),16990000,13490000,https://gearvn.com/products/msi-geforce-rtx-3060-ti-ventus-2x-oc,09/05/2026 11:56:42
GearVN,Card màn hình MSI GeForce RTX 3060 Gaming X Trio 12G (LHR),0,100000000,https://gearvn.com/products/msi-geforce-rtx-3060-ti-gaming-x-trio,09/05/2026 11:56:42
GearVN,Card màn hình MSI GeForce GTX 1660 Super Ventus OC 6GB,0,13990000,https://gearvn.com/products/msi-geforce-gtx-1660-super-ventus-oc-6gb,09/05/2026 11:56:42
GearVN,Card màn hình MSI GeForce GTX 1660 Super Gaming Z 6GB Plus,0,14990000,https://gearvn.com/products/msi-geforce-gtx-1660-super-gaming-z-plus,09/05/2026 11:56:42
GearVN,Card màn hình GIGABYTE GeForce RTX 3060 Ti GAMING OC 8G (GV-N306TGAMING-OC-8GD),17990000,11990000,https://gearvn.com/products/gigabyte-geforce-rtx-3060-ti-gaming-oc-8g,09/05/2026 11:56:42
GearVN,Card màn hình GIGABYTE GeForce RTX 3060 Ti EAGLE OC 8G (GV-N306TEAGLE-OC-8GD),11490000,10690000,https://gearvn.com/products/gigabyte-geforce-rtx-3060-ti-eagle-oc-8g,09/05/2026 11:56:42
GearVN,Card màn hình GIGABYTE AORUS GeForce RTX 3060 Ti Master 8G (GV-N306TAORUS-M-8GD),19990000,15990000,https://gearvn.com/products/card-man-hinh-aorus-geforce-rtx-3060-ti-master-8g,09/05/2026 11:56:42
GearVN,Card màn hình GIGABYTE GeForce RTX 3060 Ti GAMING OC PRO 8G (GV-N306TGAMINGOC-PRO-8GD),18990000,14990000,https://gearvn.com/products/card-man-hinh-aorus-geforce-rtx-3060-ti-gaming-oc-pro-8g,09/05/2026 11:56:42
GearVN,Card màn hình ASUS ROG Strix GeForce RTX 3060 Ti Gaming OC Edition 8GB V2 (ROG-STRIX-RTX3060TI-O8G-V2-GAMING),17990000,12990000,https://gearvn.com/products/asus-rog-strix-geforce-rtx-3060-ti-oc,09/05/2026 11:56:42
GearVN,Card màn hình ASUS ROG Strix GeForce RTX 3060 Ti Gaming 8GB V2 (ROG-STRIX-RTX3060TI-8G-V2-GAMING),15490000,14990000,https://gearvn.com/products/asus-rog-strix-geforce-rtx-3060-ti,09/05/2026 11:56:42
GearVN,Card màn hình ASUS KO GeForce RTX 3060 Ti OC Edition 8GB V2 (KO-RTX3060TI-O8G-V2-GAMING),0,13990000,https://gearvn.com/products/asus-ko-geforce-rtx-3060-ti-oc,09/05/2026 11:56:42
GearVN,Card màn hình ASUS KO GeForce RTX 3060 Ti 8GB V2 (KO-RTX3060TI-8G-V2-GAMING),0,13690000,https://gearvn.com/products/asus-ko-geforce-rtx-3060-ti,09/05/2026 11:56:42
GearVN,Card màn hình ASUS Dual GeForce RTX 3060 Ti OC Edition 8GB V2 (DUAL-RTX3060TI-O8G-V2),15490000,10990000,https://gearvn.com/products/asus-dual-geforce-rtx-3060-ti-oc,09/05/2026 11:56:42
GearVN,Card màn hình ASUS Dual GeForce RTX 3060 Ti 8GB V2 (DUAL-RTX3060TI-8G-V2),14990000,12990000,https://gearvn.com/products/asus-dual-geforce-rtx-3060-ti,09/05/2026 11:56:42
GearVN,Card màn hình GIGABYTE GeForce RTX 3060 GAMING OC 12G (LHR) (GV-N3060GAMING-OC-12GD),9990000,8090000,https://gearvn.com/products/gigabyte-geforce-rtx-3060-gaming-oc-12g,09/05/2026 11:56:42
GearVN,Card màn hình GIGABYTE GeForce RTX 2060 D6 6G (GV-N2060D6-6GD),9990000,6290000,https://gearvn.com/products/gigabyte-geforce-rtx-2060-d6-6g,09/05/2026 11:56:42
GearVN,Card màn hình ASUS TUF Gaming GeForce GTX 1650 OC 4GB D6 (TUF-GTX1650-O4GD6-GAMING),0,4490000,https://gearvn.com/products/asus-tuf-gaming-geforce-gtx-1650-oc-edition-4gb-gddr6,09/05/2026 11:56:42
GearVN,Card màn hình ASUS Phoenix GeForce GTX 1660 6GB,10990000,10690000,https://gearvn.com/products/asus-phoenix-geforce-gtx-1660-6gb-gddr5,09/05/2026 11:56:42
GearVN,Card màn hình ASUS TUF Gaming X3 GeForce GTX 1660 Super ZAKU II EDITION 6GB,0,10690000,https://gearvn.com/products/asus-gaming-geforce-gtx-1660-super-tuf-3-fan-zaku-a6g,09/05/2026 11:56:42
GearVN,Card màn hình MSI GeForce GTX 1650 D6 Ventus XS 4GB,6990000,3890000,https://gearvn.com/products/msi-geforce-gtx-1650-d6-ventus-xs-oc-4gb,09/05/2026 11:56:42
GearVN,Card màn hình MSI GeForce GTX 1650 D6 Gaming X 4GB,8490000,7690000,https://gearvn.com/products/msi-geforce-gtx-1650-d6-gaming-x,09/05/2026 11:56:42
GearVN,Card màn hình MSI GeForce GTX 1650 D6 Aero ITX 4G OC,0,6990000,https://gearvn.com/products/msi-geforce-gtx-1650-d6-aero-itx-oc,09/05/2026 11:56:42
GearVN,Card màn hình Leadtek WinFast GTX 1660 Super Hurricane 6G,14990000,7890000,https://gearvn.com/products/leadtek-winfast-gtx-1660-super-hurricane-6g,09/05/2026 11:56:42
GearVN,Card màn hình GIGABYTE GeForce GTX 1650 D6 WINDFORCE 4G (GV-N1656WF2-4GD),0,7390000,https://gearvn.com/products/gigabyte-gtx-1650-d6-windforce-4gb,09/05/2026 11:56:42
GearVN,Card màn hình GIGABYTE GeForce GTX 1660 Super Mini ITX OC 6G (GV-N166SIXOC-6GD),0,13290000,https://gearvn.com/products/gigabyte-geforce-gtx-1660-super-mini-itx-oc-6g,09/05/2026 11:56:42
GearVN,Card màn hình MSI GeForce GTX 1650 D6 Ventus XS 4GB OC V2,7490000,6990000,https://gearvn.com/products/msi-geforce-gtx-1650-d6-ventus-xs-ocv2-4gb,09/05/2026 11:56:42
GearVN,Card màn hình ASUS Phoenix GeForce GTX 1660 Super OC edition 6GB (PH-GTX1660S-O6G),0,13290000,https://gearvn.com/products/asus-phoenix-geforce-gtx-1660-super-oc-edition-6gb-gddr6,09/05/2026 11:56:42
GearVN,Card màn hình ASUS Phoenix GeForce GTX 1650 OC 4GB GDDR6 (PH-GTX1650-O4GD6),7690000,6990000,https://gearvn.com/products/asus-phoenix-geforce-gtx-1650-oc-edition-4gb-gddr6,09/05/2026 11:56:42
GearVN,Card màn hình ASUS Phoenix GeForce GTX 1650 OC 4GB GDDR5 (PH-GTX1650-O4G),0,6990000,https://gearvn.com/products/asus-phoenix-geforce-gtx-1650-oc-edition-4gb-gddr5,09/05/2026 11:56:42
GearVN,Card màn hình ASUS Dual GeForce RTX 2060 OC EVO 6GB GDDR6 (DUAL-RTX2060-O6G-EVO),9990000,6590000,https://gearvn.com/products/asus-dual-geforce-rtx-2060-oc-edition-evo-6gb-gddr6,09/05/2026 11:56:42
GearVN,Card màn hình Leadtek WinFast GeForce GTX 1650 D6 4G,0,6990000,https://gearvn.com/products/leadtek-winfast-gtx-1650-d6-4g,09/05/2026 11:56:42
GearVN,Card màn hình INNO3D GeForce GTX 1650 Twin X2 OC,7490000,6990000,https://gearvn.com/products/inno3d-geforce-gtx-1650-gddr6-twin-x2-oc,09/05/2026 11:56:42
GearVN,Card màn hình GIGABYTE GeForce RTX 3060 Ti EAGLE 8G (GV-N306TEAGLE-8GD),15990000,10490000,https://gearvn.com/products/gigabyte-geforce-rtx-3060-ti-eagle-8g-rev-2-0-lhr,09/05/2026 11:56:42
GearVN,Card màn hình GIGABYTE GeForce GTX 1650 D6 OC Low Profile 4G (GV-N1656OC-4GL),7690000,6990000,https://gearvn.com/products/gigabyte-geforce-gtx-1650-d6-oc-low-profile-4g,09/05/2026 11:56:42
GearVN,Card Màn Hình Gigabyte Aorus GeForce RTX 3080 Ti Master 12G (GV-N308TAORUS-M-12GD),46990000,29990000,https://gearvn.com/products/gigabyte-aorus-geforce-rtx-3080-ti-master-12g,09/05/2026 11:56:42
GearVN,Card màn hình ASUS TUF Gaming GeForce RTX 3060 Ti OC Edition 8GB V2 (TUF-RTX3060TI-O8G-V2-GAMING),14990000,11990000,https://gearvn.com/products/asus-tuf-gaming-geforce-rtx-3060-ti-v2-o8g-gddr6-lhr,09/05/2026 11:56:42
GearVN,Card Màn Hình Asus Rog Strix GeForce RTX 3080 Ti Gaming OC Edition 12GB (Rog-STRIX-RTX3080TI-O12G-GAMING),50990000,30990000,https://gearvn.com/products/asus-rog-strix-geforce-rtx-3080-ti-o12g-gddr6x,09/05/2026 11:56:42
GearVN,Card Màn Hình Asus Rog Strix GeForce RTX 3080 Ti Gaming 12GB (Rog-STRIX-RTX3080TI-12G-GAMING),34990000,29990000,https://gearvn.com/products/asus-rog-strix-geforce-rtx-3080-ti-12g-gddr6x,09/05/2026 11:56:42
GearVN,Card màn hình ASUS Dual GeForce RTX 2060 EVO 6GB GDDR6 (DUAL-RTX2060-6G-EVO),9490000,6290000,https://gearvn.com/products/asus-dual-geforce-rtx-2060-evo-6gb-gddr6,09/05/2026 11:56:42
GearVN,Card Màn Hình MSI GeForce GTX 1660 Ventus XS 6G OC,13290000,12490000,https://gearvn.com/products/msi-gtx-1660-ventus-xs-6g-oc-gddr5,09/05/2026 11:56:42
GearVN,Card màn hình MSI RTX 2060 Ventus 6G OC GDDR6,0,10490000,https://gearvn.com/products/msi-geforce-rtx-2060-ventus-6g-oc-gddr6,09/05/2026 11:56:42
GearVN,Card màn hình MSI GeForce RTX 2060 Gaming Z 6G GDDR6,0,14990000,https://gearvn.com/products/msi-geforce-rtx-2060-gaming-z-6g-gddr6,09/05/2026 11:56:42
GearVN,Card màn hình GIGABYTE GeForce RTX 2060 OC 6G (GV-N2060OC-6GD),0,8350000,https://gearvn.com/products/gigabyte-geforce-rtx-2060-oc-6g,09/05/2026 11:56:42
GearVN,Card màn hình GIGABYTE GeForce RTX 2060 GAMING OC 6G,0,10800000,https://gearvn.com/products/gigabyte-geforce-rtx-2060-gaming-oc-6g,09/05/2026 11:56:42
GearVN,Card màn hình GIGABYTE Aorus RTX 2060 Xtreme 6G GDDR6,0,10990000,https://gearvn.com/products/gigabyte-aorus-geforce-rtx-2060-xtreme-6g,09/05/2026 11:56:42
GearVN,Card màn hình EVGA GeForce RTX 2060 XC Ultra Gaming 6GB,0,11990000,https://gearvn.com/products/evga-geforce-rtx-2060-xc-ultra-gaming-6gb-gddr6,09/05/2026 11:56:42
GearVN,Card màn hình ASUS Dual GeForce RTX 2060 OC Edition 6GB GDDR6,0,12990000,https://gearvn.com/products/asus-dual-geforce-rtx-2060-oc-edition-6gb-gddr6,09/05/2026 11:56:42
GearVN,Card màn hình ASUS Dual GeForce RTX 2060 ADVANCED 6GB GDDR6,0,10100000,https://gearvn.com/products/asus-dual-geforce-rtx-2060-advanced-edition-6gb-gddr6,09/05/2026 11:56:42
GearVN,Card màn hình Palit GeForce GTX 1650 GP 4GB D6,7690000,5990000,https://gearvn.com/products/palit-geforce-gtx-1650-gp-4gb-gddr6,09/05/2026 11:56:42
GearVN,Card màn hình MSI GeForce RTX 3060 Ti Ventus 2X 8G OCV1 (LHR),16990000,13190000,https://gearvn.com/products/msi-geforce-rtx-3060-ti-ventus-2x-8g-ocv1-lhr,09/05/2026 11:56:42
GearVN,Card màn hình MSI GeForce RTX 3060 Ti Gaming X 8G (LHR),18990000,11990000,https://gearvn.com/products/msi-geforce-rtx-3060-ti-gaming-x-lhr,09/05/2026 11:56:42
GearVN,Card màn hình Manli GeForce GTX 1650 4GB GDDR6,7490000,4990000,https://gearvn.com/products/manli-geforce-gtx-1650-4gb-gddr6,09/05/2026 11:56:42
GearVN,Card màn hình GIGABYTE Radeon RX 6600 EAGLE 8G (GV-R66EAGLE-8GD),6990000,5590000,https://gearvn.com/products/gigabyte-radeon-rx-6600-eagle-8g,09/05/2026 11:56:42
GearVN,Card màn hình GIGABYTE GeForce GTX 1650 Mini ITX 4G (GV-N1650IX-4GD),0,6690000,https://gearvn.com/products/gigabyte-geforce-gtx-1650-mini-itx-4g,09/05/2026 11:56:42
GearVN,Card màn hình GIGABYTE GeForce GTX 1650 D6 4G 1 Fan (GV-N1656D6-4GD),7890000,7290000,https://gearvn.com/products/gigabyte-geforce-gtx-1650-d6-4g,09/05/2026 11:56:42
GearVN,Card màn hình GIGABYTE AORUS GeForce RTX 3060 Ti Elite 8G (GV-N306TAORUS-E-8GD),19990000,14490000,https://gearvn.com/products/gigabyte-aorus-geforce-rtx-3060-ti-elite-8g-rev-2-0,09/05/2026 11:56:42
GearVN,Card màn hình ASUS Phoenix GeForce GTX 1650 4GB GDDR6 (PH-GTX1650-4GD6),7490000,6890000,https://gearvn.com/products/asus-phoenix-geforce-gtx-1650-4gb-gddr6-ph-gtx1650-4gd6,09/05/2026 11:56:42
GearVN,Card màn hình ASUS Dual GeForce RTX 3060 Ti Mini OC Edition 8GB V2 (DUAL-RTX3060TI-O8G-MINI-V2),14990000,12990000,https://gearvn.com/products/asus-dual-geforce-rtx-3060-ti-v2-mini-oc-edition-8gb-gddr6-lhr,09/05/2026 11:56:42
GearVN,Card màn hình ASUS Dual GeForce RTX 3060 Ti Mini 8GB V2 (DUAL-RTX3060TI-8G-MINI-V2),14490000,12490000,https://gearvn.com/products/asus-dual-geforce-rtx-3060-ti-v2-mini-8gb-gddr6-lhr,09/05/2026 11:56:42
GearVN,Card màn hình Palit GeForce GTX 1650 StormX 4G GDDR5,7490000,6390000,https://gearvn.com/products/palit-geforce-gtx-1650-stormx-gddr5,09/05/2026 11:56:42
GearVN,Card màn hình MSI GeForce GTX 1650 4GT Low Profile,7690000,7290000,https://gearvn.com/products/msi-geforce-gtx-1650-4gt-low-profile,09/05/2026 11:56:42
GearVN,Card màn hình GIGABYTE GeForce RTX 2060 WINDFORCE OC 12G (GV-N2060WF2OC-12GD),12990000,9990000,https://gearvn.com/products/gigabyte-geforce-rtx-2060-windforce-oc-12g,09/05/2026 11:56:42
GearVN,Card màn hình GIGABYTE GeForce RTX 2060 D6 12G,0,16790000,https://gearvn.com/products/gigabyte-geforce-rtx-2060-d6-12g,09/05/2026 11:56:42
GearVN,Card Màn Hình Asus Tuf Gaming GeForce GTX 1660 Ti EVO OC 6GB (Tuf-GTX1660TI-O6G-EVO-GAMING),9490000,5990000,https://gearvn.com/products/asus-tuf-gaming-geforce-gtx-1660-ti-evo-oc-edition-6gb,09/05/2026 11:56:42
GearVN,Card màn hình ASUS GeForce GT 730 2G (SL-2GD5-BRK),1990000,1550000,https://gearvn.com/products/asus-geforce-gt-730-2gb-gt730-sl-2gd5-brk,09/05/2026 11:56:42
GearVN,Card màn hình MSI GTX 1650 VENTUS XS 4GB,7490000,6790000,https://gearvn.com/products/geforce-gtx-1650-ventus-xs-4g,09/05/2026 11:56:42
GearVN,Card màn hình ASUS TUF Gaming GeForce GTX 1660 Super OC Edition 6GB GDDR6 (TUF-GTX1660S-O6G-GAMING),5390000,5190000,https://gearvn.com/products/asus-tuf-gaming-geforce-gtx-1660-super-oc-edition-6gb-gddr6,09/05/2026 11:56:42
GearVN,Card màn hình MSI GeForce RTX 3060 Ventus 2X 12G (LHR),0,100000000,https://gearvn.com/products/msi-geforce-rtx-3060-ti-ventus-2x,09/05/2026 11:56:42
GearVN,Card màn hình GIGABYTE GeForce RTX 3050 EAGLE OC 8G (GV-N3050EAGLE-OC-8GD),6990000,5990000,https://gearvn.com/products/gigabyte-geforce-rtx-3050-eagle-oc-8g,09/05/2026 11:56:42
GearVN,Card màn hình ASUS Dual GeForce RTX 3050 V2 8GB (DUAL-RTX3050-8G-V2),6790000,5890000,https://gearvn.com/products/asus-dual-geforce-rtx-3050-8gb-v2,09/05/2026 11:56:42
GearVN,Card màn hình ASUS Dual GeForce RTX 2060 EVO OC 12GB GDDR6 (DUAL-RTX2060-O12G-EVO),16990000,13990000,https://gearvn.com/products/asus-dual-geforce-rtx-2060-evo-oc-12gb,09/05/2026 11:56:42
GearVN,Card màn hình MSI GeForce GTX 1650 D6 Ventus XS 4GB OC,7990000,4190000,https://gearvn.com/products/msi-gtx-1650-ventus-xs-4gb-gddr6,09/05/2026 11:56:42
GearVN,Card màn hình GIGABYTE GeForce GTX 1650 D6 WINDFORCE OC 4G (GV-N1656WF2OC-4GD),4190000,3890000,https://gearvn.com/products/gigabyte-gtx-1650-winforce-oc-4gb-gddr6,09/05/2026 11:56:42
GearVN,Card màn hình GIGABYTE GeForce GTX 1650 D6 OC 4G 1 Fan (GV-N1656OC-4GD),7990000,7390000,https://gearvn.com/products/gigabyte-gtx-1650-oc-4gb-gddr6,09/05/2026 11:56:42
GearVN,Card màn hình ASUS ROG Strix GeForce GTX 1650 OC 4G GDDR5,5500000,4290000,https://gearvn.com/products/rog-strix-geforce-gtx-1650-oc-edition-4gb-gddr5,09/05/2026 11:56:42
GearVN,Card màn hình ASUS ROG Strix GeForce GTX 1650 Advanced Edition 4GB GDDR5,0,4770000,https://gearvn.com/products/rog-strix-geforce-gtx-1650-advanced-edition-4gb-gddr5,09/05/2026 11:56:42
GearVN,Card màn hình MSI GeForce GTX 1650 Ventus XS 4GB OC GDDR5,0,5290000,https://gearvn.com/products/msi-gtx-1650-ventus-xs-4g-oc-gddr5,09/05/2026 11:56:42
GearVN,Card màn hình MSI GeForce RTX 2060 Ventus XS 6G OC,0,8690000,https://gearvn.com/products/msi-geforce-rtx-2060-ventus-xs-6g-oc-gddr6,09/05/2026 11:56:42
GearVN,Card màn hình Palit GeForce GT 730 2G,1290000,1190000,https://gearvn.com/products/palit-geforce-gt-730-2g,09/05/2026 11:56:42
GearVN,Card màn hình GIGABYTE GeForce GTX 1650 WINDFORCE OC 4GB GDDR5,5090000,4790000,https://gearvn.com/products/gigabyte-geforce-gtx-1650-windforce-oc-4g,09/05/2026 11:56:42
GearVN,Card màn hình GIGABYTE GeForce GTX 1650 OC 4G (GV-N1650OC-4GD),7890000,4290000,https://gearvn.com/products/gigabyte-geforce-gtx-1650-oc-4g,09/05/2026 11:56:42
GearVN,Card màn hình GIGABYTE GeForce GTX 1650 Mini ITX OC 4G (GV-N1650IXOC-4GD),7490000,4890000,https://gearvn.com/products/gigabyte-geforce-gtx-1650-ixoc-4g,09/05/2026 11:56:42
GearVN,Card màn hình GIGABYTE GeForce GTX 1650 GAMING OC 4G 2 Fan (GV-N1650GAMING-OC-4GD),0,7090000,https://gearvn.com/products/gigabyte-geforce-gtx-1650-gaming-oc-4g,09/05/2026 11:56:42
GearVN,ASUS Phoenix GeForce GTX 1660 OC 6GB,11290000,10890000,https://gearvn.com/products/asus-phoenix-gtx-1660-oc-edition-6gb-gddr5,09/05/2026 11:56:42
GearVN,Card màn hình ASUS Dual GeForce GTX 1650 OC 4GB (DUAL-GTX1650-O4G),7490000,6690000,https://gearvn.com/products/asus-geforce-gtx-1650-4gb-dual-oc,09/05/2026 11:56:42
GearVN,Card màn hình ASUS Dual GeForce GTX 1650 V2 4GB GDDR6 (DUAL-GTX1650-4GD6-P-V2),4190000,3890000,https://gearvn.com/products/asus-dual-geforce-gtx-1650-v2-4gb-gddr6,09/05/2026 11:56:42
GearVN,Card màn hình MSI GeForce RTX 2060 Ventus XS 6G OCV1 GDDR6,0,13990000,https://gearvn.com/products/msi-geforce-rtx-2060-ventus-xs-6g-ocv1-gddr6,09/05/2026 11:56:42
GearVN,Card màn hình GIGABYTE GeForce RTX 2060 GAMING OC PRO 6G,0,10990000,https://gearvn.com/products/gigabyte-geforce-rtx-2060-gaming-oc-pro-6g-1,09/05/2026 11:56:42
GearVN,Card màn hình GIGABYTE GeForce GTX 1660 Super OC 6G (GV-N166SOC-6GD),7990000,5190000,https://gearvn.com/products/geforce-gtx-1660-super-oc-6g,09/05/2026 11:56:42
GearVN,Card màn hình ASUS TUF GAMING GeForce GTX 1650 4GB,4290000,3990000,https://gearvn.com/products/asus-tuf-gaming-geforce-gtx-1650-4gb,09/05/2026 11:56:42
GearVN,Card màn hình MSI GeForce RTX 4090 SUPRIM X 24G,59990000,55990000,https://gearvn.com/products/msi-geforce-rtx-4090-suprim-x-24g,09/05/2026 11:56:42
GearVN,Card màn hình MSI GeForce RTX 4090 SUPRIM LIQUID X 24G,0,56990000,https://gearvn.com/products/msi-geforce-rtx-4090-suprim-liquid-x-24g,09/05/2026 11:56:42
GearVN,Card màn hình MSI GeForce RTX 4090 SUPRIM LIQUID 24G,0,55990000,https://gearvn.com/products/msi-geforce-rtx-4090-suprim-liquid-24g,09/05/2026 11:56:42
GearVN,Card màn hình MSI GeForce RTX 4090 SUPRIM 24G,0,54990000,https://gearvn.com/products/msi-geforce-rtx-4090-suprim-24g,09/05/2026 11:56:42
GearVN,Card màn hình MSI GeForce RTX 4090 GAMING X TRIO 24G,0,53990000,https://gearvn.com/products/msi-geforce-rtx-4090-gaming-x-trio-24g,09/05/2026 11:56:42
GearVN,Card màn hình MSI GeForce RTX 4090 GAMING TRIO 24G,0,54990000,https://gearvn.com/products/msi-geforce-rtx-4090-gaming-trio-24g,09/05/2026 11:56:42
GearVN,Card màn hình GIGABYTE GeForce RTX 4090 WINDFORCE 24G (GV-N4090WF3-24GD),0,47990000,https://gearvn.com/products/gigabyte-geforce-rtx-4090-windforce-24g,09/05/2026 11:56:42
GearVN,Card màn hình GIGABYTE GeForce RTX 4090 GAMING OC 24G (GV-N4090GAMING OC-24GD),0,60990000,https://gearvn.com/products/gigabyte-geforce-rtx-4090-gaming-oc-24g,09/05/2026 11:56:42
GearVN,Card màn hình GIGABYTE AORUS GeForce RTX 4090 XTREME WATERFORCE 24G (GV-N4090AORUSX W-24GD),0,56990000,https://gearvn.com/products/gigabyte-aorus-geforce-rtx-4090-xtreme-waterforce-24g,09/05/2026 11:56:42
GearVN,Card màn hình GIGABYTE AORUS GeForce RTX 4090 MASTER 24G (GV-N4090AORUS M-24GD),69900000,62990000,https://gearvn.com/products/gigabyte-aorus-geforce-rtx-4090-master-24g,09/05/2026 11:56:42
GearVN,Card màn hình ASUS TUF Gaming GeForce RTX 4090 OC Edition 24GB (TUF-RTX4090-O24G-GAMING),65990000,62990000,https://gearvn.com/products/asus-tuf-gaming-geforce-rtx-4090-oc-edition-24gb-gddr6x,09/05/2026 11:56:42
GearVN,Card màn hình ASUS TUF Gaming GeForce RTX 4090 24GB (TUF-RTX4090-24G-GAMING),65990000,58490000,https://gearvn.com/products/asus-tuf-gaming-geforce-rtx-4090-24gb-gddr6x,09/05/2026 11:56:42
GearVN,Card màn hình ASUS ROG Strix GeForce RTX 4090 OC Edition 24GB (ROG-STRIX-RTX4090-O24G-GAMING),0,66990000,https://gearvn.com/products/asus-rog-strix-geforce-rtx-4090-oc-edition-24gb-gddr6x,09/05/2026 11:56:42
GearVN,Card màn hình ASUS ROG Strix GeForce RTX 4090 24GB (ROG-STRIX-RTX4090-24G-GAMING),65990000,62990000,https://gearvn.com/products/asus-rog-strix-geforce-rtx-4090-24gb-gddr6x,09/05/2026 11:56:42
GearVN,Card Màn Hình Gigabyte GeForce GTX 1650 Super Windforce OC 4GB (GV-N165SWF2OC-4GD),0,8790000,https://gearvn.com/products/gigabyte-gtx-1650-super-wf-oc,09/05/2026 11:56:42
GearVN,Card Màn Hình Asus Tuf Gaming GeForce GTX 1650 Super OC 4GB (Tuf-GTX1650S-O4G-GAMING),8990000,8790000,https://gearvn.com/products/asus-gtx-1650-super-4gb-tuf-gaming,09/05/2026 11:56:42
GearVN,Card màn hình MSI GeForce RTX 4080 VENTUS 3X OC 16GB,44990000,36990000,https://gearvn.com/products/msi-geforce-rtx-4080-ventus-3x-oc-16gb,09/05/2026 11:56:42
GearVN,Card màn hình MSI GeForce RTX 4080 VENTUS 3X 16GB,0,35990000,https://gearvn.com/products/msi-geforce-rtx-4080-ventus-3x-16gb,09/05/2026 11:56:42
GearVN,Card màn hình MSI GeForce RTX 4080 SUPRIM X 16GB,48990000,39990000,https://gearvn.com/products/msi-geforce-rtx-4080-suprim-x-16gb,09/05/2026 11:56:42
GearVN,Card màn hình MSI GeForce RTX 4080 SUPRIM 16GB,0,39490000,https://gearvn.com/products/msi-geforce-rtx-4080-suprim-16gb,09/05/2026 11:56:42
GearVN,Card màn hình MSI GeForce RTX 4080 GAMING X TRIO 16GB,46990000,37990000,https://gearvn.com/products/msi-geforce-rtx-4080-gaming-x-trio-16gb,09/05/2026 11:56:42
GearVN,Card màn hình MSI GeForce RTX 4080 GAMING TRIO 16GB,0,36990000,https://gearvn.com/products/msi-geforce-rtx-4080-gaming-trio-16gb,09/05/2026 11:56:42
GearVN,Card màn hình GIGABYTE GeForce RTX 4080 GAMING OC 16GB (GV-N4080GAMING OC-16GD),48490000,37490000,https://gearvn.com/products/gigabyte-geforce-rtx-4090-gaming-oc-16g,09/05/2026 11:56:42
GearVN,Card màn hình GIGABYTE GeForce RTX 4080 EAGLE 16GB (GV-N4080EAGLE 16GD),45990000,35490000,https://gearvn.com/products/gigabyte-geforce-rtx-4090-eagle-16g,09/05/2026 11:56:42
GearVN,Card màn hình GIGABYTE GeForce RTX 4080 EAGLE OC 16GB (GV-N4080EAGLE OC-16GD),46990000,35990000,https://gearvn.com/products/gigabyte-geforce-rtx-4080-eagle-oc-16g,09/05/2026 11:56:42
GearVN,Card màn hình GIGABYTE GeForce RTX 4080 AERO OC 16GB (GV-N4080AERO OC-16GD),48990000,37990000,https://gearvn.com/products/gigabyte-geforce-rtx-4080-aero-oc-16g,09/05/2026 11:56:42
GearVN,Card màn hình GIGABYTE AORUS GeForce RTX 4080 XTREME WATERFORCE WB 16GB (GV-N4080AORUSX WB-16GD),0,40490000,https://gearvn.com/products/gigabyte-aorus-geforce-rtx-4080-xtreme-waterforce-wb-16g,09/05/2026 11:56:42
GearVN,Card màn hình GIGABYTE AORUS GeForce RTX 4080 XTREME WATERFORCE 16GB (GV-N4080AORUSX W-16GD),0,42990000,https://gearvn.com/products/gigabyte-aorus-geforce-rtx-4080-xtreme-waterforce-16g,09/05/2026 11:56:42
GearVN,Card màn hình GIGABYTE AORUS GeForce RTX 4080 MASTER 16GB (GV-N4080AORUS M-16GD),49990000,39990000,https://gearvn.com/products/gigabyte-aorus-geforce-rtx-4080-master-16g,09/05/2026 11:56:42
GearVN,Card màn hình ASUS TUF Gaming GeForce RTX 4080 OC Edition 16GB (TUF-RTX4080-O16G-GAMING),47200000,38490000,https://gearvn.com/products/asus-tuf-gaming-geforce-rtx-4080-oc-edition-16gb-gddr6x,09/05/2026 11:56:42
GearVN,Card màn hình ASUS TUF Gaming GeForce RTX 4080 16GB (TUF-RTX4080-16G-GAMING),46000000,37990000,https://gearvn.com/products/asus-tuf-gaming-geforce-rtx-4080-16gb-gddr6x,09/05/2026 11:56:42
GearVN,Card màn hình ASUS TUF Gaming GeForce RTX 4070 Ti OC Edition 12GB (TUF-RTX4070TI-O12G-GAMING),29990000,26990000,https://gearvn.com/products/asus-tuf-gaming-geforce-rtx-4070-ti-oc-edition-12gb-gddr6x,09/05/2026 11:56:42
GearVN,Card màn hình ASUS TUF Gaming GeForce RTX 4070 Ti 12GB (TUF-RTX4070TI-12G-GAMING),24990000,24390000,https://gearvn.com/products/asus-tuf-gaming-geforce-rtx-4070-ti-12gb-gddr6x,09/05/2026 11:56:42
GearVN,Card màn hình ASUS ROG Strix GeForce RTX 4090 OC White Edition 24GB (ROG-STRIX-RTX4090-O24G-WHITE),69990000,64990000,https://gearvn.com/products/asus-rog-strix-geforce-rtx-4090-oc-white-edition-24gb-gddr6x,09/05/2026 11:56:42
GearVN,Card màn hình ASUS ROG Strix GeForce RTX 4080 OC White Edition 16GB (ROG-STRIX-RTX4080-O16G-WHITE),45990000,42990000,https://gearvn.com/products/asus-rog-strix-geforce-rtx-4080-oc-white-edition-16gb-gddr6x,09/05/2026 11:56:42
GearVN,Card màn hình ASUS ROG Strix GeForce RTX 4080 OC Edition 16GB (ROG-STRIX-RTX4080-O16G-GAMING),0,40990000,https://gearvn.com/products/asus-rog-strix-geforce-rtx-4080-oc-edition-16gb-gddr6x,09/05/2026 11:56:42
GearVN,Card màn hình ASUS ROG Strix GeForce RTX 4080 16GB (ROG-STRIX-RTX4080-16G-GAMING),49500000,40490000,https://gearvn.com/products/asus-rog-strix-geforce-rtx-4080-16gb-gddr6x,09/05/2026 11:56:42
GearVN,Card màn hình MSI GeForce RTX 4070 Ti SUPRIM X 12GB,28490000,27490000,https://gearvn.com/products/msi-geforce-rtx-4070-ti-suprim-x-12g,09/05/2026 11:56:42
GearVN,Card màn hình MSI GeForce RTX 4070 Ti GAMING X TRIO WHITE 12G,29990000,27790000,https://gearvn.com/products/msi-geforce-rtx-4070-ti-gaming-x-trio-white-12g,09/05/2026 11:56:42
GearVN,Card màn hình MSI GeForce RTX 4070 Ti GAMING X TRIO 12GB,25990000,24990000,https://gearvn.com/products/msi-geforce-rtx-4070-ti-gaming-x-trio-12g,09/05/2026 11:56:42
GearVN,Card màn hình GIGABYTE GeForce RTX 4070 Ti GAMING OC 12GB (GV-N407TGAMING OC-12GD),29990000,27990000,https://gearvn.com/products/gigabyte-geforce-rtx-4070-ti-gaming-oc-12g,09/05/2026 11:56:42
GearVN,Card màn hình GIGABYTE GeForce RTX 4070 Ti EAGLE OC 12GB (GV-N407TEAGLE OC-12GD),27990000,25990000,https://gearvn.com/products/gigabyte-geforce-rtx-4070-ti-eagle-oc-12g,09/05/2026 11:56:42
GearVN,Card màn hình GIGABYTE GeForce RTX 4070 Ti AERO OC 12GB (GV-N407TAERO OC-12GD),30990000,27990000,https://gearvn.com/products/gigabyte-geforce-rtx-4070-ti-aero-oc-12g,09/05/2026 11:56:42
GearVN,Card màn hình GIGABYTE AORUS GeForce RTX 4070 Ti MASTER 12GB (GV-N407TAORUS M-12GD),30990000,29490000,https://gearvn.com/products/gigabyte-aorus-geforce-rtx-4070-ti-master-12g,09/05/2026 11:56:42
GearVN,Card màn hình GIGABYTE AORUS GeForce RTX 4070 Ti ELITE 12GB (GV-N407TAORUS E-12GD),29290000,28990000,https://gearvn.com/products/gigabyte-aorus-geforce-rtx-4070-ti-elite-12g,09/05/2026 11:56:42
GearVN,Card màn hình ASUS ROG Strix GeForce RTX 4070 Ti OC Edition 12GB (ROG-STRIX-RTX4070TI-O12G-GAMING),30490000,29990000,https://gearvn.com/products/asus-rog-strix-geforce-rtx-4070ti-oc-edition-12gb-gddr6x,09/05/2026 11:56:42
GearVN,Card màn hình ASUS ROG Strix GeForce RTX 4070 Ti 12GB (ROG-STRIX-RTX4070TI-12G-GAMING),29990000,26790000,https://gearvn.com/products/asus-rog-strix-geforce-rtx-4070ti-12gb-gddr6x,09/05/2026 11:56:42
GearVN,Card màn hình MSI GeForce RTX 4070 VENTUS 3X 12GB OC,0,17490000,https://gearvn.com/products/msi-geforce-rtx-4070-ventus-3x-12g-oc,09/05/2026 11:56:42
GearVN,Card màn hình MSI GeForce RTX 4070 VENTUS 3X 12GB,0,16990000,https://gearvn.com/products/msi-geforce-rtx-4070-ventus-3x-12g,09/05/2026 11:56:42
GearVN,Card màn hình MSI GeForce RTX 4070 VENTUS 2X 12GB OC,0,16790000,https://gearvn.com/products/msi-geforce-rtx-4070-ventus-2x-12g-oc,09/05/2026 11:56:42
GearVN,Card màn hình MSI GeForce RTX 4070 Ti SUPRIM 12GB,27990000,26990000,https://gearvn.com/products/msi-geforce-rtx-4070-ti-suprim-12g,09/05/2026 11:56:42
GearVN,Card màn hình MSI GeForce RTX 4070 GAMING X TRIO 12GB,19490000,18990000,https://gearvn.com/products/msi-geforce-rtx-4070-gaming-x-trio-12g,09/05/2026 11:56:42
GearVN,Card màn hình MSI GeForce RTX 4060 Ti VENTUS 2X BLACK 8G OC,13990000,13490000,https://gearvn.com/products/msi-geforce-rtx-4060-ti-ventus-2x-black-8g-oc,09/05/2026 11:56:42
GearVN,Card màn hình GIGABYTE GeForce RTX 4070 WINDFORCE OC 12G (GV-N4070WF3OC-12GD),17990000,17490000,https://gearvn.com/products/gigabyte-geforce-rtx-4070-windforce-oc-12g,09/05/2026 11:56:42
GearVN,Card màn hình GIGABYTE GeForce RTX 4070 GAMING OC 12GB (GV-N4070GAMING OC-12GD),19990000,18990000,https://gearvn.com/products/gigabyte-geforce-rtx-4070-gaming-oc-12g,09/05/2026 11:56:42
GearVN,Card màn hình GIGABYTE GeForce RTX 4070 EAGLE OC 12GB (GV-N4070EAGLE OC-12GD),17990000,17690000,https://gearvn.com/products/gigabyte-geforce-rtx-4070-eagle-oc-12g,09/05/2026 11:56:42
GearVN,Card màn hình GIGABYTE GeForce RTX 4070 AERO OC 12GB (GV-N4070AERO OC-12GD),19990000,19290000,https://gearvn.com/products/gigabyte-geforce-rtx-4070-aero-oc-12g,09/05/2026 11:56:42
GearVN,Card màn hình GIGABYTE GeForce RTX 4060 Ti AERO OC 8G (GV-N406TAERO-OC-8GD),13990000,13490000,https://gearvn.com/products/gigabyte-geforce-rtx-4060-ti-aero-oc-8g,09/05/2026 11:56:42
GearVN,Card màn hình GIGABYTE AORUS GeForce RTX 4070 MASTER 12GB (GV-N4070AORUS M-12GD),20990000,20490000,https://gearvn.com/products/gigabyte-aorus-geforce-rtx-4070-master-12g,09/05/2026 11:56:42
GearVN,Card màn hình ASUS TUF Gaming GeForce RTX 4070 OC Edition 12GB (TUF-RTX4070-O12G-GAMING),20490000,19990000,https://gearvn.com/products/asus-tuf-gaming-geforce-rtx-4070-oc-edition-12gb-gddr6x,09/05/2026 11:56:42
GearVN,Card màn hình ASUS TUF Gaming GeForce RTX 4070 12GB (TUF-RTX4070-12G-GAMING),0,19490000,https://gearvn.com/products/asus-tuf-gaming-geforce-rtx-4070-12gb-gddr6x,09/05/2026 11:56:42
GearVN,Card màn hình ASUS ROG Strix GeForce RTX 4070 OC Edition 12GB (ROG-STRIX-RTX4070-O12G-GAMING),0,21990000,https://gearvn.com/products/asus-rog-strix-geforce-rtx-4070-oc-edition-12g-gddr6x,09/05/2026 11:56:42
GearVN,Card màn hình ASUS ROG Strix GeForce RTX 4070 12GB (ROG-STRIX-RTX4070-12G-GAMING),0,21490000,https://gearvn.com/products/asus-rog-strix-geforce-rtx-4070-12gb-gddr6x,09/05/2026 11:56:42
GearVN,Card màn hình ASUS PROART GeForce RTX 4080 OC Edition 16GB (PROART-RTX4080-O16G),0,35990000,https://gearvn.com/products/asus-proart-geforce-rtx-4080-oc-edition-16gb-gddr6x,09/05/2026 11:56:42
GearVN,Card màn hình ASUS PROART GeForce RTX 4080 16GB (PROART-RTX4080-16G),0,35490000,https://gearvn.com/products/asus-proart-geforce-rtx-4080-16gb-gddr6x,09/05/2026 11:56:42
GearVN,Card màn hình ASUS PROART GeForce RTX 4070 Ti OC Edition 12GB (PROART-RTX4070TI-O12G),0,23990000,https://gearvn.com/products/asus-proart-geforce-rtx-4070-ti-oc-edition-12gb-gddr6x,09/05/2026 11:56:42
GearVN,Card màn hình ASUS PROART GeForce RTX 4070 Ti 12GB (PROART-RTX4070TI-12G),0,23490000,https://gearvn.com/products/asus-proart-geforce-rtx-4070-ti-12gb-gddr6x,09/05/2026 11:56:42
GearVN,Card màn hình ASUS Dual GeForce RTX 4070 White OC Edition 12GB (DUAL-RTX4070-O12G-WHITE),0,17690000,https://gearvn.com/products/asus-dual-geforce-rtx-4070-white-oc-edition-12gb-gddr6x,09/05/2026 11:56:42
GearVN,Card màn hình ASUS Dual GeForce RTX 4070 White 12GB (DUAL-RTX4070-12G-WHITE),0,17490000,https://gearvn.com/products/asus-dual-geforce-rtx-4070-white-edition-12gb-gddr6x,09/05/2026 11:56:42
GearVN,Card màn hình ASUS Dual GeForce RTX 4070 OC Edition 12GB (DUAL-RTX4070-O12G),18990000,17290000,https://gearvn.com/products/asus-dual-geforce-rtx-4070-oc-edition-12gb-gddr6x,09/05/2026 11:56:42
GearVN,Card màn hình ASUS Dual GeForce RTX 4070 12GB (DUAL-RTX4070-12G),0,16990000,https://gearvn.com/products/asus-dual-geforce-rtx-4070-12gb-gddr6x,09/05/2026 11:56:42
Tin Học Ngôi Sao,"Card màn hình NVIDIA GeForce RTX 3050 Inno3D Twin X2 | 6GB GDDR6, 2304 CUDA, 450W",5390000,5390000,https://tinhocngoisao.com/products/card-man-hinh-vga-inno3d-geforce-rtx-3050-twin-x2-6gb,09/05/2026 11:56:42
Tin Học Ngôi Sao,"Card màn hình NVIDIA GeForce RTX 3050 Colorful V4-4 | 6GB GDDR6, 2304 CUDA, 450W",5590000,5590000,https://tinhocngoisao.com/products/card-man-hinh-colorful-rtx-3050-6gb-v4-v,09/05/2026 11:56:42
Tin Học Ngôi Sao,"Card màn hình NVIDIA GeForce RTX 3050 Gigabyte WindForce OC | 8GB GDDR6, 2560 CUDA, 450W",6490000,6490000,https://tinhocngoisao.com/products/card-man-hinh-vga-gigabyte-geforce-rtx-3050-windforce-oc-v2-8g,09/05/2026 11:56:42
Tin Học Ngôi Sao,"Card màn hình NVIDIA GeForce GT 730 ASUS | 2GB GDDR5, 384 CUDA, 300W",1750000,1750000,https://tinhocngoisao.com/products/vga-asus-geforce-gt-730-2gb-ddr5-gt730-sl-2gd5-brk,09/05/2026 11:56:42
Tin Học Ngôi Sao,"Card màn hình NVIDIA GeForce RTX 3050 ASUS Dual OC | 6GB GDDR6, 2304 CUDA, 450W",5590000,5590000,https://tinhocngoisao.com/products/card-man-hinh-vga-asus-dual-geforce-rtx-3050-oc-edition-6gb-gddr6-90yv0k60-m0na00,09/05/2026 11:56:42
Tin Học Ngôi Sao,Card màn hình Gigabyte RTX 3060 GAMING OC 8GB (GV-N3060GAMING OC-8GD),8490000,8490000,https://tinhocngoisao.com/products/vga-gigabyte-geforce-rtx-3060-gaming-oc-8gb-gv-n3060gaming-oc-8gd,09/05/2026 11:56:42
Tin Học Ngôi Sao,"Card màn hình INNO3D GeForce GT 1030 | 2GB GDDR5, 384 CUDA, 300W",2190000,2190000,https://tinhocngoisao.com/products/card-man-hinh-inno3d-geforce-gt-1030-2gb-gddr5-384-cuda-300w,09/05/2026 11:56:42
Tin Học Ngôi Sao,"Card màn hình NVIDIA GeForce RTX 3050 Gigabyte WindForce OC | 6GB GDDR6, 2304 CUDA, 300W",5590000,5590000,https://tinhocngoisao.com/products/card-man-hinh-vga-gigabyte-geforce-rtx-3050-windforce-oc-v2-6g,09/05/2026 11:56:42
Tin Học Ngôi Sao,"Card màn hình NVIDIA GeForce RTX 5060 MSI SHADOW 2X OC | 8GB GDDR7, 3840 CUDA, 550W",9990000,9990000,https://tinhocngoisao.com/products/card-man-hinh-msi-geforce-rtx-5060-8g-shadow-2x-oc,09/05/2026 11:56:42
Tin Học Ngôi Sao,"Card màn hình NVIDIA GeForce RTX 5060 ASUS Dual OC | 8GB GDDR7, 3840 CUDA, 550W",10290000,10290000,https://tinhocngoisao.com/products/card-man-hinh-asus-dual-geforce-rtx-5060-8gb-gddr7,09/05/2026 11:56:42
Tin Học Ngôi Sao,"Card màn hình AMD Radeon RX 7600 ASUS Dual EVO OC | 8GB GDDR6, 2048 SP, 550W",7190000,7190000,https://tinhocngoisao.com/products/card-man-hinh-asus-dual-radeon-rx-7600-evo-oc-edition-8gb-gddr6,09/05/2026 11:56:42
Tin Học Ngôi Sao,"Card màn hình NVIDIA GeForce RTX 3050 ASUS Dual | 8GB GDDR6, 2560 CUDA, 450W",6490000,6490000,https://tinhocngoisao.com/products/vga-asus-geforce-rtx-3050-dual-8gb-gddr6-128bit-2-fan-v2-dual-rtx3050-8g-v2,09/05/2026 11:56:42
Tin Học Ngôi Sao,"Card màn hình NVIDIA GeForce RTX 3050 ZOTAC Twin Edge OC | 6GB GDDR6, 2560 CUDA, 450W",5490000,5490000,https://tinhocngoisao.com/products/card-man-hinh-vga-zotac-gaming-geforce-rtx-3050-6gb-gddr6-twin-edge-oc,09/05/2026 11:56:42
Tin Học Ngôi Sao,Card màn hình ASUS Dual GeForce RTX™ 5060 Ti 8GB GDDR7 OC Edition,11390000,11390000,https://tinhocngoisao.com/products/card-man-hinh-asus-dual-geforce-rtx-5060-ti-8gb-gddr7-oc-edition,09/05/2026 11:56:42
Tin Học Ngôi Sao,Card màn hình ASUS GT 1030 2GB GDDR5 Silent BRK (GT 1030-SL-2GB-BRK),2490000,2490000,https://tinhocngoisao.com/products/vga-asus-gt-1030-2g-gddr5-silent-brk-chinh-hang-gt1030-sl-2g-brk,09/05/2026 11:56:42
Tin Học Ngôi Sao,"Card màn hình NVIDIA GeForce RTX 5060 MSI VENTUS 2X OC | 8GB GDDR7, 3840 CUDA, 550W",10790000,10790000,https://tinhocngoisao.com/products/card-man-hinh-msi-geforce-rtx-5060-8g-ventus-2x-oc,09/05/2026 11:56:42
Tin Học Ngôi Sao,"Card màn hình NVIDIA GeForce RTX 5070 Colorful Gaming 12GB-V | 12GB GDDR7, 6144 CUDA, 3 Fan, 650W",19090000,19090000,https://tinhocngoisao.com/products/card-man-hinh-nvidia-geforce-rtx-5070-colorful-gaming-12gb-v-12gb-gddr7-6144-cuda-3-fan-650w,09/05/2026 11:56:42
Tin Học Ngôi Sao,"Card màn hình NVIDIA GeForce RTX 5060 Palit Infinity 2 OC | 8GB GDDR7, 3840 CUDA",9490000,9490000,https://tinhocngoisao.com/products/card-man-hinh-nvidia-geforce-rtx-5060-palit-infinity-2-oc-8gb-gddr7-3840-cuda,09/05/2026 11:56:42
Tin Học Ngôi Sao,"Card màn hình NVIDIA GeForce RTX 3050 ASUS Dual | 6GB GDDR6, 2304 CUDA, 450W",5690000,5690000,https://tinhocngoisao.com/products/card-man-hinh-vga-asus-dual-geforce-rtx-3050-6gb-gddr6-90yv0k61-m1na00,09/05/2026 11:56:42
Tin Học Ngôi Sao,Card màn hình ASRock AMD Radeon™ RX 9060 XT Challenger 16GB OC,12990000,12990000,https://tinhocngoisao.com/products/card-man-hinh-asrock-amd-radeon-rx-9060-xt-challenger-16gb-oc,09/05/2026 11:56:42
Tin Học Ngôi Sao,"Card màn hình AMD Radeon RX 7600 Gigabyte GAMING OC | 8GB GDDR6, 2048 SP, 550W",7490000,7490000,https://tinhocngoisao.com/products/card-man-hinh-vga-gigabyte-radeon-rx-7600-gaming-oc-8g,09/05/2026 11:56:42
Tin Học Ngôi Sao,Card màn hình Asus Dual RTX 5050 8GB (Dual-Rtx5050-8G),8690000,8690000,https://tinhocngoisao.com/products/card-man-hinh-asus-dual-rtx-5050-8gb-dual-rtx5050-8g,09/05/2026 11:56:42
Tin Học Ngôi Sao,Card màn hình ARK RX550 4GB,2190000,2190000,https://tinhocngoisao.com/products/card-man-hinh-vga-ark-rx550-4gb,09/05/2026 11:56:42
Tin Học Ngôi Sao,"Card màn hình NVIDIA GeForce GTX 1650 Unika Super Sniper V2 | 4GB GDDR6, 896 CUDA, 300W",4250000,4250000,https://tinhocngoisao.com/products/card-man-hinh-nvidia-geforce-gtx-1650-unika-super-sniper-v2-4gb-gddr6-896-cuda-300w,09/05/2026 11:56:42
Tin Học Ngôi Sao,"Card màn hình NVIDIA GeForce RTX 5060 Colorful iGame Ultra W DUO OC | 8GB GDDR7, 3840 CUDA, 550W",10990000,10990000,https://tinhocngoisao.com/products/card-man-hinh-colorful-igame-geforce-rtx-5060-ultra-w-duo-oc-8gb-v,09/05/2026 11:56:42
Tin Học Ngôi Sao,"Card màn hình NVIDIA GeForce RTX 5050 Zotac Twin Edge OC (ZT-B50500H-10M) | 8GB GDDR6, 2560 CUDA, 550W",7590000,7590000,https://tinhocngoisao.com/products/card-man-hinh-nvidia-geforce-rtx-5050-zotac-twin-edge-oc-zt-b50500h-10m-8gb-gddr6-2560-cuda-550w,09/05/2026 11:56:42
Tin Học Ngôi Sao,"Card màn hình NVIDIA GeForce GT 1030 UNIKA 4GD4 V3 | 4GB DDR4, 64-bit, 1 Fan",1990000,1990000,https://tinhocngoisao.com/products/card-man-hinh-nvidia-geforce-gt-1030-unika-4gd4-v3-4gb-ddr4-64-bit-1-fan,09/05/2026 11:56:42
Tin Học Ngôi Sao,Card màn hình Gigabyte RTX 5070 12G WINDFORCE OC SFF,18990000,18990000,https://tinhocngoisao.com/products/card-man-hinh-vga-gigabyte-geforce-rtx-5070-windforce-oc-sff-12g,09/05/2026 11:56:42
Tin Học Ngôi Sao,"Card màn hình NVIDIA GeForce RTX 2060 Unika Blizzard | 6GB GDDR6, 1920 CUDA, 500W",5150000,5150000,https://tinhocngoisao.com/products/card-man-hinh-unika-blizzard-2060-6g,09/05/2026 11:56:42
Tin Học Ngôi Sao,"Card màn hình Colorful GeForce RTX 5070 Ti Battle AX | 16GB GDDR7, 8960 CUDA, 750W",26690000,26690000,https://tinhocngoisao.com/products/card-man-hinh-colorful-geforce-rtx-5070-ti-battle-ax-16gb-gddr7-8960-cuda-750w,09/05/2026 11:56:42
Tin Học Ngôi Sao,"Card màn hình NVIDIA GeForce RTX 5060 Ti ZOTAC Twin Edge | 16GB GDDR7, 4608 CUDA, 600W",16290000,16290000,https://tinhocngoisao.com/products/card-man-hinh-zotac-gaming-geforce-rtx-5060-ti-16gb-twin-edge,09/05/2026 11:56:42
Tin Học Ngôi Sao,"Card màn hình NVIDIA GeForce RTX 3050 MSI Ventus 2X E OC | 6GB GDDR6, 2560 CUDA, 300W",5690000,5690000,https://tinhocngoisao.com/products/card-man-hinh-vga-msi-geforce-rtx-3050-ventus-2x-e-6g-oc,09/05/2026 11:56:42
Tin Học Ngôi Sao,"Card màn hình NVIDIA GeForce RTX 5060 Gigabyte WINDFORCE OC | 8GB GDDR7, 3840 CUDA, 450W",9490000,9490000,https://tinhocngoisao.com/products/card-man-hinh-gigabyte-geforce-rtx-5060-windforce-oc-8g,09/05/2026 11:56:42
Tin Học Ngôi Sao,"Card màn hình AMD Radeon RX560 T-WOLF | 4GB GDDR5, 1024 SP, 850W",2490000,2490000,https://tinhocngoisao.com/products/card-man-hinh-amd-t-wolf-tw-rx560-4g-d5-pnb-686875645-dual,09/05/2026 11:56:42
Tin Học Ngôi Sao,"Card màn hình NVIDIA GeForce RTX 5060 Ti ASUS Dual OC | 16GB GDDR7, 4608 CUDA, 550W",17490000,17490000,https://tinhocngoisao.com/products/card-man-hinh-asus-dual-geforce-rtx-5060-ti-16gb-gddr7-oc-edition,09/05/2026 11:56:42
Tin Học Ngôi Sao,"Card màn hình NVIDIA GeForce RTX 5060 Colorful Gaming DUO | 8GB GDDR7, 3840 CUDA, 550W",9790000,9790000,https://tinhocngoisao.com/products/card-man-hinh-colorful-rtx5060-gaming-duo-8gb-v,09/05/2026 11:56:42
Tin Học Ngôi Sao,"Card màn hình AMD Radeon RX 9060 XT Gigabyte Gaming OC | 16GB GDDR6, 2048 SP, 550W",12990000,12990000,https://tinhocngoisao.com/products/card-man-hinh-gigabyte-radeon-rx-9060-xt-gaming-oc-16gb,09/05/2026 11:56:42
Tin Học Ngôi Sao,"Card màn hình (AMD) UNIKA Blizzards White RX 7600 8GD6 V2 | 8GB GDDR6, 128-bit, 3 Fan, Trắng",6990000,6990000,https://tinhocngoisao.com/products/card-man-hinh-amd-unika-blizzards-white-rx-7600-8gd6-v2-8gb-gddr6-128-bit-3-fan-trang,09/05/2026 11:56:42
Tin Học Ngôi Sao,"Card màn hình (AMD) ASUS DUAL RX 9060XT (DUAL-RX9060XT-16G) | 16GB GDDR6, 2048 Stream",13590000,13590000,https://tinhocngoisao.com/products/card-man-hinh-amd-asus-dual-rx-9060xt-dual-rx9060xt-16g-16gb-gddr6-2048-stream,09/05/2026 11:56:42
Tin Học Ngôi Sao,Card màn hình ARKTEK GTX 1660 Super 6GB,4790000,4790000,https://tinhocngoisao.com/products/card-man-hinh-vga-arktek-gtx-1660-super-6gb,09/05/2026 11:56:42
Tin Học Ngôi Sao,"Card màn hình NVIDIA GeForce RTX 5060 Ti Palit Dual | 8GB GDDR7, 4608 CUDA",11290000,11290000,https://tinhocngoisao.com/products/card-man-hinh-nvidia-geforce-rtx-5060-ti-palit-dual-8gb-gddr7-4608-cuda,09/05/2026 11:56:42
Tin Học Ngôi Sao,"Card màn hình NVIDIA GeForce RTX 5060 Ti MSI VENTUS 2X PLUS | 8GB GDDR7, 4608 CUDA, 600W",11290000,11290000,https://tinhocngoisao.com/products/card-man-hinh-msi-geforce-rtx-5060-ti-8g-ventus-2x-plus,09/05/2026 11:56:42
Tin Học Ngôi Sao,"Card màn hình Radeon RX 9060 XT Gigabyte Gaming OC | 8GB GDDR6, 2048, 450W",9990000,9990000,https://tinhocngoisao.com/products/card-man-hinh-amd-gigabyte-rx-9060xt-gaming-oc-8gb,09/05/2026 11:56:42
Tin Học Ngôi Sao,"Card màn hình NVIDIA GeForce RTX 5060 Gigabyte WINDFORCE MAX OC 8G (GV-N5060WF2MAX OC-8GD) | 8GB GDDR7, 3840 CUDA",9690000,9690000,https://tinhocngoisao.com/products/card-man-hinh-nvidia-geforce-rtx-5060-gigabyte-windforce-max-oc-8g-gv-n5060wf2max-oc-8gd-8gb-gddr7-3840-cuda,09/05/2026 11:56:42
Tin Học Ngôi Sao,"Card màn hình NVIDIA GeForce RTX 5070 Ti Palit GamingPro-S | 16GB GDDR7, 8960 CUDA",26690000,26690000,https://tinhocngoisao.com/products/card-man-hinh-nvidia-geforce-rtx-5070-ti-palit-gamingpro-s-16gb-gddr7-8960-cuda,09/05/2026 11:56:42
Tin Học Ngôi Sao,"Card màn hình (AMD) ASRock RX 9070 XT Challenger 16GB OC | 16GB GDDR7, OC Edition",20690000,20690000,https://tinhocngoisao.com/products/card-man-hinh-amd-asrock-rx-9070-xt-challenger-16gb-oc-16gb-gddr7-oc-edition,09/05/2026 11:56:42
Tin Học Ngôi Sao,"Card màn hình NVIDIA GeForce RTX 5070 Palit Infinity 3 | 12GB GDDR7, 6144 CUDA",18590000,18590000,https://tinhocngoisao.com/products/card-man-hinh-nvidia-geforce-rtx-5070-palit-infinity-3-12gb-gddr7-6144-cuda,09/05/2026 11:56:42
Tin Học Ngôi Sao,"Card màn hình NVIDIA GeForce RTX 3050 MSI Ventus 2X XS OC | 8GB GDDR6, 2560 CUDA, 500W",7590000,7590000,https://tinhocngoisao.com/products/card-man-hinh-vga-msi-geforce-rtx-3050-ventus-2x-xs-8g-oc,09/05/2026 11:56:42
Tin Học Ngôi Sao,"Card màn hình AMD Radeon RX 580 T-WOLF | 8GB GDDR5, 2304 SP, 500W",3390000,3390000,https://tinhocngoisao.com/products/card-man-hinh-vga-t-wolf-rx-580-8gb-gddr5-v2,09/05/2026 11:56:42
Tin Học Ngôi Sao,"Card màn hình NVIDIA GeForce RTX 5070 Palit White OC | 12GB GDDR7, 6144 CUDA",19390000,19390000,https://tinhocngoisao.com/products/card-man-hinh-nvidia-geforce-rtx-5070-palit-white-oc-12gb-gddr7-6144-cuda,09/05/2026 11:56:42
Tin Học Ngôi Sao,"Card màn hình NVIDIA GeForce RTX 5050 MSI Shadow 2X OC | 8GB GDDR6, 2560 CUDA, 550W",8890000,8890000,https://tinhocngoisao.com/products/card-man-hinh-msi-rtx-5050-shadow-2x-oc-8g,09/05/2026 11:56:42
Tin Học Ngôi Sao,"Card màn hình NVIDIA GeForce RTX 5080 Zotac SOLID CORE OC (ZT-B50800J2-10P) | 16GB GDDR7, 10752 CUDA, 850W",32190000,32190000,https://tinhocngoisao.com/products/card-man-hinh-nvidia-geforce-rtx-5080-zotac-solid-core-oc-zt-b50800j2-10p-16gb-gddr7-10752-cuda-850w,09/05/2026 11:56:42
Tin Học Ngôi Sao,Card màn hình Gigabyte RTX 5070 12G EAGLE OC SFF,18990000,18990000,https://tinhocngoisao.com/products/card-man-hinh-vga-gigabyte-geforce-rtx-5070-eagle-oc-sff-12g,09/05/2026 11:56:42
Tin Học Ngôi Sao,"Card màn hình NVIDIA GeForce GT 710 Asus EVO | 2GB GDDR5, 192 CUDA, 300W",1090000,1090000,https://tinhocngoisao.com/products/card-man-hinh-asus-710-2gb-ddr5-brk-evo,09/05/2026 11:56:42
Tin Học Ngôi Sao,"Card màn hình (AMD) ARK Radeon RX 550 1 Fan | 8GB GDDR5, 128-bit, 640 SP, 400W",2950000,2950000,https://tinhocngoisao.com/products/card-man-hinh-amd-ark-radeon-rx-550-1-fan-8gb-gddr5-128-bit-640-sp-400w,09/05/2026 11:56:42
Tin Học Ngôi Sao,"Card màn hình NVIDIA GeForce RTX 2060 Super T-WOLF | 8GB GDDR6, 2176 CUDA, 550W",6190000,6190000,https://tinhocngoisao.com/products/card-man-hinh-t-wolf-rtx-2060-super-8gb-ddr6,09/05/2026 11:56:42
Tin Học Ngôi Sao,Card màn hình MSI RTX 5060 Ti Shadow 2X OC | 8GB GDDR7,11990000,11990000,https://tinhocngoisao.com/products/card-man-hinh-msi-rtx-5060-ti-shadow-2x-oc-8gb-gddr7,09/05/2026 11:56:42
Tin Học Ngôi Sao,"Card màn hình NVIDIA GeForce RTX 5080 Zotac SOLID CORE (ZT-B50800D2-10P) | 16GB GDDR7, 10752 CUDA, 850W",31490000,31490000,https://tinhocngoisao.com/products/card-man-hinh-nvidia-geforce-rtx-5080-zotac-solid-core-zt-b50800d2-10p-16gb-gddr7-10752-cuda-850w,09/05/2026 11:56:42
Tin Học Ngôi Sao,"Card màn hình NVIDIA GeForce RTX 5060 Ti INNO3D Twin X2 | 16GB GDDR7, 4608 CUDA, 650W",16390000,16390000,https://tinhocngoisao.com/products/card-man-hinh-inno3d-rtx-5060-ti-twin-x2-16gb,09/05/2026 11:56:42
Tin Học Ngôi Sao,"Card màn hình NVIDIA GeForce RTX 5060 Ti Colorful Gaming DUO | 16GB GDDR7, 4608 CUDA, 600W",16550000,16550000,https://tinhocngoisao.com/products/card-man-hinh-colorful-geforce-rtx-5060-ti-gaming-duo-16gb-v,09/05/2026 11:56:42
Tin Học Ngôi Sao,"Card màn hình AMD Radeon RX 9060 XT ASUS Prime OC | 16GB GDDR6, 2048 SP, 550W",13790000,13790000,https://tinhocngoisao.com/products/card-man-hinh-asus-prime-radeon-rx-9060-xt-16gb-gddr6-oc-edition-prime-rx9060xt-o16g,09/05/2026 11:56:42
Tin Học Ngôi Sao,"Card màn hình NVIDIA GeForce RTX 5070 ASUS Dual OC | 12GB GDDR7, 6144 CUDA, 650W",18490000,18490000,https://tinhocngoisao.com/products/card-man-hinh-asus-dual-geforce-rtx-5070-oc-edition-12gb-gddr7-dual-r,09/05/2026 11:56:42
Tin Học Ngôi Sao,"Card màn hình NVIDIA GeForce RTX 5060 MSI VENTUS 2X WHITE OC | 8GB GDDR7, 3840 CUDA, 550W",10890000,10890000,https://tinhocngoisao.com/products/card-man-hinh-msi-geforce-rtx-5060-8g-ventus-2x-oc-white,09/05/2026 11:56:42
Tin Học Ngôi Sao,"Card màn hình NVIDIA GeForce RTX 5080 Gigabyte WINDFORCE OC SFF OC | 16GB GDDR7, 10752 CUDA, 850W",36990000,36990000,https://tinhocngoisao.com/products/card-man-hinh-vga-gigabyte-geforce-rtx-5080-windforce-oc-sff-16g,09/05/2026 11:56:42
Tin Học Ngôi Sao,"Card màn hình NVIDIA RTX A1000 Qleadtek Quadro RTX A1000 | 8GB GDDR6, 2304 CUDA,",13690000,13690000,https://tinhocngoisao.com/products/card-man-hinh-vga-qleadtek-quadro-rtx-a1000-8gb-gddr6,09/05/2026 11:56:42
Tin Học Ngôi Sao,"Card màn hình NVIDIA GeForce RTX 5060 Ti Gigabyte WINDFORCE OC | 8GB GDDR7, 4608 CUDA, 650W",10990000,10990000,https://tinhocngoisao.com/products/card-man-hinh-gigabyte-geforce-rtx-5060-ti-windforce-oc-8g,09/05/2026 11:56:42
Tin Học Ngôi Sao,"Card màn hình NVIDIA GeForce RTX 5060 Ti Colorful iGame Ultra White OC | 16GB GDDR7, 4608 CUDA, 650W",17790000,17790000,https://tinhocngoisao.com/products/card-man-hinh-vga-colorful-igame-rtx-5060-ti-ultra-white-oc-16gb-v,09/05/2026 11:56:42
Tin Học Ngôi Sao,"Card màn hình NVIDIA GeForce RTX 5070 Gigabyte GAMING OC | 12GB GDDR7, 6144 CUDA, 750W",24390000,24390000,https://tinhocngoisao.com/products/card-man-hinh-vga-gigabyte-geforce-rtx-5070-gaming-oc-12g,09/05/2026 11:56:42
Tin Học Ngôi Sao,"Card màn hình AMD Radeon RX 560 Unika Blizzard White | 4GB GDDR5, 896 SP, 400W",1950000,1950000,https://tinhocngoisao.com/products/card-man-hinh-amd-unika-blizzard-white-rx560-4g-2-fan,09/05/2026 11:56:42
Tin Học Ngôi Sao,Card màn hình INNO3D RTX™ 5080 X3,36790000,36790000,https://tinhocngoisao.com/products/card-man-hinh-vga-inno3d-geforce-rtx-5080-x3,09/05/2026 11:56:42
Tin Học Ngôi Sao,"Card màn hình NVIDIA GeForce RTX 5060 Ti MSI VENTUS 2X PLUS OC | 8GB GDDR7, 4608 CUDA, 600W",12790000,12790000,https://tinhocngoisao.com/products/card-man-hinh-msi-geforce-rtx-5060-ti-8g-ventus-2x-oc-plus,09/05/2026 11:56:42
Tin Học Ngôi Sao,"Card màn hình (NVIDIA) T-Wolf GeForce GTX 1050 Ti V2 (Pnb 686871045) | 4GB GDDR5, 768 CUDA",3290000,3290000,https://tinhocngoisao.com/products/card-man-hinh-nvidia-t-wolf-geforce-gtx-1050-ti-v2-pnb-686871045-4gb-gddr5-768-cuda,09/05/2026 11:56:42
Tin Học Ngôi Sao,"Card màn hình AMD Radeon RX 6900 XT ASUS TUF Gaming TOP Edition | 16GB GDDR6, 5120 SP, 850W",21990000,21990000,https://tinhocngoisao.com/products/vga-asus-rx6900xt-16gb-gddr6-tuf-gaming-radeon-top-edition-3fan-tuf-rx6900xt-t16g-gaming,09/05/2026 11:56:42
Tin Học Ngôi Sao,Card màn hình AMD Sapphire NITRO + RX7900XTX Gaming OC Vapor-X 24G 3 Fan,27900000,27900000,https://tinhocngoisao.com/products/card-man-hinh-amd-sapphire-nitro-rx7900xtx-gaming-oc-vapor-x-24g-3-fan,09/05/2026 11:56:42
Tin Học Ngôi Sao,"Card màn hình AMD Radeon RX 9070 XT ASUS Prime OC | 16GB GDDR6, 4096 SP, 750W",21990000,21990000,https://tinhocngoisao.com/products/card-man-hinh-vga-asus-prime-radeon-rx-9070-xt-oc-edition-16gb-gddr6,09/05/2026 11:56:42
Tin Học Ngôi Sao,"Card màn hình NVIDIA GeForce RTX 5060 Zotac LOW PROFILE (ZT-B50600L-10L) | 8GB GDDR7, 3840 CUDA",9190000,9190000,https://tinhocngoisao.com/products/card-man-hinh-nvidia-geforce-rtx-5060-zotac-low-profile-zt-b50600l-10l-8gb-gddr7-3840-cuda,09/05/2026 11:56:42
Tin Học Ngôi Sao,"Card màn hình NVIDIA GeForce RTX 5070 Colorful iGame Ultra W OC | 12GB GDDR7, 6144 CUDA, 650W",20990000,20990000,https://tinhocngoisao.com/products/card-man-hinh-vga-igame-geforce-rtx-5070-ultra-w-oc-12gb,09/05/2026 11:56:42
Tin Học Ngôi Sao,"Card màn hình NVIDIA GeForce RTX 5060 Ti Colorful Battle AX Duo | 16GB GDDR7, 4608 CUDA, 600W",16590000,16590000,https://tinhocngoisao.com/products/card-man-hinh-colorful-rtx-5060-ti-battle-ax-duo-16gb-v,09/05/2026 11:56:42
Tin Học Ngôi Sao,"Card màn hình Gigabyte GeForce RTX 5070 Ti Eagle Ice SFF OC Ice | 16GB GDDR7, 8960 CUDA, PCIe 5.0, 3 Fan",28990000,28990000,https://tinhocngoisao.com/products/card-man-hinh-gigabyte-geforce-rtx-5070-ti-eagle-ice-sff-oc-ice-16gb-gddr7-8960-cuda-pcie-5-0-3-fan,09/05/2026 11:56:42
Tin Học Ngôi Sao,"Card màn hình NVIDIA GeForce RTX 5060 Ti INNO3D Twin X2 OC | 8GB GDDR7, 4608 CUDA, 650W",12100000,12100000,https://tinhocngoisao.com/products/card-man-hinh-inno3d-geforce-rtx-5060-ti-8gb-twin-x2-oc,09/05/2026 11:56:42
Tin Học Ngôi Sao,"Card màn hình NVIDIA GeForce RTX 5060 Ti Colorful iGame Mini W OC 8GB-V | 8GB GDDR7, 4608 CUDA, 1 Fan, Trắng",13990000,13990000,https://tinhocngoisao.com/products/card-man-hinh-nvidia-geforce-rtx-5060-ti-colorful-igame-mini-w-oc-8gb-v-8gb-gddr7-4608-cuda-1-fan-trang,09/05/2026 11:56:42
Tin Học Ngôi Sao,"Card màn hình NVIDIA GeForce RTX 5060 Colorful iGame Ultra W OC | 8GB GDDR7, 3840 CUDA, 550W",11390000,11390000,https://tinhocngoisao.com/products/card-man-hinh-colorful-igame-geforce-rtx-5060-ultra-w-oc-8gb-v,09/05/2026 11:56:42
Tin Học Ngôi Sao,"Card màn hình Gigabyte GeForce RTX 5060 Ti WINDFORCE MAX OC 8G (GV-N506TWF2MAX OC-8GD) | 8GB GDDR7, 4608 CUDA",10890000,10890000,https://tinhocngoisao.com/products/card-man-hinh-gigabyte-geforce-rtx-5060-ti-windforce-max-oc-8g-gv-n506twf2max-oc-8gd-8gb-gddr7-4608-cuda,09/05/2026 11:56:42
Tin Học Ngôi Sao,"Card màn hình NVIDIA GeForce RTX 5060 MSI INSPIRE 2X OC | 8GB GDDR7, 3840 CUDA, 550W",9990000,9990000,https://tinhocngoisao.com/products/card-man-hinh-msi-geforce-rtx-5060-8g-inspire-2x-oc,09/05/2026 11:56:42
Tin Học Ngôi Sao,"Card màn hình NVIDIA GeForce RTX 5060 Ti Gigabyte WINDFORCE OC | 16GB GDDR7, 4608 CUDA, 650W",17990000,17990000,https://tinhocngoisao.com/products/card-man-hinh-gigabyte-geforce-rtx-5060-ti-windforce-oc-16g,09/05/2026 11:56:42
Tin Học Ngôi Sao,"Card màn hình (NVIDIA) Leadtek RTX 4000 Ada | 20GB GDDR6, 6144 CUDA",41990000,41990000,https://tinhocngoisao.com/products/card-man-hinh-nvidia-leadtek-rtx-4000-ada-20gb-gddr6-6144-cuda,09/05/2026 11:56:42
Tin Học Ngôi Sao,"Card màn hình AMD Radeon RX 9060 XT SAPPHIRE NITRO+ Gaming OC | 16GB GDDR6, 2048 SP, 550W",14990000,14990000,https://tinhocngoisao.com/products/card-man-hinh-sapphire-nitro-amd-radeon-rx-9060-xt-gaming-oc-16gb,09/05/2026 11:56:42
Tin Học Ngôi Sao,"Card màn hình AMD Radeon RX 9070 XT ASUS RX 9070 Prime OC | 16GB GDDR6, 5384 SP, 650W",19890000,19890000,https://tinhocngoisao.com/products/card-man-hinh-vga-asus-prime-radeon-rx-9070-oc-edition-16gb-gddr6,09/05/2026 11:56:42
Tin Học Ngôi Sao,"Card màn hình NVIDIA GeForce RTX 5070 ZOTAC SOLID OC | 12GB GDDR7, 6144 CUDA, 650W",22290000,22290000,https://tinhocngoisao.com/products/card-man-hinh-vga-zotac-gaming-geforce-rtx-5070-solid-oc,09/05/2026 11:56:42
Tin Học Ngôi Sao,"Card màn hình NVIDIA GeForce RTX 5080 INNO3D X3 OC | 16GB GDDR7, 10752 CUDA, 850W",33890000,33890000,https://tinhocngoisao.com/products/card-man-hinh-vga-inno3d-geforce-rtx-5080-x3-oc-white,09/05/2026 11:56:42
Tin Học Ngôi Sao,"Card màn hình NVIDIA GeForce RTX 5060 MSI GAMING OC | 8GB GDDR7, 3840 CUDA, 550W",11690000,11690000,https://tinhocngoisao.com/products/card-man-hinh-msi-geforce-rtx-5060-8g-gaming-oc,09/05/2026 11:56:42
Tin Học Ngôi Sao,"Card màn hình ASUS ProArt GeForce RTX 5080 OC 16GB GDDR7 (PROART-RTX5080-O16G) | 16GB GDDR7, OC Edition, 10752 CUDA",44990000,44990000,https://tinhocngoisao.com/products/card-man-hinh-asus-proart-geforce-rtx-5080-oc-16gb-gddr7-proart-rtx5080-o16g-16gb-gddr7-oc-edition-10752-cuda,09/05/2026 11:56:42
Tin Học Ngôi Sao,"Card màn hình NVIDIA GeForce RTX 5070 Ti ASUS TUF Gaming OC | 16GB GDDR7, 8960 CUDA, 850W",32490000,32490000,https://tinhocngoisao.com/products/card-man-hinh-vga-asus-tuf-gaming-geforce-rtx-5070-ti-16gb-gddr7-oc-edition,09/05/2026 11:56:42
Tin Học Ngôi Sao,"Card màn hình NVIDIA GeForce RTX 5070 Ti Gigabyte WINDFORCE OC SFF OC | 16GB GDDR7, 8960 CUDA, 750W",26490000,26490000,https://tinhocngoisao.com/products/card-man-hinh-vga-gigabyte-geforce-rtx-5070-ti-windforce-oc-sff-16g,09/05/2026 11:56:42
Tin Học Ngôi Sao,"Card màn hình AMD Radeon RX 7600 SAPPHIRE PULSE OC | 8GB GDDR6, 2048 SP, 550W",7490000,7490000,https://tinhocngoisao.com/products/card-man-hinh-vga-sapphire-pulse-amd-radeon-rx-7600-8gb-gaming-oc-8gb,09/05/2026 11:56:42
Tin Học Ngôi Sao,"Card màn hình NVIDIA GeForce RTX 5060 Ti ASUS PRIME OC | 16GB GDDR7, 4608 CUDA, 550W",17590000,17590000,https://tinhocngoisao.com/products/card-man-hinh-asus-prime-geforce-rtx-5060-ti-16gb-gddr7-oc-edition,09/05/2026 11:56:42
Tin Học Ngôi Sao,"Card màn hình NVIDIA GeForce GTX 1050 Unika Blizzard | 4GB GDDR5, 640 CUDA, 300W",2390000,2390000,https://tinhocngoisao.com/products/card-man-hinh-unika-blizzard-1050-4g,09/05/2026 11:56:42
Tin Học Ngôi Sao,"Card màn hình NVIDIA GeForce GTX 1060 T-Wolf | 3GB GDDR5, 1152 CUDA, 400W",2990000,2990000,https://tinhocngoisao.com/products/card-man-hinh-vga-t-wolf-gtx-1060-3gb-gddr5,09/05/2026 11:56:42
Tin Học Ngôi Sao,"Card màn hình AMD Radeon RX 6900 XT ASUS TUF Gaming OC | 16GB GDDR6, 5120 SP, 850W",20990000,20990000,https://tinhocngoisao.com/products/vga-radeon-rx6900xt-16g-gddr6-asus-tuf-gaming-oc-tuf-rx6900xt-o16g-gaming,09/05/2026 11:56:42
Tin Học Ngôi Sao,Card màn hình MSI RTX 5080 16G VENTUS 3X OC WHITE,37890000,37890000,https://tinhocngoisao.com/products/card-man-hinh-vga-msi-geforce-rtx-5080-16g-ventus-3x-oc-white,09/05/2026 11:56:42
Tin Học Ngôi Sao,"Card màn hình NVIDIA GeForce RTX 5060 Ti PNY EPIC-X RGB OC | 16 GB GDDR7, 4608 CUDA, 600W",17990000,17990000,https://tinhocngoisao.com/products/card-man-hinh-pny-geforce-rtx-5060-ti-16gb-epic-x-rgb-overclocked-triple-fan,09/05/2026 11:56:42
Tin Học Ngôi Sao,"Card màn hình NVIDIA GeForce RTX 5060 Ti Colorful iGame Mini OC 8GB-V | 8GB GDDR7, 4608 CUDA, 1 Fan, Đen",13690000,13690000,https://tinhocngoisao.com/products/card-man-hinh-nvidia-geforce-rtx-5060-ti-colorful-igame-mini-oc-8gb-v-8gb-gddr7-4608-cuda-1-fan-den,09/05/2026 11:56:42
Tin Học Ngôi Sao,"Card màn hình AMD Radeon RX 9060 XT ASRock Steel Legend OC | 16GB GDDR6, 2048 SP, 750W",13690000,13690000,https://tinhocngoisao.com/products/card-man-hinh-asrock-amd-radeon-rx-9060-xt-steel-legend-16gb-oc-rx9060xt-sl-16go,09/05/2026 11:56:42
Tin Học Ngôi Sao,"Card màn hình NVIDIA GeForce RTX 5070 INNO3D TWIN X2 OC WHITE OC | 12GB GDDR7, 6144 CUDA, 650W",18190000,18190000,https://tinhocngoisao.com/products/card-man-hinh-vga-inno3d-geforce-rtx-5070-twin-x2-oc-white,09/05/2026 11:56:42
Tin Học Ngôi Sao,"Card màn hình NVIDIA GeForce RTX 5080 PNY Triple Fan | 16GB GDDR7, 10752 CUDA, 850W",34900000,34900000,https://tinhocngoisao.com/products/card-man-hinh-vga-pny-geforce-rtx-5080-triple-fan,09/05/2026 11:56:42
Tin Học Ngôi Sao,"Card màn hình NVIDIA GeForce RTX 5080 ASUS ROG Astral OC | 16GB GDDR7, 10752 CUDA, 850W",47990000,47990000,https://tinhocngoisao.com/products/card-man-hinh-vga-asus-rog-astral-geforce-rtx-5080-16gb-gddr7-oc-edition,09/05/2026 11:56:42
Tin Học Ngôi Sao,"Card màn hình NVIDIA T1000 Quadro T1000 | 4GB GDDR6, 896 CUDA,",8890000,8890000,https://tinhocngoisao.com/products/vga-nvidia-quadro-leadtek-t1000-4g-1fan-gddr6-mdpxa-upc-812674023076,09/05/2026 11:56:42
Tin Học Ngôi Sao,Card màn hình MSI RTX™ 5080 16G INSPIRE 3X OC,38290000,38290000,https://tinhocngoisao.com/products/card-man-hinh-vga-msi-geforce-rtx-5080-16g-inspire-3x-oc,09/05/2026 11:56:42
Tin Học Ngôi Sao,"Card màn hình AMD Radeon RX 9070 XT ASRock Steel Legend | 16GB GDDR6, 4096 SP, 800W",21990000,21990000,https://tinhocngoisao.com/products/card-man-hinh-vga-asrock-amd-radeon-rx-9070-xt-steel-legend-16gb,09/05/2026 11:56:42
Tin Học Ngôi Sao,"Card màn hình NVIDIA RTX A400 Qleadtek Quadro | 4GB GDDR6, 768 CUDA",5590000,5590000,https://tinhocngoisao.com/products/card-man-hinh-nvidia-rtx-a400-qleadtek-quadro-4gb-gddr6-768-cuda,09/05/2026 11:56:42
Tin Học Ngôi Sao,Card màn hình MSI GeForce RTX™ 5060 8G GAMING TRIO OC,11990000,11990000,https://tinhocngoisao.com/products/card-man-hinh-msi-geforce-rtx-5060-8g-gaming-trio-oc,09/05/2026 11:56:42
Tin Học Ngôi Sao,"Card màn hình NVIDIA GeForce RTX 5070 MSI VANGUARD SOC | 12GB GDDR7, 6144 CUDA, 650W",21590000,21590000,https://tinhocngoisao.com/products/card-man-hinh-vga-msi-geforce-rtx-5070-12g-vanguard-soc,09/05/2026 11:56:42
Tin Học Ngôi Sao,"Card màn hình NVIDIA GeForce RTX 5060 Ti MSI VENTUS 2X PLUS OC | 16GB GDDR7, 4608 CUDA, 600W",17190000,17190000,https://tinhocngoisao.com/products/card-man-hinh-msi-geforce-rtx-5060-ti-16g-ventus-2x-oc-plus,09/05/2026 11:56:42
Tin Học Ngôi Sao,"Card màn hình NVIDIA GeForce RTX 5060 INNO3D TWIN X2 OC | 8GB GDDR7, 3840 CUDA, 550W",9590000,9590000,https://tinhocngoisao.com/products/card-man-hinh-vga-inno3d-geforce-rtx-5060-twin-x2-oc,09/05/2026 11:56:42
Tin Học Ngôi Sao,Card màn hình ASUS PRIME RTX™ 5080 16GB GDDR7 OC Edition,37990000,37990000,https://tinhocngoisao.com/products/card-man-hinh-vga-asus-prime-geforce-rtx-5080-16gb-gddr7-oc-edition,09/05/2026 11:56:42
Tin Học Ngôi Sao,"Card màn hình NVIDIA GeForce RTX 5060 INNO3D TWIN X2 | 8GB GDDR7, 3840 CUDA, 550W",9590000,9590000,https://tinhocngoisao.com/products/card-man-hinh-inno3d-geforce-rtx-5060-twin-x2,09/05/2026 11:56:42
Tin Học Ngôi Sao,"Card màn hình AMD Radeon RX 9070 XT ASRock Taichi OC | 16GB GDDR6, 4096 SP, 850W",22590000,22590000,https://tinhocngoisao.com/products/card-man-hinh-asrock-amd-radeon-rx-9070-xt-taichi-16gb-oc,09/05/2026 11:56:42
Tin Học Ngôi Sao,"Card màn hình NVIDIA GeForce RTX 5060 Ti Colorful iGame Ultra W OC | 8GB GDDR7, 4608 CUDA, 600W",13890000,13890000,https://tinhocngoisao.com/products/card-man-hinh-colorful-igame-geforce-rtx-5060-ti-ultra-w-oc-8gb-v,09/05/2026 11:56:42
Tin Học Ngôi Sao,"Card màn hình NVIDIA GeForce RTX 5060 Ti MSI INSPIRE 2X OC | 8GB GDDR7, 4608 CUDA, 550W",13390000,13390000,https://tinhocngoisao.com/products/card-man-hinh-msi-geforce-rtx-5060-ti-8g-inspire-2x-oc,09/05/2026 11:56:42
Tin Học Ngôi Sao,"Card màn hình AMD Radeon RX 9070 Gigabyte RX 9070 Gaming OC | 16GB GDDR6, 5384 SP, 750W",19290000,19290000,https://tinhocngoisao.com/products/card-man-hinh-vga-gigabyte-radeon-rx-9070-gaming-oc-16gb-gddr6,09/05/2026 11:56:42
Tin Học Ngôi Sao,"Card màn hình AMD Radeon RX 550 T-WOLF RX 550 | 4GB GDDR5, 512 SP, 350W",1790000,1790000,https://tinhocngoisao.com/products/card-man-hinh-vga-t-wolf-rx-550-4gb-gddr5,09/05/2026 11:56:42
Tin Học Ngôi Sao,"Card màn hình NVIDIA GeForce RTX 5060 Ti Colorful iGame Ultra W DUO OC | 8GB GDDR7, 4608 CUDA, 600W",12790000,12790000,https://tinhocngoisao.com/products/card-man-hinh-colorful-igame-geforce-rtx-5060-ti-ultra-w-duo-oc-8gb-v,09/05/2026 11:56:42
Tin Học Ngôi Sao,"Card màn hình NVIDIA GeForce RTX 4070 Colorful Neptune OC | 12GB GDDR6, 5888 CUDA, 750W",18390000,18390000,https://tinhocngoisao.com/products/card-man-hinh-vga-colorful-igame-geforce-rtx-4070-neptune-oc-v,09/05/2026 11:56:42
Tin Học Ngôi Sao,"Card màn hình NVIDIA GeForce RTX 5070 Ti ZOTAC AMP Extreme INFINITY | 16GB GDDR7, 8960 CUDA, 750W",29990000,29990000,https://tinhocngoisao.com/products/card-man-hinh-vga-zotac-gaming-geforce-rtx-5070-ti-amp-extreme-infinity,09/05/2026 11:56:42
Tin Học Ngôi Sao,"Card màn hình NVIDIA GeForce RTX 5070 Ti MSI Expert OC | 16GB GDDR7, 8960 CUDA, 750W",28990000,28990000,https://tinhocngoisao.com/products/card-man-hinh-msi-rtx5070ti-expert-oc-16g,09/05/2026 11:56:42
Tin Học Ngôi Sao,"Card màn hình NVIDIA GeForce RTX 5060 Ti ZOTAC Twin Edge | 8GB GDDR7, 4608 CUDA, 600W",11390000,11390000,https://tinhocngoisao.com/products/card-man-hinh-zotac-gaming-geforce-rtx-5060-ti-8gb-twin-edge-oc,09/05/2026 11:56:42
Tin Học Ngôi Sao,Card màn hình GIGABYTE AORUS RX 9070 XT 16G ELITE (GV-R9070XTAORUS E-16GD),22990000,22990000,https://tinhocngoisao.com/products/card-man-hinh-vga-gigabyte-aorus-radeon-rx-9070-xt-elite-gv-r9070xtaorus-e-16gd,09/05/2026 11:56:42
Tin Học Ngôi Sao,"Card màn hình NVIDIA GeForce RTX 5080 ASUS TUF Gaming OC | 16GB GDDR7, 10752 CUDA, 850W",42490000,42490000,https://tinhocngoisao.com/products/card-man-hinh-vga-asus-tuf-gaming-geforce-rtx-5080-16gb-gddr7-oc-edition,09/05/2026 11:56:42
Tin Học Ngôi Sao,"Card màn hình NVIDIA GeForce RTX 5060 Gigabyte WINDFORCE | 8GB GDDR7, 3840 CUDA, 450W",9190000,9190000,https://tinhocngoisao.com/products/card-man-hinh-gigabyte-geforce-rtx-5060-windforce-8g-gv-n5060wf2-8gd,09/05/2026 11:56:42
Tin Học Ngôi Sao,Card màn hình ASRock Intel Arc A380 Challenger ITX 6GB OC,3690000,3690000,https://tinhocngoisao.com/products/vga-asrock-intel-arc-a380-challenger-itx-6gb-oc,09/05/2026 11:56:42
Tin Học Ngôi Sao,"Card màn hình NVIDIA GeForce GTX 1050 Ti Unika Blizzard | 4GB GDDR5, 768 CUDA, 300W",3290000,3290000,https://tinhocngoisao.com/products/card-man-hinh-unika-blizzard-1050ti-4g,09/05/2026 11:56:42
Tin Học Ngôi Sao,"Card màn hình NVIDIA GeForce RTX 5080 ZOTAC AMP Extreme INFINITY | 16GB GDDR7, 10752 CUDA, 850W",38290000,38290000,https://tinhocngoisao.com/products/card-man-hinh-vga-zotac-gaming-geforce-rtx-5080-amp-extreme-infinity-1,09/05/2026 11:56:42
Tin Học Ngôi Sao,"Card màn hình NVIDIA GeForce RTX 5060 Palit Dual | 8GB GDDR7, 3840 CUDA, 550W",8890000,8890000,https://tinhocngoisao.com/products/card-man-hinh-palit-rtx-5060-dual-8gb-gddr7,09/05/2026 11:56:42
Tin Học Ngôi Sao,"Card màn hình NVIDIA GeForce RTX 4060 MSI Ventus 2X Black OC | 8GB GDDR6, 3072 CUDA, 550W",8490000,8490000,https://tinhocngoisao.com/products/card-man-hinh-vga-msi-geforce-rtx-4060-ventus-2x-black-8gb-oc,09/05/2026 11:56:42
Tin Học Ngôi Sao,"Card màn hình NVIDIA GeForce RTX 5070 Ti ASUS TUF OC White Gaming | 16GB GDDR7, White Edition (TUF-RTX5070TI-O16G-WHITE-GAMING)",33290000,33290000,https://tinhocngoisao.com/products/card-man-hinh-nvidia-geforce-rtx-5070-ti-asus-tuf-oc-white-gaming-16gb-gddr7-white-edition-tuf-rtx5070ti-o16g-white-gaming,09/05/2026 11:56:42
Tin Học Ngôi Sao,"Card màn hình NVIDIA GeForce GTX 1660 Super Unika Blizzard | 6GB GDDR6, 1408 CUDA, 450W",4590000,4590000,https://tinhocngoisao.com/products/card-man-hinh-unika-blizzard-1660s-6g,09/05/2026 11:56:42
Tin Học Ngôi Sao,"Card màn hình NVIDIA GeForce RTX 3060 SimorChip (SMCRTX306012GD6) | 12GB GDDR6, 3584 CUDA, PCIe 4.0",8190000,8190000,https://tinhocngoisao.com/products/card-man-hinh-nvidia-geforce-rtx-3060-simorchip-smcrtx306012gd6-12gb-gddr6-3584-cuda-pcie-4-0,09/05/2026 11:56:42
GearVN,Card màn hình ZOTAC GAMING GeForce RTX 5070 SOLID OC (ZT-B50700J-10P),21990000,21490000,https://gearvn.com/products/card-man-hinh-zotac-gaming-geforce-rtx-5070-solid-oc-zt-b50700j-10p,10/05/2026 12:10:08
GearVN,Card màn hình MSI GeForce RTX 5070 Ti 16GB Shadow 3X OC,32990000,31990000,https://gearvn.com/products/card-man-hinh-msi-geforce-rtx-5070-ti-16gb-shadow-3x-oc,10/05/2026 12:10:08
GearVN,Card màn hình MSI GeForce RTX 5090 LIGHTNING Z 32GB,209990000,199990000,https://gearvn.com/products/card-man-hinh-msi-geforce-rtx-5090-lightning-z-32gb,10/05/2026 12:10:08
GearVN,Card màn hình Gigabyte GeForce RTX 5060 Windforce Max OC 8GB,11990000,11490000,https://gearvn.com/products/card-man-hinh-gigabyte-geforce-rtx-5060-windforce-max-oc-8gb,10/05/2026 12:10:08
GearVN,Card màn hình Zotac GEFORCE RTX 5050 TWIN EDGE OC 8GB GDDR6,9490000,8990000,https://gearvn.com/products/card-man-hinh-zotac-geforce-rtx-5050-twin-edge-oc-8gb-gddr6,10/05/2026 12:10:08
GearVN,Card màn hình MSI GeForce RTX 5070 Ti 16G VENTUS 3X PZ OC,33990000,32990000,https://gearvn.com/products/card-man-hinh-msi-geforce-rtx-5070-ti-16g-ventus-3x-pz-oc,10/05/2026 12:10:08
GearVN,Card màn hình Zotac GeForce RTX 5060 Ti 16GB Twin Edge OC,16990000,15990000,https://gearvn.com/products/card-man-hinh-zotac-geforce-rtx-5060-ti-16gb-twin-edge-oc,10/05/2026 12:10:08
GearVN,Card màn hình MSI GeForce RTX 5060 Ventus 2X OC 8GB,11990000,10990000,https://gearvn.com/products/card-man-hinh-msi-geforce-rtx-5060-ventus-2x-oc-8gb,10/05/2026 12:10:08
GearVN,Card màn hình MSI GeForce RTX 5060 Ventus 2X OC White 8GB,11990000,11490000,https://gearvn.com/products/card-man-hinh-msi-geforce-rtx-5060-ventus-2x-oc-white-8gb,10/05/2026 12:10:08
GearVN,Card màn hình Gigabyte GeForce RTX 5060 Eagle Ice OC 8GB,11690000,9990000,https://gearvn.com/products/card-man-hinh-gigabyte-geforce-rtx-5060-eagle-ice-oc-8gb,10/05/2026 12:10:08
GearVN,Card màn hình Asus GeForce RTX 5060 Ti DUAL OC 16GB,21490000,19990000,https://gearvn.com/products/card-man-hinh-asus-geforce-rtx-5060-ti-dual-oc-16gb,10/05/2026 12:10:08
GearVN,Card màn hình MSI GeForce RTX 5080 16G VENTUS 3X OC White,53990000,49990000,https://gearvn.com/products/card-man-hinh-msi-geforce-rtx-5080-16g-ventus-3x-oc-white,10/05/2026 12:10:08
GearVN,Card màn hình MSI GeForce RTX 5080 16G VENTUS 3X OC PLUS,39990000,38990000,https://gearvn.com/products/card-man-hinh-msi-geforce-rtx-5080-16g-ventus-3x-oc-plus,10/05/2026 12:10:08
GearVN,Card màn hình GIGABYTE GeForce RTX 5070 WINDFORCE OC SFF 12G (GV-N5070WF3OC-12GD),25490000,22990000,https://gearvn.com/products/card-man-hinh-gigabyte-geforce-rtx-5070-windforce-oc-sff-12g,10/05/2026 12:10:08
GearVN,Card màn hình GIGABYTE GeForce RTX 5070 Ti EAGLE OC ICE SFF 16G (GV-N507TEAGLEOC ICE-16GD),32990000,31490000,https://gearvn.com/products/card-man-hinh-gigabyte-geforce-rtx-5070-ti-eagle-oc-ice-sff-16g,10/05/2026 12:10:08
GearVN,Card màn hình MSI GeForce RTX 5080 16G GAMING TRIO OC,54990000,49990000,https://gearvn.com/products/card-man-hinh-msi-geforce-rtx-5080-16g-gaming-trio-oc,10/05/2026 12:10:08
GearVN,Card màn hình MSI GeForce RTX 5080 16G SUPRIM SOC,0,44690000,https://gearvn.com/products/card-man-hinh-msi-geforce-rtx-5080-16g-suprim-soc,10/05/2026 12:10:08
GearVN,Card màn hình ASUS TUF Gaming GeForce RTX 5080 16GB GDDR7 OC Edition (TUF-RTX5080-O16G-GAMING),49990000,46990000,https://gearvn.com/products/card-man-hinh-asus-tuf-rtx5080-o16g-gaming,10/05/2026 12:10:08
GearVN,Card màn hình ASUS ROG Astral GeForce RTX 5080 16GB GDDR7 OC Edition (ROG-ASTRAL-RTX5080-O16G-GAMING),59990000,57990000,https://gearvn.com/products/card-man-hinh-asus-rog-astral-rtx5080-o16g-gaming,10/05/2026 12:10:08
GearVN,Card màn hình ASUS TUF Gaming GeForce RTX 5090 32GB GDDR7 OC Edition (TUF-RTX5090-O32G-GAMING),129990000,124990000,https://gearvn.com/products/card-man-hinh-asus-tuf-rtx5090-o32g-gaming,10/05/2026 12:10:08
GearVN,Card màn hình ASUS ROG Astral GeForce RTX 5090 32GB GDDR7 OC Edition (ROG-ASTRAL-RTX5090-O32G-GAMING),135000000,134990000,https://gearvn.com/products/card-man-hinh-asus-rog-astral-rtx5090-o32g-gaming,10/05/2026 12:10:08
GearVN,Card màn hình MSI GeForce RTX 5060 Ti Shadow 2X OC Plus 8GB,13490000,12990000,https://gearvn.com/products/card-man-hinh-msi-geforce-rtx-5060-ti-shadow-2x-oc-plus-8gb,10/05/2026 12:10:08
GearVN,Card màn hình Zotac GEFORCE RTX 5060 Ti 8GB TWIN EDGE GDDR7,13490000,12490000,https://gearvn.com/products/card-man-hinh-zotac-geforce-rtx-5060-ti-8gb-twin-edge-gddr7,10/05/2026 12:10:08
GearVN,Card màn hình Zotac GeForce RTX 5060 Ti 16GB Twin Edge,15990000,14990000,https://gearvn.com/products/card-man-hinh-zotac-geforce-rtx-5060-ti-16gb-twin-edge,10/05/2026 12:10:08
GearVN,Card màn hình ZOTAC GAMING GeForce RTX 5070 AMP White Edition (ZT-B50700FQ-10P),19990000,18990000,https://gearvn.com/products/card-man-hinh-zotac-gaming-geforce-rtx-5070-amp-white-edition,10/05/2026 12:10:08
GearVN,Card màn hình MSI GeForce RTX 5070 Ti 16G VENTUS 3X OC,28490000,27990000,https://gearvn.com/products/card-man-hinh-msi-geforce-rtx-5070-ti-16g-ventus-3x-oc,10/05/2026 12:10:08
GearVN,Card màn hình ASUS ROG Matrix Platinum GeForce RTX 5090 32GB GDDR7 30th Anniversary Edition,0,188000000,https://gearvn.com/products/card-man-hinh-asus-rog-matrix-platinum-geforce-rtx-5090-32gb-gddr7-30th-anniversary-edition,10/05/2026 12:10:08
GearVN,Card màn hình ASUS Prime GeForce RTX 5070 12GB GDDR7 OC White Edition,20990000,20490000,https://gearvn.com/products/card-man-hinh-asus-prime-geforce-rtx-5070-12gb-gddr7-oc-white-edition,10/05/2026 12:10:08
GearVN,Card màn hình MSI GeForce RTX 5060 Ti Shadow 2X OC Plus 16GB,14990000,14490000,https://gearvn.com/products/card-man-hinh-msi-geforce-rtx-5060-ti-shadow-2x-oc-plus-16gb,10/05/2026 12:10:08
GearVN,Card màn hình ASUS ROG Astral GeForce RTX 5090 32GB GDDR7 BTF Edition,104990000,103990000,https://gearvn.com/products/card-man-hinh-asus-rog-astral-geforce-rtx-5090-32gb-gddr7-btf-edition,10/05/2026 12:10:08
GearVN,Card màn hình MSI GeForce RTX 5070 Ti 16G MLG EDITION,0,32990000,https://gearvn.com/products/card-man-hinh-msi-geforce-rtx-5070-ti-16g-mlg-edition,10/05/2026 12:10:08
GearVN,Card màn hình ASUS ROG Astral GeForce RTX 5080 16GB GDDR7 Hatsune Miku Edition,0,54120000,https://gearvn.com/products/card-man-hinh-asus-rog-astral-geforce-rtx-5080-16gb-gddr7-hatsune-miku-edtion,10/05/2026 12:10:08
GearVN,Card màn hình ASUS ROG Astral GeForce RTX 5080 16GB GDDR7 OC Edition (ROG-ASTRAL-RTX5080-O16G-GAMING) White Edition,54990000,53990000,https://gearvn.com/products/card-man-hinh-asus-rog-astral-geforce-rtx-5080-16gb-gddr7-oc-edition-rog-astral-rtx5080-o16g-gaming,10/05/2026 12:10:08
GearVN,Card màn hình ASUS ROG Astral GeForce RTX 5090 32GB GDDR7 OC White Edition (ROG-ASTRAL-RTX5090-O32G-GAMING-WHITE),114990000,102990000,https://gearvn.com/products/card-man-hinh-asus-rog-astral-geforce-rtx-5090-32gb-gddr7-oc-white-edition-rog-astral-rtx5090-o32g-gaming-white,10/05/2026 12:10:08
GearVN,Card màn hình Asus GeForce RTX 5060 DUAL OC 8GB,10990000,9790000,https://gearvn.com/products/card-man-hinh-asus-geforce-rtx-5060-dual-oc-8gb,10/05/2026 12:10:08
GearVN,Card màn hình ASUS GeForce RTX 5050 Dual 8GB,8290000,7890000,https://gearvn.com/products/card-man-hinh-asus-geforce-rtx-5050-dual-8gb,10/05/2026 12:10:08
GearVN,Card màn hình ASUS GeForce RTX 5050 Prime 8GB,9590000,9390000,https://gearvn.com/products/card-man-hinh-asus-geforce-rtx-5050-prime-8gb,10/05/2026 12:10:08
GearVN,Card màn hình MSI GeForce RTX 5070 Ti 16G GAMING TRIO OC,31990000,29490000,https://gearvn.com/products/card-man-hinh-msi-geforce-rtx-5070-ti-16g-gaming-trio-oc,10/05/2026 12:10:08
GearVN,Card màn hình ASUS GeForce RTX 5050 Prime OC 8GB,9890000,8690000,https://gearvn.com/products/card-man-hinh-asus-geforce-rtx-5050-prime-oc-8gb,10/05/2026 12:10:08
GearVN,Card màn hình ASUS GeForce RTX 5050 Dual OC 8GB,9290000,7490000,https://gearvn.com/products/card-man-hinh-asus-geforce-rtx-5050-dual-oc-8gb,10/05/2026 12:10:08
GearVN,Card màn hình Gigabyte GeForce RTX 5050 Windforce OC 8GB,8690000,8390000,https://gearvn.com/products/card-man-hinh-gigabyte-geforce-rtx-5050-windforce-oc-8gb,10/05/2026 12:10:08
GearVN,Card màn hình Gigabyte GeForce RTX 5050 Gaming OC 8GB,9490000,8890000,https://gearvn.com/products/card-man-hinh-gigabyte-geforce-rtx-5050-gaming-oc-8gb,10/05/2026 12:10:08
GearVN,Card màn hình MSI GeForce RTX 5050 Shadow 2X OC 8GB,7890000,7490000,https://gearvn.com/products/card-man-hinh-msi-geforce-rtx-5050-shadow-2x-oc-8gb,10/05/2026 12:10:08
GearVN,Card màn hình MSI GeForce RTX 5050 Ventus 2X OC 8GB,8590000,8390000,https://gearvn.com/products/card-man-hinh-msi-geforce-rtx-5050-ventus-2x-oc-8gb,10/05/2026 12:10:08
GearVN,Card màn hình MSI GeForce RTX 5050 Gaming OC 8GB,8990000,8790000,https://gearvn.com/products/card-man-hinh-msi-geforce-rtx-5050-gaming-oc-8gb,10/05/2026 12:10:08
GearVN,Card màn hình MSI GeForce RTX 5060 Shadow 2X OC 8GB,10490000,9890000,https://gearvn.com/products/card-man-hinh-msi-geforce-rtx-5060-shadow-2x-oc-8gb,10/05/2026 12:10:08
GearVN,Card màn hình Zotac GeForce RTX 5060 Twin Edge OC 8GB,9990000,9690000,https://gearvn.com/products/card-man-hinh-zotac-geforce-rtx-5060-twin-edge-oc-8gb,10/05/2026 12:10:08
GearVN,Card màn hình ASUS Dual GeForce RTX 5070 12GB GDDR7 OC Edition,20490000,19990000,https://gearvn.com/products/card-man-hinh-asus-dual-geforce-rtx-5070-12gb-gddr7-oc-edition,10/05/2026 12:10:08
GearVN,Card màn hình MSI GeForce RTX 5070 Ti 16G GAMING TRIO OC White,33990000,32490000,https://gearvn.com/products/card-man-hinh-msi-geforce-rtx-5070-ti-16g-gaming-trio-oc-white,10/05/2026 12:10:08
GearVN,Card màn hình MSI GeForce RTX 5060 Gaming Trio OC 8GB,13490000,12990000,https://gearvn.com/products/card-man-hinh-msi-geforce-rtx-5060-gaming-trio-oc-8gb,10/05/2026 12:10:08
GearVN,Card màn hình MSI GeForce RTX 5060 Gaming Trio OC White 8GB,13990000,12990000,https://gearvn.com/products/card-man-hinh-msi-geforce-rtx-5060-gaming-trio-oc-white-8gb,10/05/2026 12:10:08
GearVN,Card màn hình MSI GeForce RTX 5060 Ti Ventus 2X Plus 8GB,14990000,12990000,https://gearvn.com/products/card-man-hinh-msi-geforce-rtx-5060-ti-ventus-2x-plus-8gb,10/05/2026 12:10:08
GearVN,Card màn hình Gigabyte GeForce RTX 5060 Eagle OC 8GB,11390000,10890000,https://gearvn.com/products/card-man-hinh-gigabyte-geforce-rtx-5060-eagle-oc-8gb,10/05/2026 12:10:08
GearVN,Card màn hình Gigabyte GeForce RTX 5060 Windforce 8GB,0,9990000,https://gearvn.com/products/card-man-hinh-gigabyte-geforce-rtx-5060-windforce-8gb,10/05/2026 12:10:08
GearVN,Card màn hình Gigabyte GeForce RTX 5060 Windforce OC 8GB,10990000,10490000,https://gearvn.com/products/card-man-hinh-gigabyte-geforce-rtx-5060-windforce-oc-8gb,10/05/2026 12:10:08
GearVN,Card màn hình Asus GeForce RTX 5060 Prime OC 8GB,11290000,10690000,https://gearvn.com/products/card-man-hinh-asus-geforce-rtx-5060-prime-oc-8gb,10/05/2026 12:10:08
GearVN,Card màn hình Asus GeForce RTX 5060 TUF Gaming OC 8GB,12490000,11890000,https://gearvn.com/products/card-man-hinh-asus-geforce-rtx-5060-tuf-gaming-oc-8gb,10/05/2026 12:10:08
GearVN,Card màn hình Gigabyte GeForce RTX 5060 Ti Windforce OC 8GB,14990000,12990000,https://gearvn.com/products/card-man-hinh-gigabyte-geforce-rtx-5060-ti-windforce-oc-8gb,10/05/2026 12:10:08
GearVN,Card màn hình MSI GeForce RTX 5070 12G SHADOW 3X OC,22990000,20990000,https://gearvn.com/products/card-man-hinh-msi-geforce-rtx-5070-12g-shadow-3x-oc,10/05/2026 12:10:08
GearVN,Card màn hình MSI GeForce RTX 5060 Ti Ventus 3X OC 16GB,16790000,16390000,https://gearvn.com/products/card-man-hinh-msi-geforce-rtx-5060-ti-ventus-3x-oc-16gb,10/05/2026 12:10:08
GearVN,Card màn hình MSI GeForce RTX 5060 Ti Ventus 2X Plus 16GB,15990000,14990000,https://gearvn.com/products/card-man-hinh-msi-geforce-rtx-5060-ti-ventus-2x-plus-16gb,10/05/2026 12:10:08
GearVN,Card màn hình MSI GeForce RTX 5060 Ti Ventus 2X OC Plus 8GB,14390000,12990000,https://gearvn.com/products/card-man-hinh-msi-geforce-rtx-5060-ti-ventus-2x-oc-plus-8gb,10/05/2026 12:10:08
GearVN,Card màn hình MSI GeForce RTX 5060 Ti Vanguard SOC 16GB,19290000,18690000,https://gearvn.com/products/card-man-hinh-msi-geforce-rtx-5060-ti-vanguard-soc-16gb,10/05/2026 12:10:08
GearVN,Card màn hình MSI GeForce RTX 5060 Ti Shadow 2X OC 8GB,13290000,12990000,https://gearvn.com/products/card-man-hinh-msi-geforce-rtx-5060-ti-shadow-2x-oc-8gb,10/05/2026 12:10:08
GearVN,Card màn hình MSI GeForce RTX 5060 Ti Inspire 2X OC 16GB,16990000,16290000,https://gearvn.com/products/card-man-hinh-msi-geforce-rtx-5060-ti-inspire-2x-oc-16gb,10/05/2026 12:10:08
GearVN,Card màn hình MSI GeForce RTX 5060 Ti Gaming Trio OC 16GB White,18290000,17690000,https://gearvn.com/products/card-man-hinh-msi-geforce-rtx-5060-ti-gaming-trio-oc-16gb-white,10/05/2026 12:10:08
GearVN,Card màn hình MSI GeForce RTX 5060 Ti Gaming Trio OC 16GB,17890000,17390000,https://gearvn.com/products/card-man-hinh-msi-geforce-rtx-5060-ti-gaming-trio-oc-16gb,10/05/2026 12:10:08
GearVN,Card màn hình MSI GeForce RTX 5060 Ti Gaming OC 8GB,15290000,14890000,https://gearvn.com/products/card-man-hinh-msi-geforce-rtx-5060-ti-gaming-oc-8gb,10/05/2026 12:10:08
GearVN,Card màn hình MSI GeForce RTX 5060 Ti Gaming OC 16GB,17590000,16890000,https://gearvn.com/products/card-man-hinh-msi-geforce-rtx-5060-ti-gaming-oc-16gb,10/05/2026 12:10:08
GearVN,Card màn hình Asus GeForce RTX 5060 Ti DUAL OC 8GB,14990000,14290000,https://gearvn.com/products/card-man-hinh-asus-geforce-rtx-5060-ti-dual-oc-8gb,10/05/2026 12:10:08
GearVN,Card màn hình Asus GeForce RTX 5060 Ti Prime 8GB,15190000,14990000,https://gearvn.com/products/card-man-hinh-asus-geforce-rtx-5060-ti-prime-8gb,10/05/2026 12:10:08
GearVN,Card màn hình Asus GeForce RTX 5060 Ti Prime OC 8GB,15490000,15390000,https://gearvn.com/products/card-man-hinh-asus-geforce-rtx-5060-ti-prime-oc-8gb,10/05/2026 12:10:08
GearVN,Card màn hình Asus GeForce RTX 5060 Ti TUF Gaming OC 8GB,0,16990000,https://gearvn.com/products/card-man-hinh-asus-geforce-rtx-5060-ti-tuf-gaming-oc-8gb,10/05/2026 12:10:08
GearVN,Card màn hình Asus GeForce RTX 5060 Ti Prime 16GB,0,18990000,https://gearvn.com/products/card-man-hinh-asus-geforce-rtx-5060-ti-prime-16gb,10/05/2026 12:10:08
GearVN,Card màn hình Asus GeForce RTX 5060 Ti Prime OC 16GB,0,19490000,https://gearvn.com/products/card-man-hinh-asus-geforce-rtx-5060-ti-prime-oc-16gb,10/05/2026 12:10:08
GearVN,Card màn hình Asus GeForce RTX 5060 Ti TUF Gaming OC 16GB,20490000,20290000,https://gearvn.com/products/card-man-hinh-asus-geforce-rtx-5060-ti-tuf-gaming-oc-16gb,10/05/2026 12:10:08
GearVN,Card màn hình Gigabyte GeForce RTX 5060 Ti Gaming OC 16GB,22390000,18990000,https://gearvn.com/products/card-man-hinh-gigabyte-geforce-rtx-5060-ti-gaming-oc-16gb,10/05/2026 12:10:08
GearVN,Card màn hình Gigabyte GeForce RTX 5060 Ti Eagle Ice OC 16GB,21990000,17490000,https://gearvn.com/products/card-man-hinh-gigabyte-geforce-rtx-5060-ti-eagle-ice-oc-16gb,10/05/2026 12:10:08
GearVN,Card màn hình Gigabyte GeForce RTX 5060 Ti Windforce 16GB,17990000,13990000,https://gearvn.com/products/card-man-hinh-gigabyte-geforce-rtx-5060-ti-windforce-16gb,10/05/2026 12:10:08
GearVN,Card màn hình Gigabyte GeForce RTX 5060 Ti Windforce OC 16GB,18990000,14690000,https://gearvn.com/products/card-man-hinh-gigabyte-geforce-rtx-5060-ti-windforce-oc-16gb,10/05/2026 12:10:08
GearVN,Card màn hình Gigabyte GeForce RTX 5060 Ti Aorus Elite 16GB,22490000,20490000,https://gearvn.com/products/card-man-hinh-gigabyte-geforce-rtx-5060-ti-aorus-elite-16gb,10/05/2026 12:10:08
GearVN,Card màn hình Gigabyte GeForce RTX 5060 Ti Eagle OC 16GB,20490000,16990000,https://gearvn.com/products/card-man-hinh-gigabyte-geforce-rtx-5060-ti-eagle-oc-16gb,10/05/2026 12:10:08
GearVN,Card màn hình Gigabyte GeForce RTX 5060 Ti AERO OC 16GB,21990000,19690000,https://gearvn.com/products/card-man-hinh-gigabyte-geforce-rtx-5060-ti-aero-oc-16gb,10/05/2026 12:10:08
GearVN,Card màn hình MSI GeForce RTX 5080 16G VENTUS 3X OC,41990000,37490000,https://gearvn.com/products/card-man-hinh-msi-geforce-rtx-5080-16g-ventus-3x-oc,10/05/2026 12:10:08
GearVN,Card màn hình MSI GeForce RTX 5080 16G SHADOW 3X OC,44990000,42690000,https://gearvn.com/products/card-man-hinh-msi-geforce-rtx-5080-16g-shadow-3x-oc,10/05/2026 12:10:08
GearVN,Card màn hình Colorful iGame GeForce RTX 5070 Ti Ultra W OC 16GB-V,0,29990000,https://gearvn.com/products/card-man-hinh-colorful-igame-geforce-rtx-5070-ti-ultra-w-oc-16gb-v,10/05/2026 12:10:08
GearVN,Card màn hình GIGABYTE GeForce RTX 5090 WINDFORCE OC 32G (GV-N5090WF3OC-32GD),99990000,98990000,https://gearvn.com/products/card-man-hinh-gigabyte-geforce-rtx-5090-windforce-oc-32g,10/05/2026 12:10:08
GearVN,Card màn hình MSI GeForce RTX 5090 32G VENTUS 3X OC,88990000,79990000,https://gearvn.com/products/card-man-hinh-msi-geforce-rtx-5090-32g-ventus-3x-oc-1,10/05/2026 12:10:08
GearVN,Card màn hình ASUS Prime GeForce RTX 5070 12GB GDDR7 (PRIME-RTX5070-12G),21490000,19890000,https://gearvn.com/products/card-man-hinh-asus-prime-rtx5070-12g,10/05/2026 12:10:08
GearVN,Card màn hình ASUS Prime GeForce RTX 5070 12GB GDDR7 OC Edition (PRIME-RTX5070-O12G),21690000,20490000,https://gearvn.com/products/card-man-hinh-asus-prime-rtx5070-o12g,10/05/2026 12:10:08
GearVN,Card màn hình ASUS TUF Gaming GeForce RTX 5070 12GB GDDR7 (TUF-RTX5070-12G-GAMING),25490000,22490000,https://gearvn.com/products/card-man-hinh-asus-tuf-rtx5070-12g-gaming,10/05/2026 12:10:08
GearVN,Card màn hình ASUS TUF Gaming GeForce RTX 5070 12GB GDDR7 OC Edition(TUF-RTX5070-O12G-GAMING),25990000,24990000,https://gearvn.com/products/card-man-hinh-asus-tuf-rtx5070-o12g-gaming,10/05/2026 12:10:08
GearVN,Card màn hình ASUS ROG Strix GeForce RTX 5070 12GB GDDR7 (ROG-STRIX-RTX5070-12G-GAMING),29490000,25490000,https://gearvn.com/products/card-man-hinh-asus-rog-strix-rtx5070-12g-gaming,10/05/2026 12:10:08
GearVN,Card màn hình ASUS ROG Strix GeForce RTX 5070 12GB GDDR7 OC Edition (ROG-STRIX-RTX5070-O12G-GAMING),29990000,26490000,https://gearvn.com/products/card-man-hinh-asus-rog-strix-rtx5070-o12g-gaming,10/05/2026 12:10:08
GearVN,Card màn hình ASUS ROG Strix GeForce RTX 5070 Ti 16GB GDDR7 (ROG-STRIX-RTX5070TI-16G-GAMING),0,39490000,https://gearvn.com/products/card-man-hinh-asus-rog-strix-rtx5070ti-16g-gaming,10/05/2026 12:10:08
GearVN,Card màn hình ASUS ROG Strix GeForce RTX 5070 Ti 16GB GDDR7 OC Edition (ROG-STRIX-RTX5070TI-O16G-GAMING),0,39990000,https://gearvn.com/products/card-man-hinh-asus-rog-strix-rtx5070ti-o16g-gaming,10/05/2026 12:10:08
GearVN,Card màn hình GIGABYTE GeForce RTX 5070 AERO OC 12G (GV-N5070AERO OC-12GD),26990000,25990000,https://gearvn.com/products/card-man-hinh-gigabyte-geforce-rtx-5070-aero-oc-12g,10/05/2026 12:10:08
GearVN,Card màn hình GIGABYTE GeForce RTX 5070 EAGLE OC SFF 12G (GV-N5070EAGLE OC-12GD),25990000,24990000,https://gearvn.com/products/card-man-hinh-gigabyte-geforce-rtx-5070-eagle-oc-sff-12g,10/05/2026 12:10:08
GearVN,Card màn hình GIGABYTE GeForce RTX 5070 EAGLE OC ICE SFF 12G (GV-N5070EAGLEOC ICE-12GD),26490000,25490000,https://gearvn.com/products/card-man-hinh-gigabyte-geforce-rtx-5070-eagle-oc-ice-sff-12g,10/05/2026 12:10:08
GearVN,Card màn hình GIGABYTE GeForce RTX 5070 GAMING OC 12G (GV-N5070GAMING OC-12GD),27490000,26990000,https://gearvn.com/products/card-man-hinh-gigabyte-geforce-rtx-5070-gaming-oc-12g,10/05/2026 12:10:08
GearVN,Card màn hình GIGABYTE GeForce RTX 5070 Ti WINDFORCE OC SFF 16G (GV-N507TWF3OC-16GD),35990000,31990000,https://gearvn.com/products/card-man-hinh-gigabyte-geforce-rtx-5070-ti-windforce-oc-sff-16g,10/05/2026 12:10:08
GearVN,Card màn hình GIGABYTE GeForce RTX 5070 Ti AERO OC 16G (GV-N507TAERO OC-16GD),35790000,33990000,https://gearvn.com/products/card-man-hinh-gigabyte-geforce-rtx-5070-ti-aero-oc-16g,10/05/2026 12:10:08
GearVN,Card màn hình GIGABYTE GeForce RTX 5070 Ti EAGLE OC SFF 16G (GV-N507TEAGLE OC-16GD),33390000,30990000,https://gearvn.com/products/card-man-hinh-gigabyte-geforce-rtx-5070-ti-eagle-oc-sff-16g,10/05/2026 12:10:08
GearVN,Card màn hình GIGABYTE GeForce RTX 5070 Ti GAMING OC 16G (GV-N507TGAMING OC-16GD),0,33990000,https://gearvn.com/products/card-man-hinh-gigabyte-geforce-rtx-5070-ti-gaming-oc-16g,10/05/2026 12:10:08
GearVN,Card màn hình GIGABYTE AORUS GeForce RTX 5070 Ti MASTER 16G (GV-N507TAORUS M-16GD),0,36490000,https://gearvn.com/products/card-man-hinh-gigabyte-aorus-geforce-rtx-5070-ti-master-16g,10/05/2026 12:10:08
GearVN,Card màn hình GIGABYTE GeForce RTX 5080 WINDFORCE OC SFF 16G (GV-N5080WF3OC-16GD),45990000,43990000,https://gearvn.com/products/card-man-hinh-gigabyte-geforce-rtx-5080-windforce-oc-sff-16g,10/05/2026 12:10:08
GearVN,Card màn hình GIGABYTE GeForce RTX 5080 AERO OC SFF 16G (GV-N5080AERO OC-16GD),47990000,44990000,https://gearvn.com/products/card-man-hinh-gigabyte-geforce-rtx-5080-aero-oc-sff-16g,10/05/2026 12:10:08
GearVN,Card màn hình GIGABYTE GeForce RTX 5080 GAMING OC 16G (GV-N5080GAMING OC-16GD),47490000,44990000,https://gearvn.com/products/card-man-hinh-gigabyte-geforce-rtx-5080-gaming-oc-16g,10/05/2026 12:10:08
GearVN,Card màn hình GIGABYTE AORUS GeForce RTX 5080 MASTER 16G (GV-N5080AORUS M-16GD),0,49990000,https://gearvn.com/products/card-man-hinh-gigabyte-aorus-geforce-rtx-5080-master-16g,10/05/2026 12:10:08
GearVN,Card màn hình GIGABYTE AORUS GeForce RTX 5080 MASTER ICE 16G (GV-N5080AORUSM ICE-16GD),0,50990000,https://gearvn.com/products/card-man-hinh-gigabyte-aorus-geforce-rtx-5080-master-ice-16g,10/05/2026 12:10:08
GearVN,Card màn hình GIGABYTE AORUS GeForce RTX 5080 XTREME WATERFORCE WB 16G (GV-N5080AORUSX WB-16GD),0,51990000,https://gearvn.com/products/card-man-hinh-gigabyte-aorus-geforce-rtx-5080-xtreme-waterforce-wb-16g,10/05/2026 12:10:08
GearVN,Card màn hình GIGABYTE AORUS GeForce RTX 5080 XTREME WATERFORCE 16G (GV-N5080AORUSX W-16GD),54990000,51990000,https://gearvn.com/products/card-man-hinh-gigabyte-aorus-geforce-rtx-5080-xtreme-waterforce-16g,10/05/2026 12:10:08
GearVN,Card màn hình GIGABYTE GeForce RTX 5090 GAMING OC 32G (GV-N5090GAMING OC-32GD),105990000,102990000,https://gearvn.com/products/card-man-hinh-gigabyte-geforce-rtx-5090-gaming-oc-32g,10/05/2026 12:10:08
GearVN,Card màn hình GIGABYTE AORUS GeForce RTX 5090 MASTER 32G (GV-N5090AORUS M-32GD),119000000,114990000,https://gearvn.com/products/card-man-hinh-gigabyte-aorus-geforce-rtx-5090-master-32g,10/05/2026 12:10:08
GearVN,Card màn hình GIGABYTE AORUS GeForce RTX 5090 MASTER ICE 32G (GV-N5090AORUSM ICE-32GD),110000000,99990000,https://gearvn.com/products/card-man-hinh-gigabyte-aorus-geforce-rtx-5090-master-ice-32g,10/05/2026 12:10:08
GearVN,Card màn hình GIGABYTE AORUS GeForce RTX 5090 XTREME WATERFORCE WB 32G (GV-N5090AORUSX WB-32GD),120000000,109990000,https://gearvn.com/products/card-man-hinh-gigabyte-aorus-geforce-rtx-5090-xtreme-waterforce-wb-32g,10/05/2026 12:10:08
GearVN,Card màn hình GIGABYTE AORUS GeForce RTX 5090 XTREME WATERFORCE 32G (GV-N5090AORUSX W-32GD),118990000,113990000,https://gearvn.com/products/card-man-hinh-gigabyte-aorus-geforce-rtx-5090-xtreme-waterforce-32g,10/05/2026 12:10:08
GearVN,Card màn hình MSI GeForce RTX 5070 12G VENTUS 2X OC WHITE,0,21690000,https://gearvn.com/products/card-man-hinh-msi-geforce-rtx-5070-12g-ventus-2x-oc-white,10/05/2026 12:10:08
GearVN,Card màn hình MSI GeForce RTX 5070 12G VENTUS 2X OC,21490000,19490000,https://gearvn.com/products/card-man-hinh-msi-geforce-rtx-5070-12g-ventus-2x-oc,10/05/2026 12:10:08
GearVN,Card màn hình MSI GeForce RTX 5070 12G VENTUS 3X OC,21990000,20690000,https://gearvn.com/products/card-man-hinh-msi-geforce-rtx-5070-12g-ventus-3x-oc,10/05/2026 12:10:08
GearVN,Card màn hình MSI GeForce RTX 5070 12G INSPIRE 3X OC,21790000,20790000,https://gearvn.com/products/card-man-hinh-msi-geforce-rtx-5070-12g-inspire-3x-oc,10/05/2026 12:10:08
GearVN,Card màn hình MSI GeForce RTX 5070 12G GAMING TRIO OC,0,22490000,https://gearvn.com/products/card-man-hinh-msi-geforce-rtx-5070-12g-gaming-trio-oc,10/05/2026 12:10:08
GearVN,Card màn hình MSI GeForce RTX 5070 12G GAMING TRIO OC WHITE,0,23490000,https://gearvn.com/products/card-man-hinh-msi-geforce-rtx-5070-12g-gaming-trio-oc-white,10/05/2026 12:10:08
GearVN,Card màn hình MSI GeForce RTX 5070 12G VANGUARD SOC,24990000,23890000,https://gearvn.com/products/card-man-hinh-msi-geforce-rtx-5070-12g-vanguard-soc,10/05/2026 12:10:08
GearVN,Card màn hình MSI GeForce RTX 5070 Ti 16G VENTUS 3X OC Plus,0,28990000,https://gearvn.com/products/card-man-hinh-msi-geforce-rtx-5070-ti-16g-ventus-3x-oc-plus,10/05/2026 12:10:08
GearVN,Card màn hình MSI GeForce RTX 5070 Ti 16G INSPIRE 3X OC PLUS,0,29990000,https://gearvn.com/products/card-man-hinh-msi-geforce-rtx-5070-ti-16g-inspire-3x-oc-plus,10/05/2026 12:10:08
GearVN,Card màn hình MSI GeForce RTX 5070 Ti 16G GAMING TRIO OC PLUS,0,29490000,https://gearvn.com/products/card-man-hinh-msi-geforce-rtx-5070-ti-16g-gaming-trio-oc-plus,10/05/2026 12:10:08
GearVN,Card màn hình MSI GeForce RTX 5070 Ti 16G VANGUARD SOC,32990000,31490000,https://gearvn.com/products/card-man-hinh-msi-geforce-rtx-5070-ti-16g-vanguard-soc,10/05/2026 12:10:08
GearVN,Card màn hình MSI GeForce RTX 5080 16G INSPIRE 3X OC,53990000,48990000,https://gearvn.com/products/card-man-hinh-msi-geforce-rtx-5080-16g-inspire-3x-oc,10/05/2026 12:10:08
GearVN,Card màn hình MSI GeForce RTX 5080 16G GAMING TRIO OC WHITE,42990000,38990000,https://gearvn.com/products/card-man-hinh-msi-geforce-rtx-5080-16g-gaming-trio-oc-white,10/05/2026 12:10:08
GearVN,Card màn hình MSI GeForce RTX 5080 16G VANGUARD SOC,43990000,42990000,https://gearvn.com/products/card-man-hinh-msi-geforce-rtx-5080-16g-vanguard-soc,10/05/2026 12:10:08
GearVN,Card màn hình MSI GeForce RTX 5080 16G SUPRIM LIQUID SOC,45990000,45490000,https://gearvn.com/products/card-man-hinh-msi-geforce-rtx-5080-16g-suprim-liquid-soc,10/05/2026 12:10:08
GearVN,Card màn hình MSI GeForce RTX 5090 32G GAMING TRIO OC,119990000,114990000,https://gearvn.com/products/card-man-hinh-msi-geforce-rtx-5090-32g-gaming-trio-oc,10/05/2026 12:10:08
GearVN,Card màn hình MSI GeForce RTX 5090 32G VANGUARD SOC,134990000,129990000,https://gearvn.com/products/card-man-hinh-msi-geforce-rtx-5090-32g-vanguard-soc,10/05/2026 12:10:08
GearVN,Card màn hình MSI GeForce RTX 5090 32G SUPRIM SOC,134990000,132990000,https://gearvn.com/products/card-man-hinh-msi-geforce-rtx-5090-32g-suprim-soc,10/05/2026 12:10:08
GearVN,Card màn hình MSI GeForce RTX 5090 32G SUPRIM LIQUID SOC,104990000,98990000,https://gearvn.com/products/card-man-hinh-msi-geforce-rtx-5090-32g-suprim-liquid-soc,10/05/2026 12:10:08
GearVN,Card màn hình ASUS Prime GeForce RTX 5070 Ti 16GB GDDR7 (PRIME-RTX5070TI-16G),33990000,32990000,https://gearvn.com/products/card-man-hinh-asus-prime-rtx5070ti-16g,10/05/2026 12:10:08
GearVN,Card màn hình ASUS Prime GeForce RTX 5070 Ti 16GB GDDR7 OC Edition (PRIME-RTX5070TI-O16G),33990000,32990000,https://gearvn.com/products/card-man-hinh-asus-prime-rtx5070ti-o16g,10/05/2026 12:10:08
GearVN,Card màn hình ASUS TUF Gaming GeForce RTX 5070 Ti 16GB GDDR7 (TUF-RTX5070TI-16G-GAMING),34490000,33990000,https://gearvn.com/products/card-man-hinh-asus-tuf-rtx5070ti-16g-gaming,10/05/2026 12:10:08
GearVN,Card màn hình ASUS TUF Gaming GeForce RTX 5070 Ti 16GB GDDR7 OC Edition (TUF-RTX5070TI-O16G-GAMING),33490000,31990000,https://gearvn.com/products/card-man-hinh-asus-tuf-rtx5070ti-o16g-gaming,10/05/2026 12:10:08
GearVN,Card màn hình ASUS Prime GeForce RTX 5080 16GB GDDR7 (PRIME-RTX5080-16G),40990000,39990000,https://gearvn.com/products/card-man-hinh-asus-prime-rtx5080-16g,10/05/2026 12:10:08
GearVN,Card màn hình ASUS Prime GeForce RTX 5080 16GB GDDR7 OC Edition (PRIME-RTX5080-O16G),41490000,38690000,https://gearvn.com/products/card-man-hinh-asus-prime-rtx5080-o16g,10/05/2026 12:10:08
GearVN,Card màn hình ASUS TUF Gaming GeForce RTX 5080 16GB GDDR7 (TUF-RTX5080-16G-GAMING),45490000,43990000,https://gearvn.com/products/card-man-hinh-asus-tuf-rtx5080-16g-gaming,10/05/2026 12:10:08
GearVN,Card màn hình ASUS ROG Astral GeForce RTX 5080 16GB GDDR7 (ROG-ASTRAL-RTX5080-16G-GAMING),48990000,47290000,https://gearvn.com/products/card-man-hinh-asus-rog-astral-rtx5080-16g-gaming,10/05/2026 12:10:08
GearVN,Card màn hình ASUS TUF Gaming GeForce RTX 5090 32GB GDDR7 (TUF-RTX5090-32G-GAMING),104990000,99990000,https://gearvn.com/products/card-man-hinh-asus-tuf-rtx5090-32g-gaming,10/05/2026 12:10:08
GearVN,Card màn hình ASUS ROG Astral GeForce RTX 5090 32GB GDDR7 (ROG-ASTRAL-RTX5090-32G-GAMING),135000000,108990000,https://gearvn.com/products/card-man-hinh-asus-rog-astral-rtx5090-32g-gaming,10/05/2026 12:10:08
GearVN,Card màn hình ASUS ROG Astral LC GeForce RTX 5090 32GB GDDR7 (ROG-ASTRAL-LC-RTX5090-32G-GAMING),135000000,115000000,https://gearvn.com/products/card-man-hinh-asus-rog-astral-lc-rtx5090-32g-gaming,10/05/2026 12:10:08
GearVN,Card màn hình ASUS ROG Astral LC GeForce RTX 5090 32GB GDDR7 OC Edition (ROG-ASTRAL-LC-RTX5090-O32G-GAMING),139000000,104990000,https://gearvn.com/products/card-man-hinh-asus-rog-astral-lc-rtx5090-o32g-gaming,10/05/2026 12:10:08
GearVN,Card màn hình GIGABYTE GeForce RTX 3050 WINDFORCE OC V2 8G (GV-N3050WF2OCV2-8GD),8490000,8390000,https://gearvn.com/products/card-man-hinh-gigabyte-geforce-rtx-3050-windforce-oc-v2-8g-gv-n3050wf2ocv2-8gd,10/05/2026 12:10:08
GearVN,Card màn hình MSI GeForce RTX 5060 Ventus 2X OC White 8GB,11990000,11490000,https://gearvn.com/products/card-man-hinh-msi-geforce-rtx-5060-ventus-2x-oc-white-8gb,10/05/2026 12:10:08
GearVN,Card màn hình SPARKLE Intel Arc B580 TITAN OC 12GB GDDR6,10990000,9690000,https://gearvn.com/products/card-man-hinh-sparkle-intel-arc-b580-titan-oc-12gb-gddr6,10/05/2026 12:10:08
GearVN,Card màn hình Gigabyte GeForce RTX 5060 Windforce Max OC 8GB,11990000,11490000,https://gearvn.com/products/card-man-hinh-gigabyte-geforce-rtx-5060-windforce-max-oc-8gb,10/05/2026 12:10:08
GearVN,Card màn hình Zotac GEFORCE RTX 5050 TWIN EDGE OC 8GB GDDR6,9490000,8990000,https://gearvn.com/products/card-man-hinh-zotac-geforce-rtx-5050-twin-edge-oc-8gb-gddr6,10/05/2026 12:10:08
GearVN,Card màn hình Zotac GEFORCE RTX 3050 TWIN EDGE OC 6GB GDDR6,6890000,6390000,https://gearvn.com/products/card-man-hinh-zotac-geforce-rtx-3050-twin-edge-oc-6gb-gddr6,10/05/2026 12:10:08
GearVN,Card màn hình MSI GeForce RTX 5060 Ventus 2X OC 8GB,11990000,10990000,https://gearvn.com/products/card-man-hinh-msi-geforce-rtx-5060-ventus-2x-oc-8gb,10/05/2026 12:10:08
GearVN,Card màn hình Zotac GeForce RTX 5060 Ti 16GB Twin Edge OC,16990000,15990000,https://gearvn.com/products/card-man-hinh-zotac-geforce-rtx-5060-ti-16gb-twin-edge-oc,10/05/2026 12:10:08
GearVN,Card màn hình Gigabyte GeForce RTX 5060 Eagle Ice OC 8GB,11690000,9990000,https://gearvn.com/products/card-man-hinh-gigabyte-geforce-rtx-5060-eagle-ice-oc-8gb,10/05/2026 12:10:08
GearVN,Card màn hình GIGABYTE GeForce RTX 4070 SUPER WINDFORCE OC 12G (GV-N407SWF3OC-12GD),20990000,19490000,https://gearvn.com/products/card-man-hinh-gigabyte-geforce-rtx-4070-super-windforce-oc-12g,10/05/2026 12:10:08
GearVN,Card màn hình MSI GeForce RTX 5080 16G VENTUS 3X OC White,53990000,49990000,https://gearvn.com/products/card-man-hinh-msi-geforce-rtx-5080-16g-ventus-3x-oc-white,10/05/2026 12:10:08
GearVN,Card màn hình GIGABYTE GeForce RTX 3060 WINDFORCE OC 12G V2 (GV-N3060WF2OC-12GD),8990000,8590000,https://gearvn.com/products/card-man-hinh-gigabyte-geforce-rtx-3060-windforce-oc-12g-v2-gv-n3060wf2oc-12gd,10/05/2026 12:10:08
GearVN,Card màn hình ASUS Dual Radeon RX 6500 XT V2 OC Edition 4GB GDDR6 (DUAL-RX6500XT-O4G-V2),4990000,3790000,https://gearvn.com/products/card-man-hinh-asus-dual-radeon-rx6500-xt-v2-oc,10/05/2026 12:10:08
GearVN,Card màn hình ASUS Dual GeForce RTX 4060 V2 OC Edition 8GB GDDR6 (DUAL-RTX4060-O8G-V2),8990000,8490000,https://gearvn.com/products/card-man-hinh-asus-dual-geforce-rtx-4060-v2-oc-edition-8gb-gddr6-dual-rtx4060-o8g-v2,10/05/2026 12:10:08
GearVN,Card màn hình ASUS Dual Radeon RX 7600 V2 OC Edition 8GB GDDR6 (DUAL-RX7600-O8G-V2),7990000,7790000,https://gearvn.com/products/card-man-hinh-asus-dual-rx7600-v2-oc-8gb,10/05/2026 12:10:08
GearVN,Card màn hình GIGABYTE AORUS GeForce RTX 4080 SUPER XTREME ICE 16G (GV-N408SAORUSX ICE-16GD),59990000,39990000,https://gearvn.com/products/card-man-hinh-gigabyte-aorus-geforce-rtx-4080-super-xtreme-ice-16g,10/05/2026 12:10:08
GearVN,Card màn hình ASUS Dual GeForce RTX 3050 6GB GDDR6 (DUAl-RTX3050-6G),5690000,4690000,https://gearvn.com/products/card-man-hinh-asus-dual-geforce-rtx-3050-6gb-gddr6-dual-rtx3050-6g,10/05/2026 12:10:08
GearVN,Card màn hình ASUS Dual GeForce RTX 3050 OC Edition 6GB (DUAl-RTX3050-O6G),5790000,4790000,https://gearvn.com/products/card-man-hinh-asus-dual-geforce-rtx-3050-oc-edition-6gb-dual-rtx3050-o6g,10/05/2026 12:10:08
GearVN,Card màn hình MSI GeForce RTX 3050 VENTUS 2X 6G OC,5990000,4990000,https://gearvn.com/products/card-man-hinh-msi-geforce-rtx-3050-ventus-2x-6g-oc,10/05/2026 12:10:08
GearVN,Card màn hình ASUS Dual GeForce GTX 1650 OC Edition 4GB GDDR6 EVO (DUAL-GTX1650-O4GD6-P-EVO),4190000,3690000,https://gearvn.com/products/card-man-hinh-asus-dual-geforce-gtx-1650-oc-edition-4gb-gddr6-evo-dual-gtx1650-o4gd6-p-evo,10/05/2026 12:10:08
GearVN,Card màn hình MSI GeForce RTX 4060 VENTUS 2X WHITE 8G OC,9390000,8990000,https://gearvn.com/products/card-man-hinh-msi-geforce-rtx-4060-ventus-2x-white-8g-oc,10/05/2026 12:10:08
GearVN,Card màn hình MSI GeForce RTX 3050 VENTUS 2X XS 8G OC,6990000,5990000,https://gearvn.com/products/card-man-hinh-msi-geforce-rtx-3050-ventus-2x-xs-8g-oc,10/05/2026 12:10:08
GearVN,Card màn hình MSI GeForce RTX 4060 VENTUS 2X BLACK 8G OC,9590000,8490000,https://gearvn.com/products/card-man-hinh-msi-geforce-rtx-4060-ventus-2x-black-8g-oc,10/05/2026 12:10:08
GearVN,Card màn hình MSI GeForce RTX 3060 Ventus 2X OC 12G,8990000,8290000,https://gearvn.com/products/card-man-hinh-msi-geforce-rtx-3060-ventus-2x-oc-12g,10/05/2026 12:10:08
GearVN,Card màn hình ASUS Dual GeForce RTX 3060 OC Edition 12GB V2 (DUAL-RTX3060-O12G-V2),8690000,7890000,https://gearvn.com/products/asus-dual-geforce-rtx-3060-o12g,10/05/2026 12:10:08
GearVN,MSI GeForce GTX 1650 SUPER GAMING X 4GB,0,8590000,https://gearvn.com/products/msi-gtx-1650-super-gaming-x-4gb-gddr6,10/05/2026 12:10:08
GearVN,Card màn hình SPARKLE Intel Arc B580 TITAN Nox OC 12GB GDDR6,10990000,9690000,https://gearvn.com/products/card-man-hinh-sparkle-intel-arc-b580-titan-nox-oc-12gb-gddr6,10/05/2026 12:10:08
GearVN,Card màn hình Zotac GeForce RTX 5060 Ti 16GB Twin Edge,15990000,14990000,https://gearvn.com/products/card-man-hinh-zotac-geforce-rtx-5060-ti-16gb-twin-edge,10/05/2026 12:10:08
GearVN,Card màn hình Zotac GEFORCE RTX 5060 Ti 8GB TWIN EDGE GDDR7,13490000,12490000,https://gearvn.com/products/card-man-hinh-zotac-geforce-rtx-5060-ti-8gb-twin-edge-gddr7,10/05/2026 12:10:08
GearVN,Card màn hình ZOTAC GAMING GeForce RTX 5070 AMP White Edition (ZT-B50700FQ-10P),19990000,18990000,https://gearvn.com/products/card-man-hinh-zotac-gaming-geforce-rtx-5070-amp-white-edition,10/05/2026 12:10:08
GearVN,Card màn hình Gigabyte GeForce RTX 5060 Eagle OC 8GB,11390000,10890000,https://gearvn.com/products/card-man-hinh-gigabyte-geforce-rtx-5060-eagle-oc-8gb,10/05/2026 12:10:08
GearVN,Card màn hình MSI GeForce RTX 5060 Ti Ventus 2X Plus 8GB,14990000,12990000,https://gearvn.com/products/card-man-hinh-msi-geforce-rtx-5060-ti-ventus-2x-plus-8gb,10/05/2026 12:10:08
GearVN,Card màn hình MSI GeForce RTX 5060 Gaming Trio OC White 8GB,13990000,12990000,https://gearvn.com/products/card-man-hinh-msi-geforce-rtx-5060-gaming-trio-oc-white-8gb,10/05/2026 12:10:08
GearVN,Card màn hình MSI GeForce RTX 5060 Gaming Trio OC 8GB,13490000,12990000,https://gearvn.com/products/card-man-hinh-msi-geforce-rtx-5060-gaming-trio-oc-8gb,10/05/2026 12:10:08
GearVN,Card màn hình ASUS ROG Astral GeForce RTX 5080 16GB GDDR7 OC Edition (ROG-ASTRAL-RTX5080-O16G-GAMING) White Edition,54990000,53990000,https://gearvn.com/products/card-man-hinh-asus-rog-astral-geforce-rtx-5080-16gb-gddr7-oc-edition-rog-astral-rtx5080-o16g-gaming,10/05/2026 12:10:08
GearVN,Card màn hình ASUS Dual GeForce RTX 5070 12GB GDDR7 OC Edition,20490000,19990000,https://gearvn.com/products/card-man-hinh-asus-dual-geforce-rtx-5070-12gb-gddr7-oc-edition,10/05/2026 12:10:08
GearVN,Card màn hình Zotac GeForce RTX 5060 Twin Edge OC 8GB,9990000,9690000,https://gearvn.com/products/card-man-hinh-zotac-geforce-rtx-5060-twin-edge-oc-8gb,10/05/2026 12:10:08
GearVN,Card màn hình MSI GeForce RTX 5060 Shadow 2X OC 8GB,10490000,9890000,https://gearvn.com/products/card-man-hinh-msi-geforce-rtx-5060-shadow-2x-oc-8gb,10/05/2026 12:10:08
GearVN,Card màn hình MSI GeForce RTX 5050 Gaming OC 8GB,8990000,8790000,https://gearvn.com/products/card-man-hinh-msi-geforce-rtx-5050-gaming-oc-8gb,10/05/2026 12:10:08
GearVN,Card màn hình MSI GeForce RTX 5050 Ventus 2X OC 8GB,8590000,8390000,https://gearvn.com/products/card-man-hinh-msi-geforce-rtx-5050-ventus-2x-oc-8gb,10/05/2026 12:10:08
GearVN,Card màn hình MSI GeForce RTX 5050 Shadow 2X OC 8GB,7890000,7490000,https://gearvn.com/products/card-man-hinh-msi-geforce-rtx-5050-shadow-2x-oc-8gb,10/05/2026 12:10:08
GearVN,Card màn hình ASUS GeForce RTX 5050 Dual 8GB,8290000,7890000,https://gearvn.com/products/card-man-hinh-asus-geforce-rtx-5050-dual-8gb,10/05/2026 12:10:08
GearVN,Card màn hình ASUS GeForce RTX 5050 Dual OC 8GB,9290000,7490000,https://gearvn.com/products/card-man-hinh-asus-geforce-rtx-5050-dual-oc-8gb,10/05/2026 12:10:08
GearVN,Card màn hình ASUS GeForce RTX 5050 Prime OC 8GB,9890000,8690000,https://gearvn.com/products/card-man-hinh-asus-geforce-rtx-5050-prime-oc-8gb,10/05/2026 12:10:08
GearVN,Card màn hình ASUS GeForce RTX 5050 Prime 8GB,9590000,9390000,https://gearvn.com/products/card-man-hinh-asus-geforce-rtx-5050-prime-8gb,10/05/2026 12:10:08
GearVN,Card màn hình ASUS ROG Astral GeForce RTX 5090 32GB GDDR7 OC White Edition (ROG-ASTRAL-RTX5090-O32G-GAMING-WHITE),114990000,102990000,https://gearvn.com/products/card-man-hinh-asus-rog-astral-geforce-rtx-5090-32gb-gddr7-oc-white-edition-rog-astral-rtx5090-o32g-gaming-white,10/05/2026 12:10:08
GearVN,Card màn hình Gigabyte GeForce RTX 5050 Gaming OC 8GB,9490000,8890000,https://gearvn.com/products/card-man-hinh-gigabyte-geforce-rtx-5050-gaming-oc-8gb,10/05/2026 12:10:08
GearVN,Card màn hình Gigabyte GeForce RTX 5050 Windforce OC 8GB,8690000,8390000,https://gearvn.com/products/card-man-hinh-gigabyte-geforce-rtx-5050-windforce-oc-8gb,10/05/2026 12:10:08
GearVN,Card màn hình MSI GeForce RTX 5070 Ti 16G GAMING TRIO OC,31990000,29490000,https://gearvn.com/products/card-man-hinh-msi-geforce-rtx-5070-ti-16g-gaming-trio-oc,10/05/2026 12:10:08
GearVN,Card màn hình MSI GeForce RTX 5070 Ti 16G MLG EDITION,0,32990000,https://gearvn.com/products/card-man-hinh-msi-geforce-rtx-5070-ti-16g-mlg-edition,10/05/2026 12:10:08
GearVN,Card màn hình ASUS ROG Astral GeForce RTX 5080 16GB GDDR7 Hatsune Miku Edition,0,54120000,https://gearvn.com/products/card-man-hinh-asus-rog-astral-geforce-rtx-5080-16gb-gddr7-hatsune-miku-edtion,10/05/2026 12:10:08
GearVN,Card màn hình MSI GeForce RTX 5070 Ti 16G GAMING TRIO OC White,33990000,32490000,https://gearvn.com/products/card-man-hinh-msi-geforce-rtx-5070-ti-16g-gaming-trio-oc-white,10/05/2026 12:10:08
GearVN,Card màn hình Gigabyte GeForce RTX 5060 Windforce OC 8GB,10990000,10490000,https://gearvn.com/products/card-man-hinh-gigabyte-geforce-rtx-5060-windforce-oc-8gb,10/05/2026 12:10:08
GearVN,Card màn hình Gigabyte GeForce RTX 5060 Windforce 8GB,0,9990000,https://gearvn.com/products/card-man-hinh-gigabyte-geforce-rtx-5060-windforce-8gb,10/05/2026 12:10:08
GearVN,Card màn hình GIGABYTE Radeon RX 9070 GAMING OC 16G (GV-R9070GAMING OC-16GD),22990000,19990000,https://gearvn.com/products/card-man-hinh-gigabyte-radeon-rx-9070-gaming-oc-16g-gv-r9070gaming-oc-16gd,10/05/2026 12:10:08
GearVN,Card màn hình ASUS Prime Radeon RX 9070 XT OC Edition 16GB GDDR6 (PRIME-RX9070XT-O16G),24990000,23490000,https://gearvn.com/products/card-man-hinh-asus-prime-radeon-rx-9070-xt-oc-edition-16gb,10/05/2026 12:10:08
GearVN,Card màn hình MSI GeForce RTX 3050 VENTUS 2X E 6G OC,5990000,4890000,https://gearvn.com/products/card-man-hinh-msi-geforce-rtx-3050-ventus-2x-e-6g-oc,10/05/2026 12:10:08
GearVN,Card màn hình MSI GeForce RTX 5090 32G VENTUS 3X OC,88990000,79990000,https://gearvn.com/products/card-man-hinh-msi-geforce-rtx-5090-32g-ventus-3x-oc-1,10/05/2026 12:10:08
GearVN,Card màn hình MSI GeForce RTX 4070 SUPER 12G GAMING SLIM WUKONG EDITION,0,20490000,https://gearvn.com/products/card-man-hinh-msi-geforce-rtx-4070-super-12g-gaming-slim-wukong-edition,10/05/2026 12:10:08
GearVN,Card màn hình ASUS TUF Gaming GeForce RTX 4090 24GB GDDR6X OG OC Edition (TUF-RTX4090-O24G-OG-GAMING),66990000,62990000,https://gearvn.com/products/card-man-hinh-asus-tuf-gaming-geforce-rtx-4090-24gb-og-oc,10/05/2026 12:10:08
GearVN,Card màn hình ASUS PRIME GeForce RTX 4060 Ti 8GB GDDR6 OC Edition (PRIME-RTX4060TI-O8G),0,12990000,https://gearvn.com/products/card-man-hinh-asus-prime-geforce-rtx-4060-ti-8gb-gddr6-oc-edition-prime-rtx4060ti-o8g,10/05/2026 12:10:08
GearVN,Card màn hình ASUS Dual GeForce RTX 4060 Ti EVO OC Edition 16GB GDDR6 (DUAL-RTX4060TI-O16G-EVO),15990000,14990000,https://gearvn.com/products/card-man-hinh-asus-dual-geforce-rtx-4060-ti-evo-oc-edition-16gb-gddr6-dual-rtx4060ti-o16g-evo,10/05/2026 12:10:08
GearVN,Card màn hình ASUS Dual Radeon RX 6600 V3 8GB GDDR6 (DUAL-RX6600-8G-V3),5990000,5490000,https://gearvn.com/products/card-man-hinh-asus-dual-radeon-rx-6600-v3-8gb,10/05/2026 12:10:08
GearVN,Card màn hình MSI GeForce RTX 4060 Ti VENTUS 3X E 8G OC,14990000,13990000,https://gearvn.com/products/card-man-hinh-msi-geforce-rtx-4060-ti-ventus-3x-e-8g-oc,10/05/2026 12:10:08
GearVN,Card màn hình ASUS TUF Gaming GeForce RTX 4070 Ti SUPER BTF White OC Edition 16GB GDDR6X (TUF-RTX4070TIS-O16G-BTF-WHITE),31990000,29490000,https://gearvn.com/products/card-man-hinh-asus-tuf-gaming-geforce-rtx-4070-ti-super-btf-white-oc-edition-16gb,10/05/2026 12:10:08
GearVN,Card màn hình GIGABYTE GeForce RTX 3050 WINDFORCE OC 6G (GV-N3050WF2OCV2-6GD),7490000,6790000,https://gearvn.com/products/card-man-hinh-gigabyte-geforce-rtx-3050-windforce-oc-6g,10/05/2026 12:10:08
GearVN,Card màn hình ASUS ProArt GeForce RTX 4070 Ti SUPER 16GB GDDR6X OC Edition (PROART-RTX4070TIS-O16G),29990000,29190000,https://gearvn.com/products/card-man-hinh-asus-proart-geforce-rtx-4070-ti-super-16gb-gddr6x-oc-edition-proart-rtx4070tis-o16g,10/05/2026 12:10:08
GearVN,Card màn hình GIGABYTE GeForce RTX 3050 EAGLE OC 6G (GV-N3050EAGLE OC-6GD),5990000,5090000,https://gearvn.com/products/card-man-hinh-gigabyte-geforce-rtx-3050-eagle-oc-6g-gv-n3050eagle-oc-6gd,10/05/2026 12:10:08
GearVN,Card màn hình MSI GeForce RTX 4070 VENTUS 3X E 12G OC,18990000,17390000,https://gearvn.com/products/card-man-hinh-msi-geforce-rtx-4070-ventus-3x-e-12g-oc,10/05/2026 12:10:08
GearVN,Card màn hình GIGABYTE GeForce RTX 4070 Ti GAMING OC V2 12GB (GV-N407TGAMING OCV2-12GD),0,27990000,https://gearvn.com/products/card-man-hinh-gigabyte-geforce-rtx-4070-ti-gaming-oc-v2-12gb-gv-n407tgaming-ocv2-12gd,10/05/2026 12:10:08
GearVN,Card màn hình MSI GeForce RTX 4070 SUPER 12G VENTUS 2X OC,0,19490000,https://gearvn.com/products/card-man-hinh-msi-geforce-rtx-4070-super-12g-ventus-2x-oc,10/05/2026 12:10:08
GearVN,Card màn hình GIGABYTE GeForce RTX 4070 SUPER EAGLE OC 12G (GV-N407SEAGLE OC-12GD),0,21490000,https://gearvn.com/products/card-man-hinh-gigabyte-geforce-rtx-4070-super-eagle-oc-12g,10/05/2026 12:10:08
GearVN,Card màn hình GIGABYTE GeForce RTX 4090 WINDFORCE V2 24G (GV-N4090WF3V2-24GD),0,59990000,https://gearvn.com/products/card-man-hinh-gigabyte-geforce-rtx-4090-windforce-v2-24g-gv-n4090wf3v2-24gd,10/05/2026 12:10:08
GearVN,Card màn hình MSI GeForce RTX 4070 GAMING X SLIM 12G,20990000,17990000,https://gearvn.com/products/card-man-hinh-msi-geforce-rtx-4070-gaming-x-slim-12g,10/05/2026 12:10:08
GearVN,Card màn hình MSI GeForce RTX 4070 Ti GAMING X SLIM 12G,27990000,24990000,https://gearvn.com/products/card-man-hinh-msi-geforce-rtx-4070-ti-gaming-x-slim-12g,10/05/2026 12:10:08
GearVN,Card màn hình Colorful GeForce GTX 1660 SUPER NB 6G V2-V,5690000,5190000,https://gearvn.com/products/card-man-hinh-colorful-geforce-gtx-1660-super-nb-6g-v2-v,10/05/2026 12:10:08
GearVN,Card màn hình Colorful GeForce GTX 1650 EX 4GD6-V,4490000,3790000,https://gearvn.com/products/card-man-hinh-colorful-geforce-gtx-1650-ex-4gd6-v,10/05/2026 12:10:08
GearVN,Card màn hình GIGABYTE GeForce RTX 4070 AERO OC V2 12GB (GV-N4070AERO OCV2-12GD),0,19290000,https://gearvn.com/products/card-man-hinh-gigabyte-geforce-rtx-4070-aero-oc-v2-12gb-gv-n4070aero-ocv2-12gd,10/05/2026 12:10:08
GearVN,Card màn hình Colorful GeForce RTX 4070 Ti NB EX-V 12GB 3 Fan,22190000,19990000,https://gearvn.com/products/card-man-hinh-colorful-geforce-rtx-4070-ti-nb-ex-v-12gb-3-fan,10/05/2026 12:10:08
GearVN,Card màn hình GIGABYTE GeForce RTX 4060 WINDFORCE OC 8G,9490000,9290000,https://gearvn.com/products/card-man-hinh-gigabyte-geforce-rtx-4060-windforce-oc-8g,10/05/2026 12:10:08
GearVN,Card màn hình ASUS Dual GeForce GTX 1650 4GB GDDR6 EVO (DUAL-GTX1650-4GD6-P-EVO),4990000,3690000,https://gearvn.com/products/card-man-hinh-asus-dual-geforce-gtx-1650-4gb-evo,10/05/2026 12:10:08
GearVN,Card màn hình GIGABYTE GeForce RTX 4060 Ti AERO OC 16G (GV-N406TAERO OC-16GD),0,15990000,https://gearvn.com/products/card-man-hinh-gigabyte-geforce-rtx-4060-ti-aero-oc-16g-gv-n406taero-oc-16gd,10/05/2026 12:10:08
GearVN,Card màn hình MSI GeForce GTX 1650 4GB D6 VENTUS XS OCV3,4190000,3790000,https://gearvn.com/products/card-man-hinh-msi-geforce-gtx-1650-d6-ventus-xs-ocv3,10/05/2026 12:10:08
GearVN,Card màn hình ASUS TUF Gaming GeForce GTX 1650 V2 OC Edition 4GB GDDR6 (TUF-GTX1650-O4GD6-P-V2-GAMING),5990000,3890000,https://gearvn.com/products/card-man-hinh-asus-tuf-gaming-geforce-gtx-1650-v2-oc-edition-4gb-gddr6-tuf-gtx1650-o4gd6-p-v2-gaming,10/05/2026 12:10:08
GearVN,Card màn hình ASUS ProArt GeForce RTX 4060 OC edition 8GB (PROART-RTX4060-O8G),11990000,10990000,https://gearvn.com/products/card-man-hinh-asusproart-geforce-rtx-4060-oc-edition-8gb-gddr6-proart-rtx4060-o8g,10/05/2026 12:10:08
GearVN,Card màn hình ASUS ROG Strix GeForce RTX 4090 24GB GDDR6X OC EVA-02 Edition,0,61990000,https://gearvn.com/products/card-man-hinh-asus-rog-strix-geforce-rtx-4090-24gb-gddr6x-oc-eva-02-edition,10/05/2026 12:10:08
GearVN,Card màn hình MSI GeForce RTX 4070 GAMING X SLIM WHITE 12G,0,19390000,https://gearvn.com/products/card-man-hinh-msi-geforce-rtx-4070-gaming-x-slim-white-12g,10/05/2026 12:10:08
GearVN,Card màn hình ASUS ROG Matrix GeForce RTX 4090 Platinum 24GB GDDR6X,107000000,98990000,https://gearvn.com/products/card-man-hinh-asus-rog-matrix-geforce-rtx-4090-platinum-24gb-gddr6x,10/05/2026 12:10:08
GearVN,Card màn hình ASUS ProArt GeForce RTX 4060 Ti OC edition 16GB (PROART-RTX4060TI-O16G),15990000,15490000,https://gearvn.com/products/card-man-hinh-asus-proart-geforce-rtx-4060-ti-oc-edition-16gb-proart-rtx4060ti-o16g,10/05/2026 12:10:08
GearVN,Card màn hình GIGABYTE GeForce RTX 3050 WINDFORCE 8G (GV-N3050WF2-8GD),6490000,5790000,https://gearvn.com/products/card-man-hinh-gigabyte-geforce-rtx-3050-windforce-8g,10/05/2026 12:10:08
GearVN,Card màn hình ASUS ROG Strix LC GeForce RTX 4090 24GB GDDR6X OC Edition (ROG-STRIX-LC-RTX4090-O24G),60990000,59990000,https://gearvn.com/products/card-man-hinh-asus-rog-strix-lc-geforce-rtx-4090-24gb-gddr6x-oc-edition-rog-strix-lc-rtx4090-o24g,10/05/2026 12:10:08
GearVN,Card màn hình GIGABYTE GeForce RTX 4060 EAGLE OC 8G,9990000,9390000,https://gearvn.com/products/card-man-hinh-gigabyte-geforce-rtx-4060-eagle-oc-8g,10/05/2026 12:10:08
GearVN,Card màn hình GIGABYTE GeForce RTX 4060 AERO OC 8G,11990000,10990000,https://gearvn.com/products/card-man-hinh-gigabyte-geforce-rtx-4060-aero-oc-8g,10/05/2026 12:10:08
GearVN,Card màn hình MSI GeForce GTX 1650 Ventus XS 4GB OC V1 D6,3990000,3790000,https://gearvn.com/products/card-man-hinh-msi-geforce-gtx-1650-ventus-xs-4gb-oc-v1-d6,10/05/2026 12:10:08
GearVN,Card màn hình INNO3D GeForce GTX 1660 Super Twin 2X 6GB DDR6 (N166S2-06D6),0,12990000,https://gearvn.com/products/inno3d-geforce-gtx-1660-super-twin-x2-6gb,10/05/2026 12:10:08
GearVN,Card màn hình GIGABYTE GeForce GTX 1660 Super Gaming 6G (GV-N166SGAMING-6GD),0,14490000,https://gearvn.com/products/gigabyte-geforce-gtx-1660-super-gaming-6g-gddr6,10/05/2026 12:10:08
GearVN,Card màn hình ASUS TUF Gaming GeForce GTX 1660 Super 6GB GDDR6 (TUF-GTX1660S-6G-GAMING),0,5090000,https://gearvn.com/products/asus-tuf-gaming-geforce-gtx-1660-super-6gb-gddr6,10/05/2026 12:10:08
GearVN,Card màn hình ASUS TUF Gaming GeForce GTX 1650 4GB D6 (TUF-GTX1650-4GD6-GAMING),7990000,4390000,https://gearvn.com/products/asus-tuf-gaming-geforce-gtx-1650-4gb-gddr6,10/05/2026 12:10:08
GearVN,Card màn hình ASUS TUF Gaming X3 GeForce GTX 1660 Super 6GB (TUF-3-GTX1660S-6G-GAMING),0,5690000,https://gearvn.com/products/vga-asus-tuf3-gtx-1660-super-6gb-gaming,10/05/2026 12:10:08
GearVN,Card màn hình MSI GeForce RTX 3060 Ti Ventus 3X 8G OC (LHR),18490000,12200000,https://gearvn.com/products/msi-geforce-rtx-3060-ti-ventus-3x-oc,10/05/2026 12:10:08
GearVN,Card màn hình MSI GeForce RTX 3060 Ti Ventus 3X 8G (LHR),17990000,13790000,https://gearvn.com/products/msi-geforce-rtx-3060-ti-ventus-3x,10/05/2026 12:10:08
GearVN,Card màn hình MSI GeForce RTX 3060 Ti Ventus 2X 8G OC (LHR),16990000,13490000,https://gearvn.com/products/msi-geforce-rtx-3060-ti-ventus-2x-oc,10/05/2026 12:10:08
GearVN,Card màn hình MSI GeForce RTX 3060 Gaming X Trio 12G (LHR),0,100000000,https://gearvn.com/products/msi-geforce-rtx-3060-ti-gaming-x-trio,10/05/2026 12:10:08
GearVN,Card màn hình MSI GeForce GTX 1660 Super Ventus OC 6GB,0,13990000,https://gearvn.com/products/msi-geforce-gtx-1660-super-ventus-oc-6gb,10/05/2026 12:10:08
GearVN,Card màn hình MSI GeForce GTX 1660 Super Gaming Z 6GB Plus,0,14990000,https://gearvn.com/products/msi-geforce-gtx-1660-super-gaming-z-plus,10/05/2026 12:10:08
GearVN,Card màn hình GIGABYTE GeForce RTX 3060 Ti GAMING OC 8G (GV-N306TGAMING-OC-8GD),17990000,11990000,https://gearvn.com/products/gigabyte-geforce-rtx-3060-ti-gaming-oc-8g,10/05/2026 12:10:08
GearVN,Card màn hình GIGABYTE GeForce RTX 3060 Ti EAGLE OC 8G (GV-N306TEAGLE-OC-8GD),11490000,10690000,https://gearvn.com/products/gigabyte-geforce-rtx-3060-ti-eagle-oc-8g,10/05/2026 12:10:08
GearVN,Card màn hình GIGABYTE AORUS GeForce RTX 3060 Ti Master 8G (GV-N306TAORUS-M-8GD),19990000,15990000,https://gearvn.com/products/card-man-hinh-aorus-geforce-rtx-3060-ti-master-8g,10/05/2026 12:10:08
GearVN,Card màn hình GIGABYTE GeForce RTX 3060 Ti GAMING OC PRO 8G (GV-N306TGAMINGOC-PRO-8GD),18990000,14990000,https://gearvn.com/products/card-man-hinh-aorus-geforce-rtx-3060-ti-gaming-oc-pro-8g,10/05/2026 12:10:08
GearVN,Card màn hình ASUS ROG Strix GeForce RTX 3060 Ti Gaming OC Edition 8GB V2 (ROG-STRIX-RTX3060TI-O8G-V2-GAMING),17990000,12990000,https://gearvn.com/products/asus-rog-strix-geforce-rtx-3060-ti-oc,10/05/2026 12:10:08
GearVN,Card màn hình ASUS ROG Strix GeForce RTX 3060 Ti Gaming 8GB V2 (ROG-STRIX-RTX3060TI-8G-V2-GAMING),15490000,14990000,https://gearvn.com/products/asus-rog-strix-geforce-rtx-3060-ti,10/05/2026 12:10:08
GearVN,Card màn hình ASUS KO GeForce RTX 3060 Ti OC Edition 8GB V2 (KO-RTX3060TI-O8G-V2-GAMING),0,13990000,https://gearvn.com/products/asus-ko-geforce-rtx-3060-ti-oc,10/05/2026 12:10:08
GearVN,Card màn hình ASUS KO GeForce RTX 3060 Ti 8GB V2 (KO-RTX3060TI-8G-V2-GAMING),0,13690000,https://gearvn.com/products/asus-ko-geforce-rtx-3060-ti,10/05/2026 12:10:08
GearVN,Card màn hình ASUS Dual GeForce RTX 3060 Ti OC Edition 8GB V2 (DUAL-RTX3060TI-O8G-V2),15490000,10990000,https://gearvn.com/products/asus-dual-geforce-rtx-3060-ti-oc,10/05/2026 12:10:08
GearVN,Card màn hình ASUS Dual GeForce RTX 3060 Ti 8GB V2 (DUAL-RTX3060TI-8G-V2),14990000,12990000,https://gearvn.com/products/asus-dual-geforce-rtx-3060-ti,10/05/2026 12:10:08
GearVN,Card màn hình GIGABYTE GeForce RTX 3060 GAMING OC 12G (LHR) (GV-N3060GAMING-OC-12GD),9990000,8090000,https://gearvn.com/products/gigabyte-geforce-rtx-3060-gaming-oc-12g,10/05/2026 12:10:08
GearVN,Card màn hình GIGABYTE GeForce RTX 2060 D6 6G (GV-N2060D6-6GD),9990000,6290000,https://gearvn.com/products/gigabyte-geforce-rtx-2060-d6-6g,10/05/2026 12:10:08
GearVN,Card màn hình ASUS TUF Gaming GeForce GTX 1650 OC 4GB D6 (TUF-GTX1650-O4GD6-GAMING),0,4490000,https://gearvn.com/products/asus-tuf-gaming-geforce-gtx-1650-oc-edition-4gb-gddr6,10/05/2026 12:10:08
GearVN,Card màn hình ASUS Phoenix GeForce GTX 1660 6GB,10990000,10690000,https://gearvn.com/products/asus-phoenix-geforce-gtx-1660-6gb-gddr5,10/05/2026 12:10:08
GearVN,Card màn hình ASUS TUF Gaming X3 GeForce GTX 1660 Super ZAKU II EDITION 6GB,0,10690000,https://gearvn.com/products/asus-gaming-geforce-gtx-1660-super-tuf-3-fan-zaku-a6g,10/05/2026 12:10:08
GearVN,Card màn hình MSI GeForce GTX 1650 D6 Ventus XS 4GB,6990000,3890000,https://gearvn.com/products/msi-geforce-gtx-1650-d6-ventus-xs-oc-4gb,10/05/2026 12:10:08
GearVN,Card màn hình MSI GeForce GTX 1650 D6 Gaming X 4GB,8490000,7690000,https://gearvn.com/products/msi-geforce-gtx-1650-d6-gaming-x,10/05/2026 12:10:08
GearVN,Card màn hình MSI GeForce GTX 1650 D6 Aero ITX 4G OC,0,6990000,https://gearvn.com/products/msi-geforce-gtx-1650-d6-aero-itx-oc,10/05/2026 12:10:08
GearVN,Card màn hình Leadtek WinFast GTX 1660 Super Hurricane 6G,14990000,7890000,https://gearvn.com/products/leadtek-winfast-gtx-1660-super-hurricane-6g,10/05/2026 12:10:08
GearVN,Card màn hình GIGABYTE GeForce GTX 1650 D6 WINDFORCE 4G (GV-N1656WF2-4GD),0,7390000,https://gearvn.com/products/gigabyte-gtx-1650-d6-windforce-4gb,10/05/2026 12:10:08
GearVN,Card màn hình GIGABYTE GeForce GTX 1660 Super Mini ITX OC 6G (GV-N166SIXOC-6GD),0,13290000,https://gearvn.com/products/gigabyte-geforce-gtx-1660-super-mini-itx-oc-6g,10/05/2026 12:10:08
GearVN,Card màn hình MSI GeForce GTX 1650 D6 Ventus XS 4GB OC V2,7490000,6990000,https://gearvn.com/products/msi-geforce-gtx-1650-d6-ventus-xs-ocv2-4gb,10/05/2026 12:10:08
GearVN,Card màn hình ASUS Phoenix GeForce GTX 1660 Super OC edition 6GB (PH-GTX1660S-O6G),0,13290000,https://gearvn.com/products/asus-phoenix-geforce-gtx-1660-super-oc-edition-6gb-gddr6,10/05/2026 12:10:08
GearVN,Card màn hình ASUS Phoenix GeForce GTX 1650 OC 4GB GDDR6 (PH-GTX1650-O4GD6),7690000,6990000,https://gearvn.com/products/asus-phoenix-geforce-gtx-1650-oc-edition-4gb-gddr6,10/05/2026 12:10:08
GearVN,Card màn hình ASUS Phoenix GeForce GTX 1650 OC 4GB GDDR5 (PH-GTX1650-O4G),0,6990000,https://gearvn.com/products/asus-phoenix-geforce-gtx-1650-oc-edition-4gb-gddr5,10/05/2026 12:10:08
GearVN,Card màn hình ASUS Dual GeForce RTX 2060 OC EVO 6GB GDDR6 (DUAL-RTX2060-O6G-EVO),9990000,6590000,https://gearvn.com/products/asus-dual-geforce-rtx-2060-oc-edition-evo-6gb-gddr6,10/05/2026 12:10:08
GearVN,Card màn hình Leadtek WinFast GeForce GTX 1650 D6 4G,0,6990000,https://gearvn.com/products/leadtek-winfast-gtx-1650-d6-4g,10/05/2026 12:10:08
GearVN,Card màn hình INNO3D GeForce GTX 1650 Twin X2 OC,7490000,6990000,https://gearvn.com/products/inno3d-geforce-gtx-1650-gddr6-twin-x2-oc,10/05/2026 12:10:08
GearVN,Card màn hình GIGABYTE GeForce RTX 3060 Ti EAGLE 8G (GV-N306TEAGLE-8GD),15990000,10490000,https://gearvn.com/products/gigabyte-geforce-rtx-3060-ti-eagle-8g-rev-2-0-lhr,10/05/2026 12:10:08
GearVN,Card màn hình GIGABYTE GeForce GTX 1650 D6 OC Low Profile 4G (GV-N1656OC-4GL),7690000,6990000,https://gearvn.com/products/gigabyte-geforce-gtx-1650-d6-oc-low-profile-4g,10/05/2026 12:10:08
GearVN,Card Màn Hình Gigabyte Aorus GeForce RTX 3080 Ti Master 12G (GV-N308TAORUS-M-12GD),46990000,29990000,https://gearvn.com/products/gigabyte-aorus-geforce-rtx-3080-ti-master-12g,10/05/2026 12:10:08
GearVN,Card màn hình ASUS TUF Gaming GeForce RTX 3060 Ti OC Edition 8GB V2 (TUF-RTX3060TI-O8G-V2-GAMING),14990000,11990000,https://gearvn.com/products/asus-tuf-gaming-geforce-rtx-3060-ti-v2-o8g-gddr6-lhr,10/05/2026 12:10:08
GearVN,Card Màn Hình Asus Rog Strix GeForce RTX 3080 Ti Gaming OC Edition 12GB (Rog-STRIX-RTX3080TI-O12G-GAMING),50990000,30990000,https://gearvn.com/products/asus-rog-strix-geforce-rtx-3080-ti-o12g-gddr6x,10/05/2026 12:10:08
GearVN,Card Màn Hình Asus Rog Strix GeForce RTX 3080 Ti Gaming 12GB (Rog-STRIX-RTX3080TI-12G-GAMING),34990000,29990000,https://gearvn.com/products/asus-rog-strix-geforce-rtx-3080-ti-12g-gddr6x,10/05/2026 12:10:08
GearVN,Card màn hình ASUS Dual GeForce RTX 2060 EVO 6GB GDDR6 (DUAL-RTX2060-6G-EVO),9490000,6290000,https://gearvn.com/products/asus-dual-geforce-rtx-2060-evo-6gb-gddr6,10/05/2026 12:10:08
GearVN,Card Màn Hình MSI GeForce GTX 1660 Ventus XS 6G OC,13290000,12490000,https://gearvn.com/products/msi-gtx-1660-ventus-xs-6g-oc-gddr5,10/05/2026 12:10:08
GearVN,Card màn hình MSI RTX 2060 Ventus 6G OC GDDR6,0,10490000,https://gearvn.com/products/msi-geforce-rtx-2060-ventus-6g-oc-gddr6,10/05/2026 12:10:08
GearVN,Card màn hình MSI GeForce RTX 2060 Gaming Z 6G GDDR6,0,14990000,https://gearvn.com/products/msi-geforce-rtx-2060-gaming-z-6g-gddr6,10/05/2026 12:10:08
GearVN,Card màn hình GIGABYTE GeForce RTX 2060 OC 6G (GV-N2060OC-6GD),0,8350000,https://gearvn.com/products/gigabyte-geforce-rtx-2060-oc-6g,10/05/2026 12:10:08
GearVN,Card màn hình GIGABYTE GeForce RTX 2060 GAMING OC 6G,0,10800000,https://gearvn.com/products/gigabyte-geforce-rtx-2060-gaming-oc-6g,10/05/2026 12:10:08
GearVN,Card màn hình GIGABYTE Aorus RTX 2060 Xtreme 6G GDDR6,0,10990000,https://gearvn.com/products/gigabyte-aorus-geforce-rtx-2060-xtreme-6g,10/05/2026 12:10:08
GearVN,Card màn hình EVGA GeForce RTX 2060 XC Ultra Gaming 6GB,0,11990000,https://gearvn.com/products/evga-geforce-rtx-2060-xc-ultra-gaming-6gb-gddr6,10/05/2026 12:10:08
GearVN,Card màn hình ASUS Dual GeForce RTX 2060 OC Edition 6GB GDDR6,0,12990000,https://gearvn.com/products/asus-dual-geforce-rtx-2060-oc-edition-6gb-gddr6,10/05/2026 12:10:08
GearVN,Card màn hình ASUS Dual GeForce RTX 2060 ADVANCED 6GB GDDR6,0,10100000,https://gearvn.com/products/asus-dual-geforce-rtx-2060-advanced-edition-6gb-gddr6,10/05/2026 12:10:08
GearVN,Card màn hình Palit GeForce GTX 1650 GP 4GB D6,7690000,5990000,https://gearvn.com/products/palit-geforce-gtx-1650-gp-4gb-gddr6,10/05/2026 12:10:08
GearVN,Card màn hình MSI GeForce RTX 3060 Ti Ventus 2X 8G OCV1 (LHR),16990000,13190000,https://gearvn.com/products/msi-geforce-rtx-3060-ti-ventus-2x-8g-ocv1-lhr,10/05/2026 12:10:08
GearVN,Card màn hình MSI GeForce RTX 3060 Ti Gaming X 8G (LHR),18990000,11990000,https://gearvn.com/products/msi-geforce-rtx-3060-ti-gaming-x-lhr,10/05/2026 12:10:08
GearVN,Card màn hình Manli GeForce GTX 1650 4GB GDDR6,7490000,4990000,https://gearvn.com/products/manli-geforce-gtx-1650-4gb-gddr6,10/05/2026 12:10:08
GearVN,Card màn hình GIGABYTE Radeon RX 6600 EAGLE 8G (GV-R66EAGLE-8GD),6990000,5590000,https://gearvn.com/products/gigabyte-radeon-rx-6600-eagle-8g,10/05/2026 12:10:08
GearVN,Card màn hình GIGABYTE GeForce GTX 1650 Mini ITX 4G (GV-N1650IX-4GD),0,6690000,https://gearvn.com/products/gigabyte-geforce-gtx-1650-mini-itx-4g,10/05/2026 12:10:08
GearVN,Card màn hình GIGABYTE GeForce GTX 1650 D6 4G 1 Fan (GV-N1656D6-4GD),7890000,7290000,https://gearvn.com/products/gigabyte-geforce-gtx-1650-d6-4g,10/05/2026 12:10:08
GearVN,Card màn hình GIGABYTE AORUS GeForce RTX 3060 Ti Elite 8G (GV-N306TAORUS-E-8GD),19990000,14490000,https://gearvn.com/products/gigabyte-aorus-geforce-rtx-3060-ti-elite-8g-rev-2-0,10/05/2026 12:10:08
GearVN,Card màn hình ASUS Phoenix GeForce GTX 1650 4GB GDDR6 (PH-GTX1650-4GD6),7490000,6890000,https://gearvn.com/products/asus-phoenix-geforce-gtx-1650-4gb-gddr6-ph-gtx1650-4gd6,10/05/2026 12:10:08
GearVN,Card màn hình ASUS Dual GeForce RTX 3060 Ti Mini OC Edition 8GB V2 (DUAL-RTX3060TI-O8G-MINI-V2),14990000,12990000,https://gearvn.com/products/asus-dual-geforce-rtx-3060-ti-v2-mini-oc-edition-8gb-gddr6-lhr,10/05/2026 12:10:08
GearVN,Card màn hình ASUS Dual GeForce RTX 3060 Ti Mini 8GB V2 (DUAL-RTX3060TI-8G-MINI-V2),14490000,12490000,https://gearvn.com/products/asus-dual-geforce-rtx-3060-ti-v2-mini-8gb-gddr6-lhr,10/05/2026 12:10:08
GearVN,Card màn hình Palit GeForce GTX 1650 StormX 4G GDDR5,7490000,6390000,https://gearvn.com/products/palit-geforce-gtx-1650-stormx-gddr5,10/05/2026 12:10:08
GearVN,Card màn hình MSI GeForce GTX 1650 4GT Low Profile,7690000,7290000,https://gearvn.com/products/msi-geforce-gtx-1650-4gt-low-profile,10/05/2026 12:10:08
GearVN,Card màn hình GIGABYTE GeForce RTX 2060 WINDFORCE OC 12G (GV-N2060WF2OC-12GD),12990000,9990000,https://gearvn.com/products/gigabyte-geforce-rtx-2060-windforce-oc-12g,10/05/2026 12:10:08
GearVN,Card màn hình GIGABYTE GeForce RTX 2060 D6 12G,0,16790000,https://gearvn.com/products/gigabyte-geforce-rtx-2060-d6-12g,10/05/2026 12:10:08
GearVN,Card Màn Hình Asus Tuf Gaming GeForce GTX 1660 Ti EVO OC 6GB (Tuf-GTX1660TI-O6G-EVO-GAMING),9490000,5990000,https://gearvn.com/products/asus-tuf-gaming-geforce-gtx-1660-ti-evo-oc-edition-6gb,10/05/2026 12:10:08
GearVN,Card màn hình ASUS GeForce GT 730 2G (SL-2GD5-BRK),1990000,1550000,https://gearvn.com/products/asus-geforce-gt-730-2gb-gt730-sl-2gd5-brk,10/05/2026 12:10:08
GearVN,Card màn hình MSI GTX 1650 VENTUS XS 4GB,7490000,6790000,https://gearvn.com/products/geforce-gtx-1650-ventus-xs-4g,10/05/2026 12:10:08
GearVN,Card màn hình ASUS TUF Gaming GeForce GTX 1660 Super OC Edition 6GB GDDR6 (TUF-GTX1660S-O6G-GAMING),5390000,5190000,https://gearvn.com/products/asus-tuf-gaming-geforce-gtx-1660-super-oc-edition-6gb-gddr6,10/05/2026 12:10:08
GearVN,Card màn hình MSI GeForce RTX 3060 Ventus 2X 12G (LHR),0,100000000,https://gearvn.com/products/msi-geforce-rtx-3060-ti-ventus-2x,10/05/2026 12:10:08
GearVN,Card màn hình GIGABYTE GeForce RTX 3050 EAGLE OC 8G (GV-N3050EAGLE-OC-8GD),6990000,5990000,https://gearvn.com/products/gigabyte-geforce-rtx-3050-eagle-oc-8g,10/05/2026 12:10:08
GearVN,Card màn hình ASUS Dual GeForce RTX 3050 V2 8GB (DUAL-RTX3050-8G-V2),6790000,5890000,https://gearvn.com/products/asus-dual-geforce-rtx-3050-8gb-v2,10/05/2026 12:10:08
GearVN,Card màn hình ASUS Dual GeForce RTX 2060 EVO OC 12GB GDDR6 (DUAL-RTX2060-O12G-EVO),16990000,13990000,https://gearvn.com/products/asus-dual-geforce-rtx-2060-evo-oc-12gb,10/05/2026 12:10:08
GearVN,Card màn hình MSI GeForce GTX 1650 D6 Ventus XS 4GB OC,7990000,4190000,https://gearvn.com/products/msi-gtx-1650-ventus-xs-4gb-gddr6,10/05/2026 12:10:08
GearVN,Card màn hình GIGABYTE GeForce GTX 1650 D6 WINDFORCE OC 4G (GV-N1656WF2OC-4GD),4190000,3890000,https://gearvn.com/products/gigabyte-gtx-1650-winforce-oc-4gb-gddr6,10/05/2026 12:10:08
GearVN,Card màn hình GIGABYTE GeForce GTX 1650 D6 OC 4G 1 Fan (GV-N1656OC-4GD),7990000,7390000,https://gearvn.com/products/gigabyte-gtx-1650-oc-4gb-gddr6,10/05/2026 12:10:08
GearVN,Card màn hình ASUS ROG Strix GeForce GTX 1650 OC 4G GDDR5,5500000,4290000,https://gearvn.com/products/rog-strix-geforce-gtx-1650-oc-edition-4gb-gddr5,10/05/2026 12:10:08
GearVN,Card màn hình ASUS ROG Strix GeForce GTX 1650 Advanced Edition 4GB GDDR5,0,4770000,https://gearvn.com/products/rog-strix-geforce-gtx-1650-advanced-edition-4gb-gddr5,10/05/2026 12:10:08
GearVN,Card màn hình MSI GeForce GTX 1650 Ventus XS 4GB OC GDDR5,0,5290000,https://gearvn.com/products/msi-gtx-1650-ventus-xs-4g-oc-gddr5,10/05/2026 12:10:08
GearVN,Card màn hình MSI GeForce RTX 2060 Ventus XS 6G OC,0,8690000,https://gearvn.com/products/msi-geforce-rtx-2060-ventus-xs-6g-oc-gddr6,10/05/2026 12:10:08
GearVN,Card màn hình Palit GeForce GT 730 2G,1290000,1190000,https://gearvn.com/products/palit-geforce-gt-730-2g,10/05/2026 12:10:08
GearVN,Card màn hình GIGABYTE GeForce GTX 1650 WINDFORCE OC 4GB GDDR5,5090000,4790000,https://gearvn.com/products/gigabyte-geforce-gtx-1650-windforce-oc-4g,10/05/2026 12:10:08
GearVN,Card màn hình GIGABYTE GeForce GTX 1650 OC 4G (GV-N1650OC-4GD),7890000,4290000,https://gearvn.com/products/gigabyte-geforce-gtx-1650-oc-4g,10/05/2026 12:10:08
GearVN,Card màn hình GIGABYTE GeForce GTX 1650 Mini ITX OC 4G (GV-N1650IXOC-4GD),7490000,4890000,https://gearvn.com/products/gigabyte-geforce-gtx-1650-ixoc-4g,10/05/2026 12:10:08
GearVN,Card màn hình GIGABYTE GeForce GTX 1650 GAMING OC 4G 2 Fan (GV-N1650GAMING-OC-4GD),0,7090000,https://gearvn.com/products/gigabyte-geforce-gtx-1650-gaming-oc-4g,10/05/2026 12:10:08
GearVN,ASUS Phoenix GeForce GTX 1660 OC 6GB,11290000,10890000,https://gearvn.com/products/asus-phoenix-gtx-1660-oc-edition-6gb-gddr5,10/05/2026 12:10:08
GearVN,Card màn hình ASUS Dual GeForce GTX 1650 OC 4GB (DUAL-GTX1650-O4G),7490000,6690000,https://gearvn.com/products/asus-geforce-gtx-1650-4gb-dual-oc,10/05/2026 12:10:08
GearVN,Card màn hình ASUS Dual GeForce GTX 1650 V2 4GB GDDR6 (DUAL-GTX1650-4GD6-P-V2),4190000,3890000,https://gearvn.com/products/asus-dual-geforce-gtx-1650-v2-4gb-gddr6,10/05/2026 12:10:08
GearVN,Card màn hình MSI GeForce RTX 2060 Ventus XS 6G OCV1 GDDR6,0,13990000,https://gearvn.com/products/msi-geforce-rtx-2060-ventus-xs-6g-ocv1-gddr6,10/05/2026 12:10:08
GearVN,Card màn hình GIGABYTE GeForce RTX 2060 GAMING OC PRO 6G,0,10990000,https://gearvn.com/products/gigabyte-geforce-rtx-2060-gaming-oc-pro-6g-1,10/05/2026 12:10:08
GearVN,Card màn hình GIGABYTE GeForce GTX 1660 Super OC 6G (GV-N166SOC-6GD),7990000,5190000,https://gearvn.com/products/geforce-gtx-1660-super-oc-6g,10/05/2026 12:10:08
GearVN,Card màn hình ASUS TUF GAMING GeForce GTX 1650 4GB,4290000,3990000,https://gearvn.com/products/asus-tuf-gaming-geforce-gtx-1650-4gb,10/05/2026 12:10:08
GearVN,Card màn hình MSI GeForce RTX 4090 SUPRIM X 24G,59990000,55990000,https://gearvn.com/products/msi-geforce-rtx-4090-suprim-x-24g,10/05/2026 12:10:08
GearVN,Card màn hình MSI GeForce RTX 4090 SUPRIM LIQUID X 24G,0,56990000,https://gearvn.com/products/msi-geforce-rtx-4090-suprim-liquid-x-24g,10/05/2026 12:10:08
GearVN,Card màn hình MSI GeForce RTX 4090 SUPRIM LIQUID 24G,0,55990000,https://gearvn.com/products/msi-geforce-rtx-4090-suprim-liquid-24g,10/05/2026 12:10:08
GearVN,Card màn hình MSI GeForce RTX 4090 SUPRIM 24G,0,54990000,https://gearvn.com/products/msi-geforce-rtx-4090-suprim-24g,10/05/2026 12:10:08
GearVN,Card màn hình MSI GeForce RTX 4090 GAMING X TRIO 24G,0,53990000,https://gearvn.com/products/msi-geforce-rtx-4090-gaming-x-trio-24g,10/05/2026 12:10:08
GearVN,Card màn hình MSI GeForce RTX 4090 GAMING TRIO 24G,0,54990000,https://gearvn.com/products/msi-geforce-rtx-4090-gaming-trio-24g,10/05/2026 12:10:08
GearVN,Card màn hình GIGABYTE GeForce RTX 4090 WINDFORCE 24G (GV-N4090WF3-24GD),0,47990000,https://gearvn.com/products/gigabyte-geforce-rtx-4090-windforce-24g,10/05/2026 12:10:08
GearVN,Card màn hình GIGABYTE GeForce RTX 4090 GAMING OC 24G (GV-N4090GAMING OC-24GD),0,60990000,https://gearvn.com/products/gigabyte-geforce-rtx-4090-gaming-oc-24g,10/05/2026 12:10:08
GearVN,Card màn hình GIGABYTE AORUS GeForce RTX 4090 XTREME WATERFORCE 24G (GV-N4090AORUSX W-24GD),0,56990000,https://gearvn.com/products/gigabyte-aorus-geforce-rtx-4090-xtreme-waterforce-24g,10/05/2026 12:10:08
GearVN,Card màn hình GIGABYTE AORUS GeForce RTX 4090 MASTER 24G (GV-N4090AORUS M-24GD),69900000,62990000,https://gearvn.com/products/gigabyte-aorus-geforce-rtx-4090-master-24g,10/05/2026 12:10:08
GearVN,Card màn hình ASUS TUF Gaming GeForce RTX 4090 OC Edition 24GB (TUF-RTX4090-O24G-GAMING),65990000,62990000,https://gearvn.com/products/asus-tuf-gaming-geforce-rtx-4090-oc-edition-24gb-gddr6x,10/05/2026 12:10:08
GearVN,Card màn hình ASUS TUF Gaming GeForce RTX 4090 24GB (TUF-RTX4090-24G-GAMING),65990000,58490000,https://gearvn.com/products/asus-tuf-gaming-geforce-rtx-4090-24gb-gddr6x,10/05/2026 12:10:08
GearVN,Card màn hình ASUS ROG Strix GeForce RTX 4090 OC Edition 24GB (ROG-STRIX-RTX4090-O24G-GAMING),0,66990000,https://gearvn.com/products/asus-rog-strix-geforce-rtx-4090-oc-edition-24gb-gddr6x,10/05/2026 12:10:08
GearVN,Card màn hình ASUS ROG Strix GeForce RTX 4090 24GB (ROG-STRIX-RTX4090-24G-GAMING),65990000,62990000,https://gearvn.com/products/asus-rog-strix-geforce-rtx-4090-24gb-gddr6x,10/05/2026 12:10:08
GearVN,Card Màn Hình Gigabyte GeForce GTX 1650 Super Windforce OC 4GB (GV-N165SWF2OC-4GD),0,8790000,https://gearvn.com/products/gigabyte-gtx-1650-super-wf-oc,10/05/2026 12:10:08
GearVN,Card Màn Hình Asus Tuf Gaming GeForce GTX 1650 Super OC 4GB (Tuf-GTX1650S-O4G-GAMING),8990000,8790000,https://gearvn.com/products/asus-gtx-1650-super-4gb-tuf-gaming,10/05/2026 12:10:08
GearVN,Card màn hình MSI GeForce RTX 4080 VENTUS 3X OC 16GB,44990000,36990000,https://gearvn.com/products/msi-geforce-rtx-4080-ventus-3x-oc-16gb,10/05/2026 12:10:08
GearVN,Card màn hình MSI GeForce RTX 4080 VENTUS 3X 16GB,0,35990000,https://gearvn.com/products/msi-geforce-rtx-4080-ventus-3x-16gb,10/05/2026 12:10:08
GearVN,Card màn hình MSI GeForce RTX 4080 SUPRIM X 16GB,48990000,39990000,https://gearvn.com/products/msi-geforce-rtx-4080-suprim-x-16gb,10/05/2026 12:10:08
GearVN,Card màn hình MSI GeForce RTX 4080 SUPRIM 16GB,0,39490000,https://gearvn.com/products/msi-geforce-rtx-4080-suprim-16gb,10/05/2026 12:10:08
GearVN,Card màn hình MSI GeForce RTX 4080 GAMING X TRIO 16GB,46990000,37990000,https://gearvn.com/products/msi-geforce-rtx-4080-gaming-x-trio-16gb,10/05/2026 12:10:08
GearVN,Card màn hình MSI GeForce RTX 4080 GAMING TRIO 16GB,0,36990000,https://gearvn.com/products/msi-geforce-rtx-4080-gaming-trio-16gb,10/05/2026 12:10:08
GearVN,Card màn hình GIGABYTE GeForce RTX 4080 GAMING OC 16GB (GV-N4080GAMING OC-16GD),48490000,37490000,https://gearvn.com/products/gigabyte-geforce-rtx-4090-gaming-oc-16g,10/05/2026 12:10:08
GearVN,Card màn hình GIGABYTE GeForce RTX 4080 EAGLE 16GB (GV-N4080EAGLE 16GD),45990000,35490000,https://gearvn.com/products/gigabyte-geforce-rtx-4090-eagle-16g,10/05/2026 12:10:08
GearVN,Card màn hình GIGABYTE GeForce RTX 4080 EAGLE OC 16GB (GV-N4080EAGLE OC-16GD),46990000,35990000,https://gearvn.com/products/gigabyte-geforce-rtx-4080-eagle-oc-16g,10/05/2026 12:10:08
GearVN,Card màn hình GIGABYTE GeForce RTX 4080 AERO OC 16GB (GV-N4080AERO OC-16GD),48990000,37990000,https://gearvn.com/products/gigabyte-geforce-rtx-4080-aero-oc-16g,10/05/2026 12:10:08
GearVN,Card màn hình GIGABYTE AORUS GeForce RTX 4080 XTREME WATERFORCE WB 16GB (GV-N4080AORUSX WB-16GD),0,40490000,https://gearvn.com/products/gigabyte-aorus-geforce-rtx-4080-xtreme-waterforce-wb-16g,10/05/2026 12:10:08
GearVN,Card màn hình GIGABYTE AORUS GeForce RTX 4080 XTREME WATERFORCE 16GB (GV-N4080AORUSX W-16GD),0,42990000,https://gearvn.com/products/gigabyte-aorus-geforce-rtx-4080-xtreme-waterforce-16g,10/05/2026 12:10:08
GearVN,Card màn hình GIGABYTE AORUS GeForce RTX 4080 MASTER 16GB (GV-N4080AORUS M-16GD),49990000,39990000,https://gearvn.com/products/gigabyte-aorus-geforce-rtx-4080-master-16g,10/05/2026 12:10:08
GearVN,Card màn hình ASUS TUF Gaming GeForce RTX 4080 OC Edition 16GB (TUF-RTX4080-O16G-GAMING),47200000,38490000,https://gearvn.com/products/asus-tuf-gaming-geforce-rtx-4080-oc-edition-16gb-gddr6x,10/05/2026 12:10:08
GearVN,Card màn hình ASUS TUF Gaming GeForce RTX 4080 16GB (TUF-RTX4080-16G-GAMING),46000000,37990000,https://gearvn.com/products/asus-tuf-gaming-geforce-rtx-4080-16gb-gddr6x,10/05/2026 12:10:08
GearVN,Card màn hình ASUS TUF Gaming GeForce RTX 4070 Ti OC Edition 12GB (TUF-RTX4070TI-O12G-GAMING),29990000,26990000,https://gearvn.com/products/asus-tuf-gaming-geforce-rtx-4070-ti-oc-edition-12gb-gddr6x,10/05/2026 12:10:08
GearVN,Card màn hình ASUS TUF Gaming GeForce RTX 4070 Ti 12GB (TUF-RTX4070TI-12G-GAMING),24990000,24390000,https://gearvn.com/products/asus-tuf-gaming-geforce-rtx-4070-ti-12gb-gddr6x,10/05/2026 12:10:08
GearVN,Card màn hình ASUS ROG Strix GeForce RTX 4090 OC White Edition 24GB (ROG-STRIX-RTX4090-O24G-WHITE),69990000,64990000,https://gearvn.com/products/asus-rog-strix-geforce-rtx-4090-oc-white-edition-24gb-gddr6x,10/05/2026 12:10:08
GearVN,Card màn hình ASUS ROG Strix GeForce RTX 4080 OC White Edition 16GB (ROG-STRIX-RTX4080-O16G-WHITE),45990000,42990000,https://gearvn.com/products/asus-rog-strix-geforce-rtx-4080-oc-white-edition-16gb-gddr6x,10/05/2026 12:10:08
GearVN,Card màn hình ASUS ROG Strix GeForce RTX 4080 OC Edition 16GB (ROG-STRIX-RTX4080-O16G-GAMING),0,40990000,https://gearvn.com/products/asus-rog-strix-geforce-rtx-4080-oc-edition-16gb-gddr6x,10/05/2026 12:10:08
GearVN,Card màn hình ASUS ROG Strix GeForce RTX 4080 16GB (ROG-STRIX-RTX4080-16G-GAMING),49500000,40490000,https://gearvn.com/products/asus-rog-strix-geforce-rtx-4080-16gb-gddr6x,10/05/2026 12:10:08
GearVN,Card màn hình MSI GeForce RTX 4070 Ti SUPRIM X 12GB,28490000,27490000,https://gearvn.com/products/msi-geforce-rtx-4070-ti-suprim-x-12g,10/05/2026 12:10:08
GearVN,Card màn hình MSI GeForce RTX 4070 Ti GAMING X TRIO WHITE 12G,29990000,27790000,https://gearvn.com/products/msi-geforce-rtx-4070-ti-gaming-x-trio-white-12g,10/05/2026 12:10:08
GearVN,Card màn hình MSI GeForce RTX 4070 Ti GAMING X TRIO 12GB,25990000,24990000,https://gearvn.com/products/msi-geforce-rtx-4070-ti-gaming-x-trio-12g,10/05/2026 12:10:08
GearVN,Card màn hình GIGABYTE GeForce RTX 4070 Ti GAMING OC 12GB (GV-N407TGAMING OC-12GD),29990000,27990000,https://gearvn.com/products/gigabyte-geforce-rtx-4070-ti-gaming-oc-12g,10/05/2026 12:10:08
GearVN,Card màn hình GIGABYTE GeForce RTX 4070 Ti EAGLE OC 12GB (GV-N407TEAGLE OC-12GD),27990000,25990000,https://gearvn.com/products/gigabyte-geforce-rtx-4070-ti-eagle-oc-12g,10/05/2026 12:10:08
GearVN,Card màn hình GIGABYTE GeForce RTX 4070 Ti AERO OC 12GB (GV-N407TAERO OC-12GD),30990000,27990000,https://gearvn.com/products/gigabyte-geforce-rtx-4070-ti-aero-oc-12g,10/05/2026 12:10:08
GearVN,Card màn hình GIGABYTE AORUS GeForce RTX 4070 Ti MASTER 12GB (GV-N407TAORUS M-12GD),30990000,29490000,https://gearvn.com/products/gigabyte-aorus-geforce-rtx-4070-ti-master-12g,10/05/2026 12:10:08
GearVN,Card màn hình GIGABYTE AORUS GeForce RTX 4070 Ti ELITE 12GB (GV-N407TAORUS E-12GD),29290000,28990000,https://gearvn.com/products/gigabyte-aorus-geforce-rtx-4070-ti-elite-12g,10/05/2026 12:10:08
GearVN,Card màn hình ASUS ROG Strix GeForce RTX 4070 Ti OC Edition 12GB (ROG-STRIX-RTX4070TI-O12G-GAMING),30490000,29990000,https://gearvn.com/products/asus-rog-strix-geforce-rtx-4070ti-oc-edition-12gb-gddr6x,10/05/2026 12:10:08
GearVN,Card màn hình ASUS ROG Strix GeForce RTX 4070 Ti 12GB (ROG-STRIX-RTX4070TI-12G-GAMING),29990000,26790000,https://gearvn.com/products/asus-rog-strix-geforce-rtx-4070ti-12gb-gddr6x,10/05/2026 12:10:08
GearVN,Card màn hình MSI GeForce RTX 4070 VENTUS 3X 12GB OC,0,17490000,https://gearvn.com/products/msi-geforce-rtx-4070-ventus-3x-12g-oc,10/05/2026 12:10:08
GearVN,Card màn hình MSI GeForce RTX 4070 VENTUS 3X 12GB,0,16990000,https://gearvn.com/products/msi-geforce-rtx-4070-ventus-3x-12g,10/05/2026 12:10:08
GearVN,Card màn hình MSI GeForce RTX 4070 VENTUS 2X 12GB OC,0,16790000,https://gearvn.com/products/msi-geforce-rtx-4070-ventus-2x-12g-oc,10/05/2026 12:10:08
GearVN,Card màn hình MSI GeForce RTX 4070 Ti SUPRIM 12GB,27990000,26990000,https://gearvn.com/products/msi-geforce-rtx-4070-ti-suprim-12g,10/05/2026 12:10:08
GearVN,Card màn hình MSI GeForce RTX 4070 GAMING X TRIO 12GB,19490000,18990000,https://gearvn.com/products/msi-geforce-rtx-4070-gaming-x-trio-12g,10/05/2026 12:10:08
GearVN,Card màn hình MSI GeForce RTX 4060 Ti VENTUS 2X BLACK 8G OC,13990000,13490000,https://gearvn.com/products/msi-geforce-rtx-4060-ti-ventus-2x-black-8g-oc,10/05/2026 12:10:08
GearVN,Card màn hình GIGABYTE GeForce RTX 4070 WINDFORCE OC 12G (GV-N4070WF3OC-12GD),17990000,17490000,https://gearvn.com/products/gigabyte-geforce-rtx-4070-windforce-oc-12g,10/05/2026 12:10:08
GearVN,Card màn hình GIGABYTE GeForce RTX 4070 GAMING OC 12GB (GV-N4070GAMING OC-12GD),19990000,18990000,https://gearvn.com/products/gigabyte-geforce-rtx-4070-gaming-oc-12g,10/05/2026 12:10:08
GearVN,Card màn hình GIGABYTE GeForce RTX 4070 EAGLE OC 12GB (GV-N4070EAGLE OC-12GD),17990000,17690000,https://gearvn.com/products/gigabyte-geforce-rtx-4070-eagle-oc-12g,10/05/2026 12:10:08
GearVN,Card màn hình GIGABYTE GeForce RTX 4070 AERO OC 12GB (GV-N4070AERO OC-12GD),19990000,19290000,https://gearvn.com/products/gigabyte-geforce-rtx-4070-aero-oc-12g,10/05/2026 12:10:08
GearVN,Card màn hình GIGABYTE GeForce RTX 4060 Ti AERO OC 8G (GV-N406TAERO-OC-8GD),13990000,13490000,https://gearvn.com/products/gigabyte-geforce-rtx-4060-ti-aero-oc-8g,10/05/2026 12:10:08
GearVN,Card màn hình GIGABYTE AORUS GeForce RTX 4070 MASTER 12GB (GV-N4070AORUS M-12GD),20990000,20490000,https://gearvn.com/products/gigabyte-aorus-geforce-rtx-4070-master-12g,10/05/2026 12:10:08
GearVN,Card màn hình ASUS TUF Gaming GeForce RTX 4070 OC Edition 12GB (TUF-RTX4070-O12G-GAMING),20490000,19990000,https://gearvn.com/products/asus-tuf-gaming-geforce-rtx-4070-oc-edition-12gb-gddr6x,10/05/2026 12:10:08
GearVN,Card màn hình ASUS TUF Gaming GeForce RTX 4070 12GB (TUF-RTX4070-12G-GAMING),0,19490000,https://gearvn.com/products/asus-tuf-gaming-geforce-rtx-4070-12gb-gddr6x,10/05/2026 12:10:08
GearVN,Card màn hình ASUS ROG Strix GeForce RTX 4070 OC Edition 12GB (ROG-STRIX-RTX4070-O12G-GAMING),0,21990000,https://gearvn.com/products/asus-rog-strix-geforce-rtx-4070-oc-edition-12g-gddr6x,10/05/2026 12:10:08
GearVN,Card màn hình ASUS ROG Strix GeForce RTX 4070 12GB (ROG-STRIX-RTX4070-12G-GAMING),0,21490000,https://gearvn.com/products/asus-rog-strix-geforce-rtx-4070-12gb-gddr6x,10/05/2026 12:10:08
GearVN,Card màn hình ASUS PROART GeForce RTX 4080 OC Edition 16GB (PROART-RTX4080-O16G),0,35990000,https://gearvn.com/products/asus-proart-geforce-rtx-4080-oc-edition-16gb-gddr6x,10/05/2026 12:10:08
GearVN,Card màn hình ASUS PROART GeForce RTX 4080 16GB (PROART-RTX4080-16G),0,35490000,https://gearvn.com/products/asus-proart-geforce-rtx-4080-16gb-gddr6x,10/05/2026 12:10:08
GearVN,Card màn hình ASUS PROART GeForce RTX 4070 Ti OC Edition 12GB (PROART-RTX4070TI-O12G),0,23990000,https://gearvn.com/products/asus-proart-geforce-rtx-4070-ti-oc-edition-12gb-gddr6x,10/05/2026 12:10:08
GearVN,Card màn hình ASUS PROART GeForce RTX 4070 Ti 12GB (PROART-RTX4070TI-12G),0,23490000,https://gearvn.com/products/asus-proart-geforce-rtx-4070-ti-12gb-gddr6x,10/05/2026 12:10:08
GearVN,Card màn hình ASUS Dual GeForce RTX 4070 White OC Edition 12GB (DUAL-RTX4070-O12G-WHITE),0,17690000,https://gearvn.com/products/asus-dual-geforce-rtx-4070-white-oc-edition-12gb-gddr6x,10/05/2026 12:10:08
GearVN,Card màn hình ASUS Dual GeForce RTX 4070 White 12GB (DUAL-RTX4070-12G-WHITE),0,17490000,https://gearvn.com/products/asus-dual-geforce-rtx-4070-white-edition-12gb-gddr6x,10/05/2026 12:10:08
GearVN,Card màn hình ASUS Dual GeForce RTX 4070 OC Edition 12GB (DUAL-RTX4070-O12G),18990000,17290000,https://gearvn.com/products/asus-dual-geforce-rtx-4070-oc-edition-12gb-gddr6x,10/05/2026 12:10:08
GearVN,Card màn hình ASUS Dual GeForce RTX 4070 12GB (DUAL-RTX4070-12G),0,16990000,https://gearvn.com/products/asus-dual-geforce-rtx-4070-12gb-gddr6x,10/05/2026 12:10:08
Tin Học Ngôi Sao,"Card màn hình NVIDIA GeForce RTX 3050 Inno3D Twin X2 | 6GB GDDR6, 2304 CUDA, 450W",5390000,5390000,https://tinhocngoisao.com/products/card-man-hinh-vga-inno3d-geforce-rtx-3050-twin-x2-6gb,10/05/2026 12:10:08
Tin Học Ngôi Sao,"Card màn hình NVIDIA GeForce RTX 3050 Colorful V4-4 | 6GB GDDR6, 2304 CUDA, 450W",5590000,5590000,https://tinhocngoisao.com/products/card-man-hinh-colorful-rtx-3050-6gb-v4-v,10/05/2026 12:10:08
Tin Học Ngôi Sao,"Card màn hình NVIDIA GeForce RTX 3050 Gigabyte WindForce OC | 8GB GDDR6, 2560 CUDA, 450W",6490000,6490000,https://tinhocngoisao.com/products/card-man-hinh-vga-gigabyte-geforce-rtx-3050-windforce-oc-v2-8g,10/05/2026 12:10:08
Tin Học Ngôi Sao,"Card màn hình NVIDIA GeForce GT 730 ASUS | 2GB GDDR5, 384 CUDA, 300W",1750000,1750000,https://tinhocngoisao.com/products/vga-asus-geforce-gt-730-2gb-ddr5-gt730-sl-2gd5-brk,10/05/2026 12:10:08
Tin Học Ngôi Sao,"Card màn hình NVIDIA GeForce RTX 3050 ASUS Dual OC | 6GB GDDR6, 2304 CUDA, 450W",5590000,5590000,https://tinhocngoisao.com/products/card-man-hinh-vga-asus-dual-geforce-rtx-3050-oc-edition-6gb-gddr6-90yv0k60-m0na00,10/05/2026 12:10:08
Tin Học Ngôi Sao,Card màn hình Gigabyte RTX 3060 GAMING OC 8GB (GV-N3060GAMING OC-8GD),8490000,8490000,https://tinhocngoisao.com/products/vga-gigabyte-geforce-rtx-3060-gaming-oc-8gb-gv-n3060gaming-oc-8gd,10/05/2026 12:10:08
Tin Học Ngôi Sao,"Card màn hình INNO3D GeForce GT 1030 | 2GB GDDR5, 384 CUDA, 300W",2190000,2190000,https://tinhocngoisao.com/products/card-man-hinh-inno3d-geforce-gt-1030-2gb-gddr5-384-cuda-300w,10/05/2026 12:10:08
Tin Học Ngôi Sao,"Card màn hình NVIDIA GeForce RTX 3050 Gigabyte WindForce OC | 6GB GDDR6, 2304 CUDA, 300W",5590000,5590000,https://tinhocngoisao.com/products/card-man-hinh-vga-gigabyte-geforce-rtx-3050-windforce-oc-v2-6g,10/05/2026 12:10:08
Tin Học Ngôi Sao,"Card màn hình NVIDIA GeForce RTX 5060 MSI SHADOW 2X OC | 8GB GDDR7, 3840 CUDA, 550W",9990000,9990000,https://tinhocngoisao.com/products/card-man-hinh-msi-geforce-rtx-5060-8g-shadow-2x-oc,10/05/2026 12:10:08
Tin Học Ngôi Sao,"Card màn hình NVIDIA GeForce RTX 5060 ASUS Dual OC | 8GB GDDR7, 3840 CUDA, 550W",10290000,10290000,https://tinhocngoisao.com/products/card-man-hinh-asus-dual-geforce-rtx-5060-8gb-gddr7,10/05/2026 12:10:08
Tin Học Ngôi Sao,"Card màn hình AMD Radeon RX 7600 ASUS Dual EVO OC | 8GB GDDR6, 2048 SP, 550W",7190000,7190000,https://tinhocngoisao.com/products/card-man-hinh-asus-dual-radeon-rx-7600-evo-oc-edition-8gb-gddr6,10/05/2026 12:10:08
Tin Học Ngôi Sao,"Card màn hình NVIDIA GeForce RTX 3050 ASUS Dual | 8GB GDDR6, 2560 CUDA, 450W",6490000,6490000,https://tinhocngoisao.com/products/vga-asus-geforce-rtx-3050-dual-8gb-gddr6-128bit-2-fan-v2-dual-rtx3050-8g-v2,10/05/2026 12:10:08
Tin Học Ngôi Sao,"Card màn hình NVIDIA GeForce RTX 3050 ZOTAC Twin Edge OC | 6GB GDDR6, 2560 CUDA, 450W",5490000,5490000,https://tinhocngoisao.com/products/card-man-hinh-vga-zotac-gaming-geforce-rtx-3050-6gb-gddr6-twin-edge-oc,10/05/2026 12:10:08
Tin Học Ngôi Sao,Card màn hình ASUS GT 1030 2GB GDDR5 Silent BRK (GT 1030-SL-2GB-BRK),2490000,2490000,https://tinhocngoisao.com/products/vga-asus-gt-1030-2g-gddr5-silent-brk-chinh-hang-gt1030-sl-2g-brk,10/05/2026 12:10:08
Tin Học Ngôi Sao,Card màn hình ASUS Dual GeForce RTX™ 5060 Ti 8GB GDDR7 OC Edition,11390000,11390000,https://tinhocngoisao.com/products/card-man-hinh-asus-dual-geforce-rtx-5060-ti-8gb-gddr7-oc-edition,10/05/2026 12:10:08
Tin Học Ngôi Sao,"Card màn hình NVIDIA GeForce RTX 5060 MSI VENTUS 2X OC | 8GB GDDR7, 3840 CUDA, 550W",10790000,10790000,https://tinhocngoisao.com/products/card-man-hinh-msi-geforce-rtx-5060-8g-ventus-2x-oc,10/05/2026 12:10:08
Tin Học Ngôi Sao,"Card màn hình NVIDIA GeForce RTX 5060 Palit Infinity 2 OC | 8GB GDDR7, 3840 CUDA",9490000,9490000,https://tinhocngoisao.com/products/card-man-hinh-nvidia-geforce-rtx-5060-palit-infinity-2-oc-8gb-gddr7-3840-cuda,10/05/2026 12:10:08
Tin Học Ngôi Sao,"Card màn hình NVIDIA GeForce RTX 5070 Colorful Gaming 12GB-V | 12GB GDDR7, 6144 CUDA, 3 Fan, 650W",19090000,19090000,https://tinhocngoisao.com/products/card-man-hinh-nvidia-geforce-rtx-5070-colorful-gaming-12gb-v-12gb-gddr7-6144-cuda-3-fan-650w,10/05/2026 12:10:08
Tin Học Ngôi Sao,"Card màn hình NVIDIA GeForce RTX 3050 ASUS Dual | 6GB GDDR6, 2304 CUDA, 450W",5690000,5690000,https://tinhocngoisao.com/products/card-man-hinh-vga-asus-dual-geforce-rtx-3050-6gb-gddr6-90yv0k61-m1na00,10/05/2026 12:10:08
Tin Học Ngôi Sao,Card màn hình ASRock AMD Radeon™ RX 9060 XT Challenger 16GB OC,12990000,12990000,https://tinhocngoisao.com/products/card-man-hinh-asrock-amd-radeon-rx-9060-xt-challenger-16gb-oc,10/05/2026 12:10:08
Tin Học Ngôi Sao,Card màn hình Asus Dual RTX 5050 8GB (Dual-Rtx5050-8G),8690000,8690000,https://tinhocngoisao.com/products/card-man-hinh-asus-dual-rtx-5050-8gb-dual-rtx5050-8g,10/05/2026 12:10:08
Tin Học Ngôi Sao,"Card màn hình AMD Radeon RX 7600 Gigabyte GAMING OC | 8GB GDDR6, 2048 SP, 550W",7490000,7490000,https://tinhocngoisao.com/products/card-man-hinh-vga-gigabyte-radeon-rx-7600-gaming-oc-8g,10/05/2026 12:10:08
Tin Học Ngôi Sao,Card màn hình ARK RX550 4GB,2190000,2190000,https://tinhocngoisao.com/products/card-man-hinh-vga-ark-rx550-4gb,10/05/2026 12:10:08
Tin Học Ngôi Sao,"Card màn hình NVIDIA GeForce GTX 1650 Unika Super Sniper V2 | 4GB GDDR6, 896 CUDA, 300W",4250000,4250000,https://tinhocngoisao.com/products/card-man-hinh-nvidia-geforce-gtx-1650-unika-super-sniper-v2-4gb-gddr6-896-cuda-300w,10/05/2026 12:10:08
Tin Học Ngôi Sao,"Card màn hình NVIDIA GeForce RTX 5060 Colorful iGame Ultra W DUO OC | 8GB GDDR7, 3840 CUDA, 550W",10990000,10990000,https://tinhocngoisao.com/products/card-man-hinh-colorful-igame-geforce-rtx-5060-ultra-w-duo-oc-8gb-v,10/05/2026 12:10:08
Tin Học Ngôi Sao,"Card màn hình NVIDIA GeForce RTX 5050 Zotac Twin Edge OC (ZT-B50500H-10M) | 8GB GDDR6, 2560 CUDA, 550W",7590000,7590000,https://tinhocngoisao.com/products/card-man-hinh-nvidia-geforce-rtx-5050-zotac-twin-edge-oc-zt-b50500h-10m-8gb-gddr6-2560-cuda-550w,10/05/2026 12:10:08
Tin Học Ngôi Sao,Card màn hình Gigabyte RTX 5070 12G WINDFORCE OC SFF,18990000,18990000,https://tinhocngoisao.com/products/card-man-hinh-vga-gigabyte-geforce-rtx-5070-windforce-oc-sff-12g,10/05/2026 12:10:08
Tin Học Ngôi Sao,"Card màn hình NVIDIA GeForce GT 1030 UNIKA 4GD4 V3 | 4GB DDR4, 64-bit, 1 Fan",1990000,1990000,https://tinhocngoisao.com/products/card-man-hinh-nvidia-geforce-gt-1030-unika-4gd4-v3-4gb-ddr4-64-bit-1-fan,10/05/2026 12:10:08
Tin Học Ngôi Sao,"Card màn hình NVIDIA GeForce RTX 2060 Unika Blizzard | 6GB GDDR6, 1920 CUDA, 500W",5150000,5150000,https://tinhocngoisao.com/products/card-man-hinh-unika-blizzard-2060-6g,10/05/2026 12:10:08
Tin Học Ngôi Sao,"Card màn hình Colorful GeForce RTX 5070 Ti Battle AX | 16GB GDDR7, 8960 CUDA, 750W",26690000,26690000,https://tinhocngoisao.com/products/card-man-hinh-colorful-geforce-rtx-5070-ti-battle-ax-16gb-gddr7-8960-cuda-750w,10/05/2026 12:10:08
Tin Học Ngôi Sao,"Card màn hình NVIDIA GeForce RTX 3050 MSI Ventus 2X E OC | 6GB GDDR6, 2560 CUDA, 300W",5690000,5690000,https://tinhocngoisao.com/products/card-man-hinh-vga-msi-geforce-rtx-3050-ventus-2x-e-6g-oc,10/05/2026 12:10:08
Tin Học Ngôi Sao,"Card màn hình NVIDIA GeForce RTX 5060 Gigabyte WINDFORCE OC | 8GB GDDR7, 3840 CUDA, 450W",9490000,9490000,https://tinhocngoisao.com/products/card-man-hinh-gigabyte-geforce-rtx-5060-windforce-oc-8g,10/05/2026 12:10:08
Tin Học Ngôi Sao,"Card màn hình NVIDIA GeForce RTX 5060 Ti ZOTAC Twin Edge | 16GB GDDR7, 4608 CUDA, 600W",16290000,16290000,https://tinhocngoisao.com/products/card-man-hinh-zotac-gaming-geforce-rtx-5060-ti-16gb-twin-edge,10/05/2026 12:10:08
Tin Học Ngôi Sao,"Card màn hình NVIDIA GeForce RTX 5060 Ti ASUS Dual OC | 16GB GDDR7, 4608 CUDA, 550W",17490000,17490000,https://tinhocngoisao.com/products/card-man-hinh-asus-dual-geforce-rtx-5060-ti-16gb-gddr7-oc-edition,10/05/2026 12:10:08
Tin Học Ngôi Sao,"Card màn hình NVIDIA GeForce RTX 5060 Colorful Gaming DUO | 8GB GDDR7, 3840 CUDA, 550W",9790000,9790000,https://tinhocngoisao.com/products/card-man-hinh-colorful-rtx5060-gaming-duo-8gb-v,10/05/2026 12:10:08
Tin Học Ngôi Sao,"Card màn hình AMD Radeon RX560 T-WOLF | 4GB GDDR5, 1024 SP, 850W",2490000,2490000,https://tinhocngoisao.com/products/card-man-hinh-amd-t-wolf-tw-rx560-4g-d5-pnb-686875645-dual,10/05/2026 12:10:08
Tin Học Ngôi Sao,"Card màn hình NVIDIA GeForce RTX 5060 Ti MSI VENTUS 2X PLUS | 8GB GDDR7, 4608 CUDA, 600W",11290000,11290000,https://tinhocngoisao.com/products/card-man-hinh-msi-geforce-rtx-5060-ti-8g-ventus-2x-plus,10/05/2026 12:10:08
Tin Học Ngôi Sao,"Card màn hình AMD Radeon RX 9060 XT Gigabyte Gaming OC | 16GB GDDR6, 2048 SP, 550W",12990000,12990000,https://tinhocngoisao.com/products/card-man-hinh-gigabyte-radeon-rx-9060-xt-gaming-oc-16gb,10/05/2026 12:10:08
Tin Học Ngôi Sao,"Card màn hình (AMD) UNIKA Blizzards White RX 7600 8GD6 V2 | 8GB GDDR6, 128-bit, 3 Fan, Trắng",6990000,6990000,https://tinhocngoisao.com/products/card-man-hinh-amd-unika-blizzards-white-rx-7600-8gd6-v2-8gb-gddr6-128-bit-3-fan-trang,10/05/2026 12:10:08
Tin Học Ngôi Sao,"Card màn hình (AMD) ASUS DUAL RX 9060XT (DUAL-RX9060XT-16G) | 16GB GDDR6, 2048 Stream",13590000,13590000,https://tinhocngoisao.com/products/card-man-hinh-amd-asus-dual-rx-9060xt-dual-rx9060xt-16g-16gb-gddr6-2048-stream,10/05/2026 12:10:08
Tin Học Ngôi Sao,"Card màn hình NVIDIA GeForce RTX 5060 Ti Palit Dual | 8GB GDDR7, 4608 CUDA",11290000,11290000,https://tinhocngoisao.com/products/card-man-hinh-nvidia-geforce-rtx-5060-ti-palit-dual-8gb-gddr7-4608-cuda,10/05/2026 12:10:08
Tin Học Ngôi Sao,"Card màn hình Radeon RX 9060 XT Gigabyte Gaming OC | 8GB GDDR6, 2048, 450W",9990000,9990000,https://tinhocngoisao.com/products/card-man-hinh-amd-gigabyte-rx-9060xt-gaming-oc-8gb,10/05/2026 12:10:08
Tin Học Ngôi Sao,"Card màn hình NVIDIA GeForce RTX 5060 Gigabyte WINDFORCE MAX OC 8G (GV-N5060WF2MAX OC-8GD) | 8GB GDDR7, 3840 CUDA",9690000,9690000,https://tinhocngoisao.com/products/card-man-hinh-nvidia-geforce-rtx-5060-gigabyte-windforce-max-oc-8g-gv-n5060wf2max-oc-8gd-8gb-gddr7-3840-cuda,10/05/2026 12:10:08
Tin Học Ngôi Sao,"Card màn hình NVIDIA GeForce RTX 5070 Ti Palit GamingPro-S | 16GB GDDR7, 8960 CUDA",26690000,26690000,https://tinhocngoisao.com/products/card-man-hinh-nvidia-geforce-rtx-5070-ti-palit-gamingpro-s-16gb-gddr7-8960-cuda,10/05/2026 12:10:08
Tin Học Ngôi Sao,"Card màn hình (AMD) ASRock RX 9070 XT Challenger 16GB OC | 16GB GDDR7, OC Edition",20690000,20690000,https://tinhocngoisao.com/products/card-man-hinh-amd-asrock-rx-9070-xt-challenger-16gb-oc-16gb-gddr7-oc-edition,10/05/2026 12:10:08
Tin Học Ngôi Sao,"Card màn hình NVIDIA GeForce RTX 5070 Palit Infinity 3 | 12GB GDDR7, 6144 CUDA",18590000,18590000,https://tinhocngoisao.com/products/card-man-hinh-nvidia-geforce-rtx-5070-palit-infinity-3-12gb-gddr7-6144-cuda,10/05/2026 12:10:08
Tin Học Ngôi Sao,"Card màn hình NVIDIA GeForce RTX 3050 MSI Ventus 2X XS OC | 8GB GDDR6, 2560 CUDA, 500W",7590000,7590000,https://tinhocngoisao.com/products/card-man-hinh-vga-msi-geforce-rtx-3050-ventus-2x-xs-8g-oc,10/05/2026 12:10:08
Tin Học Ngôi Sao,"Card màn hình NVIDIA GeForce RTX 5070 Palit White OC | 12GB GDDR7, 6144 CUDA",19390000,19390000,https://tinhocngoisao.com/products/card-man-hinh-nvidia-geforce-rtx-5070-palit-white-oc-12gb-gddr7-6144-cuda,10/05/2026 12:10:08
Tin Học Ngôi Sao,"Card màn hình AMD Radeon RX 580 T-WOLF | 8GB GDDR5, 2304 SP, 500W",3390000,3390000,https://tinhocngoisao.com/products/card-man-hinh-vga-t-wolf-rx-580-8gb-gddr5-v2,10/05/2026 12:10:08
Tin Học Ngôi Sao,"Card màn hình NVIDIA GeForce RTX 5050 MSI Shadow 2X OC | 8GB GDDR6, 2560 CUDA, 550W",8890000,8890000,https://tinhocngoisao.com/products/card-man-hinh-msi-rtx-5050-shadow-2x-oc-8g,10/05/2026 12:10:08
Tin Học Ngôi Sao,"Card màn hình NVIDIA GeForce RTX 5080 Zotac SOLID CORE OC (ZT-B50800J2-10P) | 16GB GDDR7, 10752 CUDA, 850W",32190000,32190000,https://tinhocngoisao.com/products/card-man-hinh-nvidia-geforce-rtx-5080-zotac-solid-core-oc-zt-b50800j2-10p-16gb-gddr7-10752-cuda-850w,10/05/2026 12:10:08
Tin Học Ngôi Sao,Card màn hình Gigabyte RTX 5070 12G EAGLE OC SFF,18990000,18990000,https://tinhocngoisao.com/products/card-man-hinh-vga-gigabyte-geforce-rtx-5070-eagle-oc-sff-12g,10/05/2026 12:10:08
Tin Học Ngôi Sao,Card màn hình ARKTEK GTX 1660 Super 6GB,4790000,4790000,https://tinhocngoisao.com/products/card-man-hinh-vga-arktek-gtx-1660-super-6gb,10/05/2026 12:10:08
Tin Học Ngôi Sao,"Card màn hình (AMD) ARK Radeon RX 550 1 Fan | 8GB GDDR5, 128-bit, 640 SP, 400W",2950000,2950000,https://tinhocngoisao.com/products/card-man-hinh-amd-ark-radeon-rx-550-1-fan-8gb-gddr5-128-bit-640-sp-400w,10/05/2026 12:10:08
Tin Học Ngôi Sao,"Card màn hình NVIDIA GeForce GT 710 Asus EVO | 2GB GDDR5, 192 CUDA, 300W",1090000,1090000,https://tinhocngoisao.com/products/card-man-hinh-asus-710-2gb-ddr5-brk-evo,10/05/2026 12:10:08
Tin Học Ngôi Sao,Card màn hình MSI RTX 5060 Ti Shadow 2X OC | 8GB GDDR7,11990000,11990000,https://tinhocngoisao.com/products/card-man-hinh-msi-rtx-5060-ti-shadow-2x-oc-8gb-gddr7,10/05/2026 12:10:08
Tin Học Ngôi Sao,"Card màn hình NVIDIA GeForce RTX 5060 Ti INNO3D Twin X2 | 16GB GDDR7, 4608 CUDA, 650W",16390000,16390000,https://tinhocngoisao.com/products/card-man-hinh-inno3d-rtx-5060-ti-twin-x2-16gb,10/05/2026 12:10:08
Tin Học Ngôi Sao,"Card màn hình NVIDIA GeForce RTX 5080 Zotac SOLID CORE (ZT-B50800D2-10P) | 16GB GDDR7, 10752 CUDA, 850W",31490000,31490000,https://tinhocngoisao.com/products/card-man-hinh-nvidia-geforce-rtx-5080-zotac-solid-core-zt-b50800d2-10p-16gb-gddr7-10752-cuda-850w,10/05/2026 12:10:08
Tin Học Ngôi Sao,"Card màn hình NVIDIA GeForce RTX 2060 Super T-WOLF | 8GB GDDR6, 2176 CUDA, 550W",6190000,6190000,https://tinhocngoisao.com/products/card-man-hinh-t-wolf-rtx-2060-super-8gb-ddr6,10/05/2026 12:10:08
Tin Học Ngôi Sao,"Card màn hình NVIDIA GeForce RTX 5060 Ti Colorful Gaming DUO | 16GB GDDR7, 4608 CUDA, 600W",16550000,16550000,https://tinhocngoisao.com/products/card-man-hinh-colorful-geforce-rtx-5060-ti-gaming-duo-16gb-v,10/05/2026 12:10:08
Tin Học Ngôi Sao,"Card màn hình AMD Radeon RX 9060 XT ASUS Prime OC | 16GB GDDR6, 2048 SP, 550W",13790000,13790000,https://tinhocngoisao.com/products/card-man-hinh-asus-prime-radeon-rx-9060-xt-16gb-gddr6-oc-edition-prime-rx9060xt-o16g,10/05/2026 12:10:08
Tin Học Ngôi Sao,"Card màn hình NVIDIA GeForce RTX 5070 ASUS Dual OC | 12GB GDDR7, 6144 CUDA, 650W",18490000,18490000,https://tinhocngoisao.com/products/card-man-hinh-asus-dual-geforce-rtx-5070-oc-edition-12gb-gddr7-dual-r,10/05/2026 12:10:08
Tin Học Ngôi Sao,"Card màn hình NVIDIA GeForce RTX 5060 MSI VENTUS 2X WHITE OC | 8GB GDDR7, 3840 CUDA, 550W",10890000,10890000,https://tinhocngoisao.com/products/card-man-hinh-msi-geforce-rtx-5060-8g-ventus-2x-oc-white,10/05/2026 12:10:08
Tin Học Ngôi Sao,"Card màn hình NVIDIA RTX A1000 Qleadtek Quadro RTX A1000 | 8GB GDDR6, 2304 CUDA,",13690000,13690000,https://tinhocngoisao.com/products/card-man-hinh-vga-qleadtek-quadro-rtx-a1000-8gb-gddr6,10/05/2026 12:10:08
Tin Học Ngôi Sao,"Card màn hình NVIDIA GeForce RTX 5080 Gigabyte WINDFORCE OC SFF OC | 16GB GDDR7, 10752 CUDA, 850W",36990000,36990000,https://tinhocngoisao.com/products/card-man-hinh-vga-gigabyte-geforce-rtx-5080-windforce-oc-sff-16g,10/05/2026 12:10:08
Tin Học Ngôi Sao,"Card màn hình NVIDIA GeForce RTX 5060 Ti Colorful iGame Ultra White OC | 16GB GDDR7, 4608 CUDA, 650W",17790000,17790000,https://tinhocngoisao.com/products/card-man-hinh-vga-colorful-igame-rtx-5060-ti-ultra-white-oc-16gb-v,10/05/2026 12:10:08
Tin Học Ngôi Sao,"Card màn hình NVIDIA GeForce RTX 5060 Ti Gigabyte WINDFORCE OC | 8GB GDDR7, 4608 CUDA, 650W",10990000,10990000,https://tinhocngoisao.com/products/card-man-hinh-gigabyte-geforce-rtx-5060-ti-windforce-oc-8g,10/05/2026 12:10:08
Tin Học Ngôi Sao,"Card màn hình NVIDIA GeForce RTX 5060 Ti MSI VENTUS 2X PLUS OC | 8GB GDDR7, 4608 CUDA, 600W",12790000,12790000,https://tinhocngoisao.com/products/card-man-hinh-msi-geforce-rtx-5060-ti-8g-ventus-2x-oc-plus,10/05/2026 12:10:08
Tin Học Ngôi Sao,"Card màn hình NVIDIA GeForce RTX 5070 Gigabyte GAMING OC | 12GB GDDR7, 6144 CUDA, 750W",24390000,24390000,https://tinhocngoisao.com/products/card-man-hinh-vga-gigabyte-geforce-rtx-5070-gaming-oc-12g,10/05/2026 12:10:08
Tin Học Ngôi Sao,"Card màn hình AMD Radeon RX 560 Unika Blizzard White | 4GB GDDR5, 896 SP, 400W",1950000,1950000,https://tinhocngoisao.com/products/card-man-hinh-amd-unika-blizzard-white-rx560-4g-2-fan,10/05/2026 12:10:08
Tin Học Ngôi Sao,Card màn hình INNO3D RTX™ 5080 X3,36790000,36790000,https://tinhocngoisao.com/products/card-man-hinh-vga-inno3d-geforce-rtx-5080-x3,10/05/2026 12:10:08
Tin Học Ngôi Sao,"Card màn hình AMD Radeon RX 6900 XT ASUS TUF Gaming TOP Edition | 16GB GDDR6, 5120 SP, 850W",21990000,21990000,https://tinhocngoisao.com/products/vga-asus-rx6900xt-16gb-gddr6-tuf-gaming-radeon-top-edition-3fan-tuf-rx6900xt-t16g-gaming,10/05/2026 12:10:08
Tin Học Ngôi Sao,Card màn hình AMD Sapphire NITRO + RX7900XTX Gaming OC Vapor-X 24G 3 Fan,27900000,27900000,https://tinhocngoisao.com/products/card-man-hinh-amd-sapphire-nitro-rx7900xtx-gaming-oc-vapor-x-24g-3-fan,10/05/2026 12:10:08
Tin Học Ngôi Sao,"Card màn hình AMD Radeon RX 9070 XT ASUS Prime OC | 16GB GDDR6, 4096 SP, 750W",21990000,21990000,https://tinhocngoisao.com/products/card-man-hinh-vga-asus-prime-radeon-rx-9070-xt-oc-edition-16gb-gddr6,10/05/2026 12:10:08
Tin Học Ngôi Sao,"Card màn hình NVIDIA GeForce RTX 5060 Ti Colorful Battle AX Duo | 16GB GDDR7, 4608 CUDA, 600W",16590000,16590000,https://tinhocngoisao.com/products/card-man-hinh-colorful-rtx-5060-ti-battle-ax-duo-16gb-v,10/05/2026 12:10:08
Tin Học Ngôi Sao,"Card màn hình NVIDIA GeForce RTX 5070 Colorful iGame Ultra W OC | 12GB GDDR7, 6144 CUDA, 650W",20990000,20990000,https://tinhocngoisao.com/products/card-man-hinh-vga-igame-geforce-rtx-5070-ultra-w-oc-12gb,10/05/2026 12:10:08
Tin Học Ngôi Sao,"Card màn hình Gigabyte GeForce RTX 5070 Ti Eagle Ice SFF OC Ice | 16GB GDDR7, 8960 CUDA, PCIe 5.0, 3 Fan",28990000,28990000,https://tinhocngoisao.com/products/card-man-hinh-gigabyte-geforce-rtx-5070-ti-eagle-ice-sff-oc-ice-16gb-gddr7-8960-cuda-pcie-5-0-3-fan,10/05/2026 12:10:08
Tin Học Ngôi Sao,"Card màn hình NVIDIA GeForce RTX 5060 Ti INNO3D Twin X2 OC | 8GB GDDR7, 4608 CUDA, 650W",12100000,12100000,https://tinhocngoisao.com/products/card-man-hinh-inno3d-geforce-rtx-5060-ti-8gb-twin-x2-oc,10/05/2026 12:10:08
Tin Học Ngôi Sao,"Card màn hình NVIDIA GeForce RTX 5060 Ti Colorful iGame Mini W OC 8GB-V | 8GB GDDR7, 4608 CUDA, 1 Fan, Trắng",13990000,13990000,https://tinhocngoisao.com/products/card-man-hinh-nvidia-geforce-rtx-5060-ti-colorful-igame-mini-w-oc-8gb-v-8gb-gddr7-4608-cuda-1-fan-trang,10/05/2026 12:10:08
Tin Học Ngôi Sao,"Card màn hình NVIDIA GeForce RTX 5060 Colorful iGame Ultra W OC | 8GB GDDR7, 3840 CUDA, 550W",11390000,11390000,https://tinhocngoisao.com/products/card-man-hinh-colorful-igame-geforce-rtx-5060-ultra-w-oc-8gb-v,10/05/2026 12:10:08
Tin Học Ngôi Sao,"Card màn hình Gigabyte GeForce RTX 5060 Ti WINDFORCE MAX OC 8G (GV-N506TWF2MAX OC-8GD) | 8GB GDDR7, 4608 CUDA",10890000,10890000,https://tinhocngoisao.com/products/card-man-hinh-gigabyte-geforce-rtx-5060-ti-windforce-max-oc-8g-gv-n506twf2max-oc-8gd-8gb-gddr7-4608-cuda,10/05/2026 12:10:08
Tin Học Ngôi Sao,"Card màn hình NVIDIA GeForce GTX 1060 T-Wolf | 3GB GDDR5, 1152 CUDA, 400W",2990000,2990000,https://tinhocngoisao.com/products/card-man-hinh-vga-t-wolf-gtx-1060-3gb-gddr5,10/05/2026 12:10:08
Tin Học Ngôi Sao,"Card màn hình NVIDIA GeForce RTX 5060 Zotac LOW PROFILE (ZT-B50600L-10L) | 8GB GDDR7, 3840 CUDA",9190000,9190000,https://tinhocngoisao.com/products/card-man-hinh-nvidia-geforce-rtx-5060-zotac-low-profile-zt-b50600l-10l-8gb-gddr7-3840-cuda,10/05/2026 12:10:08
Tin Học Ngôi Sao,"Card màn hình NVIDIA GeForce RTX 5060 MSI INSPIRE 2X OC | 8GB GDDR7, 3840 CUDA, 550W",9990000,9990000,https://tinhocngoisao.com/products/card-man-hinh-msi-geforce-rtx-5060-8g-inspire-2x-oc,10/05/2026 12:10:08
Tin Học Ngôi Sao,"Card màn hình NVIDIA GeForce RTX 5060 Ti Gigabyte WINDFORCE OC | 16GB GDDR7, 4608 CUDA, 650W",17990000,17990000,https://tinhocngoisao.com/products/card-man-hinh-gigabyte-geforce-rtx-5060-ti-windforce-oc-16g,10/05/2026 12:10:08
Tin Học Ngôi Sao,"Card màn hình (NVIDIA) Leadtek RTX 4000 Ada | 20GB GDDR6, 6144 CUDA",41990000,41990000,https://tinhocngoisao.com/products/card-man-hinh-nvidia-leadtek-rtx-4000-ada-20gb-gddr6-6144-cuda,10/05/2026 12:10:08
Tin Học Ngôi Sao,"Card màn hình AMD Radeon RX 9060 XT SAPPHIRE NITRO+ Gaming OC | 16GB GDDR6, 2048 SP, 550W",14990000,14990000,https://tinhocngoisao.com/products/card-man-hinh-sapphire-nitro-amd-radeon-rx-9060-xt-gaming-oc-16gb,10/05/2026 12:10:08
Tin Học Ngôi Sao,"Card màn hình AMD Radeon RX 9070 XT ASUS RX 9070 Prime OC | 16GB GDDR6, 5384 SP, 650W",19890000,19890000,https://tinhocngoisao.com/products/card-man-hinh-vga-asus-prime-radeon-rx-9070-oc-edition-16gb-gddr6,10/05/2026 12:10:08
Tin Học Ngôi Sao,"Card màn hình NVIDIA GeForce RTX 5070 ZOTAC SOLID OC | 12GB GDDR7, 6144 CUDA, 650W",22290000,22290000,https://tinhocngoisao.com/products/card-man-hinh-vga-zotac-gaming-geforce-rtx-5070-solid-oc,10/05/2026 12:10:08
Tin Học Ngôi Sao,"Card màn hình NVIDIA GeForce RTX 5080 INNO3D X3 OC | 16GB GDDR7, 10752 CUDA, 850W",33890000,33890000,https://tinhocngoisao.com/products/card-man-hinh-vga-inno3d-geforce-rtx-5080-x3-oc-white,10/05/2026 12:10:08
Tin Học Ngôi Sao,"Card màn hình NVIDIA GeForce RTX 5060 MSI GAMING OC | 8GB GDDR7, 3840 CUDA, 550W",11690000,11690000,https://tinhocngoisao.com/products/card-man-hinh-msi-geforce-rtx-5060-8g-gaming-oc,10/05/2026 12:10:08
Tin Học Ngôi Sao,"Card màn hình ASUS ProArt GeForce RTX 5080 OC 16GB GDDR7 (PROART-RTX5080-O16G) | 16GB GDDR7, OC Edition, 10752 CUDA",44990000,44990000,https://tinhocngoisao.com/products/card-man-hinh-asus-proart-geforce-rtx-5080-oc-16gb-gddr7-proart-rtx5080-o16g-16gb-gddr7-oc-edition-10752-cuda,10/05/2026 12:10:08
Tin Học Ngôi Sao,"Card màn hình NVIDIA GeForce RTX 5070 Ti ASUS TUF Gaming OC | 16GB GDDR7, 8960 CUDA, 850W",32490000,32490000,https://tinhocngoisao.com/products/card-man-hinh-vga-asus-tuf-gaming-geforce-rtx-5070-ti-16gb-gddr7-oc-edition,10/05/2026 12:10:08
Tin Học Ngôi Sao,"Card màn hình AMD Radeon RX 7600 SAPPHIRE PULSE OC | 8GB GDDR6, 2048 SP, 550W",7490000,7490000,https://tinhocngoisao.com/products/card-man-hinh-vga-sapphire-pulse-amd-radeon-rx-7600-8gb-gaming-oc-8gb,10/05/2026 12:10:08
Tin Học Ngôi Sao,"Card màn hình NVIDIA GeForce RTX 5060 Ti ASUS PRIME OC | 16GB GDDR7, 4608 CUDA, 550W",17590000,17590000,https://tinhocngoisao.com/products/card-man-hinh-asus-prime-geforce-rtx-5060-ti-16gb-gddr7-oc-edition,10/05/2026 12:10:08
Tin Học Ngôi Sao,"Card màn hình NVIDIA GeForce GTX 1050 Unika Blizzard | 4GB GDDR5, 640 CUDA, 300W",2390000,2390000,https://tinhocngoisao.com/products/card-man-hinh-unika-blizzard-1050-4g,10/05/2026 12:10:08
Tin Học Ngôi Sao,"Card màn hình AMD Radeon RX 6900 XT ASUS TUF Gaming OC | 16GB GDDR6, 5120 SP, 850W",20990000,20990000,https://tinhocngoisao.com/products/vga-radeon-rx6900xt-16g-gddr6-asus-tuf-gaming-oc-tuf-rx6900xt-o16g-gaming,10/05/2026 12:10:08
Tin Học Ngôi Sao,Card màn hình MSI RTX 5080 16G VENTUS 3X OC WHITE,37890000,37890000,https://tinhocngoisao.com/products/card-man-hinh-vga-msi-geforce-rtx-5080-16g-ventus-3x-oc-white,10/05/2026 12:10:08
Tin Học Ngôi Sao,"Card màn hình NVIDIA GeForce RTX 5060 Ti PNY EPIC-X RGB OC | 16 GB GDDR7, 4608 CUDA, 600W",17990000,17990000,https://tinhocngoisao.com/products/card-man-hinh-pny-geforce-rtx-5060-ti-16gb-epic-x-rgb-overclocked-triple-fan,10/05/2026 12:10:08
Tin Học Ngôi Sao,"Card màn hình NVIDIA GeForce RTX 5060 Ti Colorful iGame Mini OC 8GB-V | 8GB GDDR7, 4608 CUDA, 1 Fan, Đen",13690000,13690000,https://tinhocngoisao.com/products/card-man-hinh-nvidia-geforce-rtx-5060-ti-colorful-igame-mini-oc-8gb-v-8gb-gddr7-4608-cuda-1-fan-den,10/05/2026 12:10:08
Tin Học Ngôi Sao,"Card màn hình AMD Radeon RX 9060 XT ASRock Steel Legend OC | 16GB GDDR6, 2048 SP, 750W",13690000,13690000,https://tinhocngoisao.com/products/card-man-hinh-asrock-amd-radeon-rx-9060-xt-steel-legend-16gb-oc-rx9060xt-sl-16go,10/05/2026 12:10:08
Tin Học Ngôi Sao,"Card màn hình NVIDIA GeForce RTX 5070 INNO3D TWIN X2 OC WHITE OC | 12GB GDDR7, 6144 CUDA, 650W",18190000,18190000,https://tinhocngoisao.com/products/card-man-hinh-vga-inno3d-geforce-rtx-5070-twin-x2-oc-white,10/05/2026 12:10:08
Tin Học Ngôi Sao,"Card màn hình NVIDIA GeForce RTX 5080 PNY Triple Fan | 16GB GDDR7, 10752 CUDA, 850W",34900000,34900000,https://tinhocngoisao.com/products/card-man-hinh-vga-pny-geforce-rtx-5080-triple-fan,10/05/2026 12:10:08
Tin Học Ngôi Sao,"Card màn hình NVIDIA GeForce RTX 5080 ASUS ROG Astral OC | 16GB GDDR7, 10752 CUDA, 850W",47990000,47990000,https://tinhocngoisao.com/products/card-man-hinh-vga-asus-rog-astral-geforce-rtx-5080-16gb-gddr7-oc-edition,10/05/2026 12:10:08
Tin Học Ngôi Sao,"Card màn hình NVIDIA GeForce RTX 5060 INNO3D TWIN X2 | 8GB GDDR7, 3840 CUDA, 550W",9590000,9590000,https://tinhocngoisao.com/products/card-man-hinh-inno3d-geforce-rtx-5060-twin-x2,10/05/2026 12:10:08
Tin Học Ngôi Sao,"Card màn hình NVIDIA GeForce RTX 5070 Ti Gigabyte WINDFORCE OC SFF OC | 16GB GDDR7, 8960 CUDA, 750W",26490000,26490000,https://tinhocngoisao.com/products/card-man-hinh-vga-gigabyte-geforce-rtx-5070-ti-windforce-oc-sff-16g,10/05/2026 12:10:08
Tin Học Ngôi Sao,"Card màn hình NVIDIA T1000 Quadro T1000 | 4GB GDDR6, 896 CUDA,",8890000,8890000,https://tinhocngoisao.com/products/vga-nvidia-quadro-leadtek-t1000-4g-1fan-gddr6-mdpxa-upc-812674023076,10/05/2026 12:10:08
Tin Học Ngôi Sao,Card màn hình MSI RTX™ 5080 16G INSPIRE 3X OC,38290000,38290000,https://tinhocngoisao.com/products/card-man-hinh-vga-msi-geforce-rtx-5080-16g-inspire-3x-oc,10/05/2026 12:10:08
Tin Học Ngôi Sao,"Card màn hình AMD Radeon RX 9070 XT ASRock Steel Legend | 16GB GDDR6, 4096 SP, 800W",21990000,21990000,https://tinhocngoisao.com/products/card-man-hinh-vga-asrock-amd-radeon-rx-9070-xt-steel-legend-16gb,10/05/2026 12:10:08
Tin Học Ngôi Sao,"Card màn hình NVIDIA RTX A400 Qleadtek Quadro | 4GB GDDR6, 768 CUDA",5590000,5590000,https://tinhocngoisao.com/products/card-man-hinh-nvidia-rtx-a400-qleadtek-quadro-4gb-gddr6-768-cuda,10/05/2026 12:10:08
Tin Học Ngôi Sao,Card màn hình MSI GeForce RTX™ 5060 8G GAMING TRIO OC,11990000,11990000,https://tinhocngoisao.com/products/card-man-hinh-msi-geforce-rtx-5060-8g-gaming-trio-oc,10/05/2026 12:10:08
Tin Học Ngôi Sao,"Card màn hình NVIDIA GeForce RTX 5070 MSI VANGUARD SOC | 12GB GDDR7, 6144 CUDA, 650W",21590000,21590000,https://tinhocngoisao.com/products/card-man-hinh-vga-msi-geforce-rtx-5070-12g-vanguard-soc,10/05/2026 12:10:08
Tin Học Ngôi Sao,"Card màn hình NVIDIA GeForce RTX 5060 Ti MSI VENTUS 2X PLUS OC | 16GB GDDR7, 4608 CUDA, 600W",17190000,17190000,https://tinhocngoisao.com/products/card-man-hinh-msi-geforce-rtx-5060-ti-16g-ventus-2x-oc-plus,10/05/2026 12:10:08
Tin Học Ngôi Sao,"Card màn hình NVIDIA GeForce RTX 5060 INNO3D TWIN X2 OC | 8GB GDDR7, 3840 CUDA, 550W",9590000,9590000,https://tinhocngoisao.com/products/card-man-hinh-vga-inno3d-geforce-rtx-5060-twin-x2-oc,10/05/2026 12:10:08
Tin Học Ngôi Sao,Card màn hình ASUS PRIME RTX™ 5080 16GB GDDR7 OC Edition,37990000,37990000,https://tinhocngoisao.com/products/card-man-hinh-vga-asus-prime-geforce-rtx-5080-16gb-gddr7-oc-edition,10/05/2026 12:10:08
Tin Học Ngôi Sao,"Card màn hình NVIDIA GeForce RTX 5070 Gigabyte WINDFORCE SFF | 12GB GDDR7, 6144 CUDA, 750W",17090000,17090000,https://tinhocngoisao.com/products/card-man-hinh-vga-gigabyte-geforce-rtx-5070-windforce-sff-12g-1,10/05/2026 12:10:08
Tin Học Ngôi Sao,"Card màn hình NVIDIA GeForce RTX 5060 Gigabyte WINDFORCE | 8GB GDDR7, 3840 CUDA, 450W",9190000,9190000,https://tinhocngoisao.com/products/card-man-hinh-gigabyte-geforce-rtx-5060-windforce-8g-gv-n5060wf2-8gd,10/05/2026 12:10:08
Tin Học Ngôi Sao,"Card màn hình AMD Radeon RX 9070 XT ASRock Taichi OC | 16GB GDDR6, 4096 SP, 850W",22590000,22590000,https://tinhocngoisao.com/products/card-man-hinh-asrock-amd-radeon-rx-9070-xt-taichi-16gb-oc,10/05/2026 12:10:08
Tin Học Ngôi Sao,"Card màn hình NVIDIA GeForce RTX 5060 Ti Colorful iGame Ultra W OC | 8GB GDDR7, 4608 CUDA, 600W",13890000,13890000,https://tinhocngoisao.com/products/card-man-hinh-colorful-igame-geforce-rtx-5060-ti-ultra-w-oc-8gb-v,10/05/2026 12:10:08
Tin Học Ngôi Sao,"Card màn hình NVIDIA GeForce RTX 5060 Ti MSI INSPIRE 2X OC | 8GB GDDR7, 4608 CUDA, 550W",13390000,13390000,https://tinhocngoisao.com/products/card-man-hinh-msi-geforce-rtx-5060-ti-8g-inspire-2x-oc,10/05/2026 12:10:08
Tin Học Ngôi Sao,"Card màn hình AMD Radeon RX 9070 Gigabyte RX 9070 Gaming OC | 16GB GDDR6, 5384 SP, 750W",19290000,19290000,https://tinhocngoisao.com/products/card-man-hinh-vga-gigabyte-radeon-rx-9070-gaming-oc-16gb-gddr6,10/05/2026 12:10:08
Tin Học Ngôi Sao,"Card màn hình NVIDIA GeForce RTX 5060 Ti Colorful iGame Ultra W DUO OC | 8GB GDDR7, 4608 CUDA, 600W",12790000,12790000,https://tinhocngoisao.com/products/card-man-hinh-colorful-igame-geforce-rtx-5060-ti-ultra-w-duo-oc-8gb-v,10/05/2026 12:10:08
Tin Học Ngôi Sao,"Card màn hình NVIDIA GeForce RTX 4070 Colorful Neptune OC | 12GB GDDR6, 5888 CUDA, 750W",18390000,18390000,https://tinhocngoisao.com/products/card-man-hinh-vga-colorful-igame-geforce-rtx-4070-neptune-oc-v,10/05/2026 12:10:08
Tin Học Ngôi Sao,"Card màn hình NVIDIA GeForce RTX 5070 Ti ZOTAC AMP Extreme INFINITY | 16GB GDDR7, 8960 CUDA, 750W",29990000,29990000,https://tinhocngoisao.com/products/card-man-hinh-vga-zotac-gaming-geforce-rtx-5070-ti-amp-extreme-infinity,10/05/2026 12:10:08
Tin Học Ngôi Sao,"Card màn hình NVIDIA GeForce RTX 5060 Ti ZOTAC Twin Edge | 8GB GDDR7, 4608 CUDA, 600W",11390000,11390000,https://tinhocngoisao.com/products/card-man-hinh-zotac-gaming-geforce-rtx-5060-ti-8gb-twin-edge-oc,10/05/2026 12:10:08
Tin Học Ngôi Sao,Card màn hình GIGABYTE AORUS RX 9070 XT 16G ELITE (GV-R9070XTAORUS E-16GD),22990000,22990000,https://tinhocngoisao.com/products/card-man-hinh-vga-gigabyte-aorus-radeon-rx-9070-xt-elite-gv-r9070xtaorus-e-16gd,10/05/2026 12:10:08
Tin Học Ngôi Sao,"Card màn hình NVIDIA GeForce RTX 5080 ASUS TUF Gaming OC | 16GB GDDR7, 10752 CUDA, 850W",42490000,42490000,https://tinhocngoisao.com/products/card-man-hinh-vga-asus-tuf-gaming-geforce-rtx-5080-16gb-gddr7-oc-edition,10/05/2026 12:10:08
Tin Học Ngôi Sao,"Card màn hình NVIDIA GeForce RTX 5080 ZOTAC AMP Extreme INFINITY | 16GB GDDR7, 10752 CUDA, 850W",38290000,38290000,https://tinhocngoisao.com/products/card-man-hinh-vga-zotac-gaming-geforce-rtx-5080-amp-extreme-infinity-1,10/05/2026 12:10:08
Tin Học Ngôi Sao,"Card màn hình NVIDIA GeForce GTX 1050 Ti Unika Blizzard | 4GB GDDR5, 768 CUDA, 300W",3290000,3290000,https://tinhocngoisao.com/products/card-man-hinh-unika-blizzard-1050ti-4g,10/05/2026 12:10:08
Tin Học Ngôi Sao,"Card màn hình NVIDIA GeForce RTX 4060 MSI Ventus 2X Black OC | 8GB GDDR6, 3072 CUDA, 550W",8490000,8490000,https://tinhocngoisao.com/products/card-man-hinh-vga-msi-geforce-rtx-4060-ventus-2x-black-8gb-oc,10/05/2026 12:10:08
Tin Học Ngôi Sao,"Card màn hình NVIDIA GeForce RTX 4060 Colorful DUO | 8GB GDDR6, 3072 CUDA, 550W",8190000,8190000,https://tinhocngoisao.com/products/card-man-hinh-colorful-geforce-rtx-4060-duo-8gb-v3,10/05/2026 12:10:08
Tin Học Ngôi Sao,"Card màn hình NVIDIA GeForce RTX 5070 Ti ASUS TUF OC White Gaming | 16GB GDDR7, White Edition (TUF-RTX5070TI-O16G-WHITE-GAMING)",33290000,33290000,https://tinhocngoisao.com/products/card-man-hinh-nvidia-geforce-rtx-5070-ti-asus-tuf-oc-white-gaming-16gb-gddr7-white-edition-tuf-rtx5070ti-o16g-white-gaming,10/05/2026 12:10:08
Tin Học Ngôi Sao,"Card màn hình NVIDIA GeForce GTX 1660 Super Unika Blizzard | 6GB GDDR6, 1408 CUDA, 450W",4590000,4590000,https://tinhocngoisao.com/products/card-man-hinh-unika-blizzard-1660s-6g,10/05/2026 12:10:08
Tin Học Ngôi Sao,"Card màn hình NVIDIA GeForce RTX 3060 SimorChip (SMCRTX306012GD6) | 12GB GDDR6, 3584 CUDA, PCIe 4.0",8190000,8190000,https://tinhocngoisao.com/products/card-man-hinh-nvidia-geforce-rtx-3060-simorchip-smcrtx306012gd6-12gb-gddr6-3584-cuda-pcie-4-0,10/05/2026 12:10:08
Tin Học Ngôi Sao,"Card màn hình AMD Radeon RX 550 T-WOLF RX 550 | 4GB GDDR5, 512 SP, 350W",1790000,1790000,https://tinhocngoisao.com/products/card-man-hinh-vga-t-wolf-rx-550-4gb-gddr5,10/05/2026 12:10:08
